"Order_ID","Order_Date","Order_Month","Customer","Region","City","Sales_Channel","Product_Category","Product","Quantity","Unit_Price","Revenue","Cost","Profit","Sales_Representative","Status"
"ORD-2025-0001","2025-01-12","2025-01","Fictional Enterprise 014","Central","Riyadh","Enterprise Direct","Analytics","Insight Suite","8","192.5","1540.0","1008.70","531.30","Amina Saleh","Completed"
"ORD-2025-0002","2025-01-23","2025-01","Fictional Enterprise 027","Western","Jeddah","Inside Sales","Data Management","Data Hub","7","255","1785","1231.65","553.35","Omar Haddad","Completed"
"ORD-2025-0003","2025-02-03","2025-02","Fictional Enterprise 040","Eastern","Dammam","Digital","Governance","Control Center","6","187.5","1125.0","815.62","309.38","Lina Nasser","Completed"
"ORD-2025-0004","2025-02-14","2025-02","Fictional Enterprise 053","Northern","Tabuk","Partner","Operations","Process Monitor","5","155","775","589.00","186.00","Yousef Karim","In Progress"
"ORD-2025-0005","2025-02-25","2025-02","Fictional Enterprise 066","Central","Riyadh","Enterprise Direct","Analytics","Insight Suite","4","222.5","890.0","551.80","338.20","Sara Mansour","Completed"
"ORD-2025-0006","2025-03-08","2025-03","Fictional Enterprise 079","Western","Jeddah","Inside Sales","Data Management","Data Hub","3","240","720","471.60","248.40","Fahad Rahman","Completed"
"ORD-2025-0007","2025-03-19","2025-03","Fictional Enterprise 092","Eastern","Dammam","Digital","Governance","Control Center","2","172.5","345.0","238.05","106.95","Amina Saleh","Completed"
"ORD-2025-0008","2025-03-30","2025-03","Fictional Enterprise 105","Northern","Tabuk","Partner","Operations","Process Monitor","1","140","140","101.50","38.50","Omar Haddad","In Progress"
"ORD-2025-0009","2025-04-10","2025-04","Fictional Enterprise 118","Central","Riyadh","Enterprise Direct","Analytics","Insight Suite","8","207.5","1660.0","1261.60","398.40","Lina Nasser","Completed"
"ORD-2025-0010","2025-04-21","2025-04","Fictional Enterprise 131","Western","Jeddah","Inside Sales","Data Management","Data Hub","7","270","1890","1171.80","718.20","Yousef Karim","Completed"
"ORD-2025-0011","2025-05-02","2025-05","Fictional Enterprise 144",,"Dammam","Digital","Governance","Control Center","6","202.5","1215.0","795.82","419.18","Sara Mansour","Completed"
"ORD-2025-0012","2025-05-13","2025-05","Fictional Enterprise 157","Northern","Tabuk","Partner","Operations","Process Monitor","5","125","625","431.25","193.75","Fahad Rahman","In Progress"
"ORD-2025-0013","2025-05-24","2025-05","Fictional Enterprise 010","Central","Riyadh","Enterprise Direct","Analytics","Insight Suite","4","192.5","770.0","558.25","211.75","Amina Saleh","Completed"
"ORD-2025-0014","2025-06-04","2025-06","Fictional Enterprise 023","Western","Jeddah","Inside Sales","Data Management","Data Hub","3","255","765","581.40","183.60","Omar Haddad","Completed"
"ORD-2025-0015","2025-06-15","2025-06","Fictional Enterprise 036","Eastern","Dammam","Digital","Governance","Control Center","2","187.5","375.0","232.50","142.50","Lina Nasser","Completed"
"ORD-2025-0016","2025-06-26","2025-06","Fictional Enterprise 049","Northern","Tabuk","Partner","Operations","Process Monitor","1","155","155","101.52","53.48","Yousef Karim","In Progress"
"ORD-2025-0017","2025-07-07","2025-07","Fictional Enterprise 062","Central","Riyadh","Enterprise Direct","Analytics","Insight Suite","8","222.5","1780.0","1228.20","551.80","Sara Mansour","Completed"
"ORD-2025-0018","2025-07-18","2025-07","Fictional Enterprise 075","Western","Jeddah","Inside Sales","Data Management","Data Hub","7","240","1680","1218.00","462.00","Fahad Rahman","Completed"
"ORD-2025-0019","2025-07-29","2025-07","Fictional Enterprise 088","Eastern","Dammam","Digital","Governance","Control Center","6","172.5","1035.0","786.60","248.40","Amina Saleh","Completed"
"ORD-2025-0020","2025-08-09","2025-08","Fictional Enterprise 101","Northern","Tabuk","Partner","Operations","Process Monitor","5","140","700","434.00","266.00","Omar Haddad","In Progress"
"ORD-2025-0021","2025-08-20","2025-08","Fictional Enterprise 114","Central","Riyadh","Enterprise Direct","Analytics","Insight Suite","4","207.5","830.0","543.65","286.35","Lina Nasser","Completed"
"ORD-2025-0022","2025-08-31","2025-08","Fictional Enterprise 127","Western","Jeddah","Inside Sales","Data Management","Data Hub","3","270","810","558.90","251.10","Yousef Karim","Completed"
"ORD-2025-0023","2025-09-11","2025-09","Fictional Enterprise 140","Eastern","Dammam","Digital","Governance","Control Center","2","202.5","405.0","293.62","111.38","Sara Mansour","Completed"
"ORD-2025-0024","2025-09-22","2025-09","Fictional Enterprise 153","Northern","Tabuk","Partner","Operations","Process Monitor","1","125","125","95.00","30.00","Fahad Rahman","In Progress"
"ORD-2025-0025","2025-10-03","2025-10","Fictional Enterprise 006","Central","Riyadh","Enterprise Direct","Analytics","Insight Suite","8","192.5","1540.0","954.80","585.20","Amina Saleh","Completed"
"ORD-2025-0026","2025-10-14","2025-10","Fictional Enterprise 019","Western","Jeddah","Inside Sales","Data Management","Data Hub","7","255","1785","1169.18","615.82","Omar Haddad","Completed"
"ORD-2025-0027","2025-10-25","2025-10","Fictional Enterprise 032","Eastern","Dammam","Digital","Governance","Control Center","6","187.5","1125.0","776.25","348.75","Lina Nasser","Completed"
"ORD-2025-0028","2025-11-05","2025-11","Fictional Enterprise 045","Northern","Tabuk","Partner","Operations","Process Monitor","5","155","775","561.88","213.12","Yousef Karim","In Progress"
"ORD-2025-0029","2025-11-16","2025-11","Fictional Enterprise 058","Central","Riyadh","Enterprise Direct","Analytics","Insight Suite","4","222.5","890.0","676.40","213.60","Sara Mansour","Completed"
"ORD-2025-0030","2025-11-27","2025-11","Fictional Enterprise 071","Western","Jeddah","Inside Sales","Data Management","Data Hub","3","240","720","446.40","273.60","Fahad Rahman","Completed"
"ORD-2025-0031","2025-12-08","2025-12","Fictional Enterprise 084","Eastern","Dammam","Digital","Governance","Control Center","2","172.5","345.0","225.98","119.02","Amina Saleh","Completed"
"ORD-2025-0032","2025-12-19","2025-12","Fictional Enterprise 097","Northern","Tabuk","Partner","Operations","Process Monitor","1","140","140","96.60","43.40","Omar Haddad","In Progress"
"ORD-2025-0033","2025-12-30","2025-12","Fictional Enterprise 110","Central","Riyadh","Enterprise Direct","Analytics","Insight Suite","8","207.5","1660.0","1203.50","456.50","Lina Nasser","Completed"
"ORD-2025-0034","2025-01-10","2025-01","Fictional Enterprise 123","Western","Jeddah","Inside Sales","Data Management","Data Hub","7","270","1890","1436.40","453.60","Yousef Karim","Completed"
"ORD-2025-0035","2025-01-21","2025-01","Fictional Enterprise 136","Eastern","Dammam","Digital","Governance","Control Center","6","202.5","1215.0","753.30","461.70","Sara Mansour","Completed"
"ORD-2025-0036","2025-02-01","2025-02","Fictional Enterprise 149","Northern","Tabuk","Partner","Operations","Process Monitor","5","125","625","409.38","215.62","Fahad Rahman","In Progress"
"ORD-2025-0037","2025-02-12","2025-02","Fictional Enterprise 002","Central","Riyadh","Enterprise Direct","Analytics","Insight Suite","4","192.5","770.0","531.30","238.70","Amina Saleh","Completed"
"ORD-2025-0038","2025-02-23","2025-02","Fictional Enterprise 015","Western","Jeddah","Inside Sales","Data Management","Data Hub","3","255","765","554.62","210.38","Omar Haddad","Completed"
"ORD-2025-0039","2025-03-06","2025-03","Fictional Enterprise 028","Eastern","Dammam","Digital","Governance","Control Center","2","187.5","375.0","285.00","90.00","Lina Nasser","Completed"
"ORD-2025-0040","2025-03-17","2025-03","Fictional Enterprise 041","Northern","Tabuk","Partner","Operations","Process Monitor","1","155","155","96.10","58.90","Yousef Karim","In Progress"
"ORD-2025-0041","2025-03-28","2025-03","Fictional Enterprise 054","Central","Riyadh","Enterprise Direct","Analytics","Insight Suite","8","222.5","1780.0","1165.90","614.10","Sara Mansour","Completed"
"ORD-2025-0042","2025-04-08","2025-04","Fictional Enterprise 067","Western","Jeddah","Inside Sales","Data Management","Data Hub","7","240","1680","1159.20","520.80","Fahad Rahman","Completed"
"ORD-2025-0043","2025-04-19","2025-04","Fictional Enterprise 080","Eastern","Dammam","Digital","Governance","Control Center","6","172.5","1035.0","750.38","284.62","Amina Saleh","Completed"
"ORD-2025-0044","2025-04-30","2025-04","Fictional Enterprise 093","Northern","Tabuk","Partner","Operations","Process Monitor","5","140","700","532.00","168.00","Omar Haddad","In Progress"
"ORD-2025-0045","2025-05-11","2025-05","Fictional Enterprise 106","Central","Riyadh","Enterprise Direct","Analytics","Insight Suite","4","207.5","830.0","514.60","315.40","Lina Nasser","Completed"
"ORD-2025-0046","2025-05-22","2025-05","Fictional Enterprise 119","Western","Jeddah","Inside Sales","Data Management","Data Hub","3","270","810","530.55","279.45","Yousef Karim","Completed"
"ORD-2025-0047","2025-06-02","2025-06","Fictional Enterprise 132","Eastern","Dammam","Digital","Governance","Control Center","2","202.5","405.0","279.45","125.55","Sara Mansour","Completed"
"ORD-2025-0048","2025-06-13","2025-06","Fictional Enterprise 145","Northern","Tabuk","Partner","Operations","Process Monitor","1","125","125","90.62","34.38","Fahad Rahman","In Progress"
"ORD-2025-0049","2025-06-24","2025-06","Fictional Enterprise 158","Central","Riyadh","Enterprise Direct","Analytics","Insight Suite","8","192.5","1540.0","1170.40","369.60","Amina Saleh","Completed"
"ORD-2025-0050","2025-07-05","2025-07","Fictional Enterprise 011","Western","Jeddah","Inside Sales","Data Management","Data Hub","7","255","1785","1106.70","678.30","Omar Haddad","Completed"
"ORD-2025-0051","2025-07-16","2025-07","Fictional Enterprise 024","eastern","Dammam","Digital","Governance","Control Center","6","187.5","1125.0","736.88","388.12","Lina Nasser","Completed"
"ORD-2025-0052","2025-07-27","2025-07","Fictional Enterprise 037","Northern","Tabuk","Partner","Operations","Process Monitor","5","155","775","534.75","240.25","Yousef Karim","In Progress"
"ORD-2025-0053","2025-08-07","2025-08","Fictional Enterprise 050","Central","Riyadh","Enterprise Direct","Analytics","Insight Suite","4","222.5","890.0","645.25","244.75","Sara Mansour","Completed"
"ORD-2025-0054","2025-08-18","2025-08","Fictional Enterprise 063","Western","Jeddah","Inside Sales","Data Management","Data Hub","3","240","720","547.20","172.80","Fahad Rahman","Completed"
"ORD-2025-0055","2025-08-29","2025-08","Fictional Enterprise 076","Eastern","Dammam","Digital","Governance","Control Center","2","172.5","345.0","213.90","131.10","Amina Saleh","Completed"
"ORD-2025-0056","2025-09-09","2025-09","Fictional Enterprise 089","Northern","Tabuk","Partner","Operations","Process Monitor","1","140","140","91.70","48.30","Omar Haddad","In Progress"
"ORD-2025-0057","2025-09-20","2025-09","Fictional Enterprise 102","Central","Riyadh","Enterprise Direct","Analytics","Insight Suite","8","207.5","1660.0","1145.40","514.60","Lina Nasser","Completed"
"ORD-2025-0058","2025-10-01","2025-10","Fictional Enterprise 115","Western","Jeddah","Inside Sales","Data Management","Data Hub","7","270","1890","1370.25","519.75","Yousef Karim","Completed"
"ORD-2025-0059","2025-10-12","2025-10","Fictional Enterprise 128","Eastern","Dammam","Digital","Governance","Control Center","6","202.5","1215.0","923.40","291.60","Sara Mansour","Completed"
"ORD-2025-0060","2025-10-23","2025-10","Fictional Enterprise 141","Northern","Tabuk","Partner","Operations","Process Monitor","5","125","625","387.50","237.50","Fahad Rahman","In Progress"
"ORD-2025-0061","2025-11-03","2025-11","Fictional Enterprise 154","Central","Riyadh","Enterprise Direct","Analytics","Insight Suite","4","192.5","770.0","504.35","265.65","Amina Saleh","Completed"
"ORD-2025-0062","2025-11-14","2025-11","Fictional Enterprise 007","Western","Jeddah","Inside Sales","Data Management","Data Hub","3","255","765","527.85","237.15","Omar Haddad","Completed"
"ORD-2025-0063","2025-11-25","2025-11","Fictional Enterprise 020","Eastern","Dammam","Digital","Governance","Control Center","2","187.5","375.0","271.88","103.12","Lina Nasser","Completed"
"ORD-2025-0064","2025-12-06","2025-12","Fictional Enterprise 033","Northern","Tabuk","Partner","Operations","Process Monitor","1","155","155","117.80","37.20","Yousef Karim","In Progress"
"ORD-2025-0065","2025-12-17","2025-12","Fictional Enterprise 046","Central","Riyadh","Enterprise Direct","Analytics","Insight Suite","8","222.5","1780.0","1103.60","676.40","Sara Mansour","Completed"
"ORD-2025-0066","2025-12-28","2025-12","Fictional Enterprise 059","Western","Jeddah","Inside Sales","Data Management","Data Hub","7","240","1680","1100.40","579.60","Fahad Rahman","Completed"
"ORD-2025-0067","2025-01-08","2025-01","Fictional Enterprise 072","Eastern","Dammam","Digital","Governance","Control Center","6","172.5","1035.0","714.15","320.85","Amina Saleh","Completed"
"ORD-2025-0068","2025-01-19","2025-01","Fictional Enterprise 085","Northern","Tabuk","Partner","Operations","Process Monitor","5","140","700","507.50","192.50","Omar Haddad","In Progress"
"ORD-2025-0069","2025-01-30","2025-01","Fictional Enterprise 098","Central","Riyadh","Enterprise Direct","Analytics","Insight Suite","4","207.5","830.0","630.80","199.20","Lina Nasser","Completed"
"ORD-2025-0070","2025-02-10","2025-02","Fictional Enterprise 111","Western","Jeddah","Inside Sales","Data Management","Data Hub","3","270","810","502.20","307.80","Yousef Karim","Completed"
"ORD-2025-0071","2025-02-21","2025-02","Fictional Enterprise 124","Eastern","Dammam","Digital","Governance","Control Center","2","202.5","405.0","265.28","139.72","Sara Mansour","Completed"
"ORD-2025-0072","2025-03-04","2025-03","Fictional Enterprise 137","Northern","Tabuk","Partner","Operations","Process Monitor","1","125","125","86.25","38.75","Fahad Rahman","In Progress"
"ORD-2025-0073","2025-03-15","2025-03","Fictional Enterprise 150","Central","Riyadh","Enterprise Direct","Analytics","Insight Suite","8","192.5","1540.0","1116.50","423.50","Amina Saleh","Completed"
"ORD-2025-0074","2025-03-26","2025-03","Fictional Enterprise 003","Western","Jeddah","Inside Sales","Data Management","Data Hub","7","255","1785","1356.60","428.40","Omar Haddad","Completed"
"ORD-2025-0075","2025-04-06","2025-04","Fictional Enterprise 016","Eastern","Dammam","Digital","Governance","Control Center","6","187.5","1125.0","697.50","427.50","Lina Nasser","Completed"
"ORD-2025-0076","2025-04-17","2025-04","Fictional Enterprise 029","Northern","Tabuk","Partner","Operations","Process Monitor","5","155","775","507.62","267.38","Yousef Karim","In Progress"
"ORD-2025-0077","2025-04-28","2025-04","Fictional Enterprise 042","Central","Riyadh","Enterprise Direct","Analytics","Insight Suite","4","222.5","890.0","614.10","275.90","Sara Mansour","Completed"
"ORD-2025-0078","2025-05-09","2025-05","Fictional Enterprise 055","Western","Jeddah","Inside Sales","Data Management","Data Hub","3","240","720","522.00","198.00","Fahad Rahman","Completed"
"ORD-2025-0079","2025-05-20","2025-05","Fictional Enterprise 068","Eastern","Dammam","Digital","Governance","Control Center","2","172.5","345.0","262.20","82.80","Amina Saleh","Completed"
"ORD-2025-0080","2025-05-31","2025-05","Fictional Enterprise 081","Northern","Tabuk","Partner","Operations","Process Monitor","1","140","140","86.80","53.20","Omar Haddad","In Progress"
"ORD-2025-0081","2025-06-11","2025-06","Fictional Enterprise 094","Central","Riyadh","Enterprise Direct","Analytics","Insight Suite","8","207.5","1660.0","1087.30","572.70","Lina Nasser","Completed"
"ORD-2025-0082","2025-06-22","2025-06","Fictional Enterprise 107","Western","Jeddah","Inside Sales","Data Management","Data Hub","7","270","1890","1304.10","585.90","Yousef Karim","Completed"
"ORD-2025-0083","2025-07-03","2025-07","Fictional Enterprise 120","Eastern","Dammam","Digital","Governance","Control Center","6","202.5","1215.0","880.88","334.12","Sara Mansour","Completed"
"ORD-2025-0084","2025-07-14","2025-07","Fictional Enterprise 133","Northern","Tabuk","Partner","Operations","Process Monitor","5","125","625","475.00","150.00","Fahad Rahman","In Progress"
"ORD-2025-0085","2025-07-25","2025-07","Fictional Enterprise 146","Central","Riyadh","Enterprise Direct","Analytics","Insight Suite","4","192.5","770.0","477.40","292.60","Amina Saleh","Completed"
"ORD-2025-0086","2025-08-05","2025-08","Fictional Enterprise 159","Western","Jeddah","Inside Sales","Data Management","Data Hub","3","255","765","501.08","263.92","Omar Haddad","Completed"
"ORD-2025-0087","2025-08-16","2025-08","Fictional Enterprise 012","Eastern","Dammam","Digital","Governance","Control Center","2","187.5","375.0","258.75","116.25","Lina Nasser","Completed"
"ORD-2025-0088","2025-08-27","2025-08","Fictional Enterprise 025","Northern","Tabuk","Partner","Operations","Process Monitor","1","155","155","112.38","42.62","Yousef Karim","In Progress"
"ORD-2025-0089","2025-09-07","2025-09","Fictional Enterprise 038","Central","Riyadh","Enterprise Direct","Analytics","Insight Suite","8","222.5","1780.0","1352.80","427.20","Sara Mansour","Completed"
"ORD-2025-0090","2025-09-18","2025-09","Fictional Enterprise 051","Western","Jeddah","Inside Sales","Data Management","Data Hub","7","240","1680","1041.60","638.40","Fahad Rahman","Completed"
"ORD-2025-0091","2025-09-29","2025-09","Fictional Enterprise 064","Eastern","Dammam","Digital","Governance","Control Center","6","172.5","1035.0","677.92","357.08","Amina Saleh","Completed"
"ORD-2025-0092","2025-10-10","2025-10","Fictional Enterprise 077","Northern","Tabuk","Partner","Operations","Process Monitor","5","140","700","483.00","217.00","Omar Haddad","In Progress"
"ORD-2025-0093","2025-10-21","2025-10","Fictional Enterprise 090","Central","Riyadh","Enterprise Direct","Analytics","Insight Suite","4","207.5","830.0","601.75","228.25","Lina Nasser","Completed"
"ORD-2025-0094","2025-11-01","2025-11","Fictional Enterprise 103","Western","Jeddah","Inside Sales","Data Management","Data Hub","3","270","810","615.60","194.40","Yousef Karim","Completed"
"ORD-2025-0095","2025-11-12","2025-11","Fictional Enterprise 116","Eastern","Dammam","Digital","Governance","Control Center","2","202.5","405.0","251.10","153.90","Sara Mansour","Completed"
"ORD-2025-0096","2025-11-23","2025-11","Fictional Enterprise 129","Northern","Tabuk","Partner","Operations","Process Monitor","1","125","125","81.88","43.12","Fahad Rahman","In Progress"
"ORD-2025-0097","2025-12-04","2025-12","Fictional Enterprise 142","Central","Riyadh","Enterprise Direct","Analytics","Insight Suite","8","192.5","1540.0","1062.60","477.40","Amina Saleh","Completed"
"ORD-2025-0098","2025-12-15","2025-12","Fictional Enterprise 155","Western","Jeddah","Inside Sales","Data Management","Data Hub","7","255","1785","1294.12","490.88","Omar Haddad","Completed"
"ORD-2025-0099","2025-12-26","2025-12","Fictional Enterprise 008","Eastern","Dammam","Digital","Governance","Control Center","6","187.5","1125.0","855.00","270.00","Lina Nasser","Completed"
"ORD-2025-0100","2025-01-06","2025-01","Fictional Enterprise 021","Northern","Tabuk","Partner","Operations","Process Monitor","5","155","775","480.50","294.50","Yousef Karim","In Progress"
"ORD-2025-0101","2025-01-17","2025-01","Fictional Enterprise 034","Central","Riyadh","Enterprise Direct",,"Insight Suite","4","222.5","890.0","582.95","307.05","Sara Mansour","Completed"
"ORD-2025-0102","2025-01-28","2025-01","Fictional Enterprise 047","Western","Jeddah","Inside Sales","Data Management","Data Hub","3","240","720","496.80","223.20","Fahad Rahman","Completed"
"ORD-2025-0103","2025-02-08","2025-02","Fictional Enterprise 060","Eastern","Dammam","Digital","Governance","Control Center","2","172.5","345.0","250.12","94.88","Amina Saleh","Completed"
"ORD-2025-0104","2025-02-19","2025-02","Fictional Enterprise 073","Northern","Tabuk","Partner","Operations","Process Monitor","1","140","140","106.40","33.60","Omar Haddad","In Progress"
"ORD-2025-0105","2025-03-02","2025-03","Fictional Enterprise 086","Central","Riyadh","Enterprise Direct","Analytics","Insight Suite","8","207.5","1660.0","1029.20","630.80","Lina Nasser","Completed"
"ORD-2025-0106","2025-03-13","2025-03","Fictional Enterprise 099","Western","Jeddah","Inside Sales","Data Management","Data Hub","7","270","1890","1237.95","652.05","Yousef Karim","Completed"
"ORD-2025-0107","2025-03-24","2025-03","Fictional Enterprise 112","Eastern","Dammam","Digital","Governance","Control Center","6","202.5","1215.0","838.35","376.65","Sara Mansour","Completed"
"ORD-2025-0108","2025-04-04","2025-04","Fictional Enterprise 125","Northern","Tabuk","Partner","Operations","Process Monitor","5","125","625","453.12","171.88","Fahad Rahman","In Progress"
"ORD-2025-0109","2025-04-15","2025-04","Fictional Enterprise 138","Central","Riyadh","Enterprise Direct","Analytics","Insight Suite","4","192.5","770.0","585.20","184.80","Amina Saleh","Completed"
"ORD-2025-0110","2025-04-26","2025-04","Fictional Enterprise 151","Western","Jeddah","Inside Sales","Data Management","Data Hub","3","255","765","474.30","290.70","Omar Haddad","Completed"
"ORD-2025-0111","2025-05-07","2025-05","Fictional Enterprise 004","Eastern","Dammam","Digital","Governance","Control Center","2","187.5","375.0","245.62","129.38","Lina Nasser","Completed"
"ORD-2025-0112","2025-05-18","2025-05","Fictional Enterprise 017","Northern","Tabuk","Partner","Operations","Process Monitor","1","155","155","106.95","48.05","Yousef Karim","In Progress"
"ORD-2025-0113","2025-05-29","2025-05","Fictional Enterprise 030","Central","Riyadh","Enterprise Direct","Analytics","Insight Suite","8","222.5","1780.0","1290.50","489.50","Sara Mansour","Completed"
"ORD-2025-0114","2025-06-09","2025-06","Fictional Enterprise 043","Western","Jeddah","Inside Sales","Data Management","Data Hub","7","240","1680","1276.80","403.20","Fahad Rahman","Completed"
"ORD-2025-0115","2025-06-20","2025-06","Fictional Enterprise 056","Eastern","Dammam","Digital","Governance","Control Center","6","172.5","1035.0","641.70","393.30","Amina Saleh","Completed"
"ORD-2025-0116","2025-07-01","2025-07","Fictional Enterprise 069","Northern","Tabuk","Partner","Operations","Process Monitor","5","140","700","458.50","241.50","Omar Haddad","In Progress"
"ORD-2025-0117","2025-07-12","2025-07","Fictional Enterprise 082","Central","Riyadh","Enterprise Direct","Analytics","Insight Suite","4","207.5","830.0","572.70","257.30","Lina Nasser","Completed"
"ORD-2025-0118","2025-07-23","2025-07","Fictional Enterprise 095","Western","Jeddah","Inside Sales","Data Management","Data Hub","3","270","810","587.25","222.75","Yousef Karim","Completed"
"ORD-2025-0119","2025-08-03","2025-08","Fictional Enterprise 108","Eastern","Dammam","Digital","Governance","Control Center","2","202.5","405.0","307.80","97.20","Sara Mansour","Completed"
"ORD-2025-0120","2025-08-14","2025-08","Fictional Enterprise 121","Northern","Tabuk","Partner","Operations","Process Monitor","1","125","125","77.50","47.50","Fahad Rahman","In Progress"
"ORD-2025-0121","2025-08-25","2025-08","Fictional Enterprise 134","Central","Riyadh","Enterprise Direct","Analytics","Insight Suite","8","192.5","1540.0","1008.70","531.30","Amina Saleh","Completed"
"ORD-2025-0122","2025-09-05","2025-09","Fictional Enterprise 147","Western","Jeddah","Inside Sales","Data Management","Data Hub","7","255","1785","1231.65","553.35","Omar Haddad","Completed"
"ORD-2025-0123","2025-09-16","2025-09","Fictional Enterprise 160","Eastern","Dammam","Digital","Governance","Control Center","6","187.5","1125.0","815.62","309.38","Lina Nasser","Completed"
"ORD-2025-0124","2025-09-27","2025-09","Fictional Enterprise 013","Northern","Tabuk","Partner","Operations","Process Monitor","5","155","775","589.00","186.00","Yousef Karim","In Progress"
"ORD-2025-0125","2025-10-08","2025-10","Fictional Enterprise 026","Central","Riyadh","Enterprise Direct","Analytics","Insight Suite","4","222.5","890.0","551.80","338.20","Sara Mansour","Completed"
"ORD-2025-0126","2025-10-19","2025-10","Fictional Enterprise 039","Western","Jeddah","Inside Sales","Data Management","Data Hub","3","240","720","471.60","248.40","Fahad Rahman","Completed"
"ORD-2025-0127","2025-10-30","2025-10","Fictional Enterprise 052","Eastern","Dammam","Digital","Governance","Control Center","2","172.5","345.0","238.05","106.95","Amina Saleh","Completed"
"ORD-2025-0128","2025-11-10","2025-11","Fictional Enterprise 065","Northern","Tabuk","Partner","Operations","Process Monitor","1","140","140","101.50","38.50","Omar Haddad","In Progress"
"ORD-2025-0129","2025-11-21","2025-11","Fictional Enterprise 078","Central","Riyadh","Enterprise Direct","Analytics","Insight Suite","8","207.5","1660.0","1261.60","398.40","Lina Nasser","Completed"
"ORD-2025-0130","2025-12-02","2025-12","Fictional Enterprise 091","Western","Jeddah","Inside Sales","Data Management","Data Hub","7","270","1890","1171.80","718.20","Yousef Karim","Completed"
"ORD-2025-0131","2025-12-13","2025-12","Fictional Enterprise 104","Eastern","Dammam","Digital","Governance","Control Center","6","202.5","1215.0","795.82","419.18","Sara Mansour","Completed"
"ORD-2025-0132","2025-12-24","2025-12","Fictional Enterprise 117","Northern","Tabuk","Partner","Operations","Process Monitor","5","125","625","431.25","193.75","Fahad Rahman","In Progress"
"ORD-2025-0133","2025-01-04","2025-01","Fictional Enterprise 130","Central","Riyadh","Enterprise Direct","Analytics","Insight Suite","4","192.5","770.0","558.25","211.75","Amina Saleh","Completed"
"ORD-2025-0134","2025-01-15","2025-01","Fictional Enterprise 143","Western","Jeddah","Inside Sales","Data Management","Data Hub","3","255","765","581.40","183.60","Omar Haddad","Completed"
"ORD-2025-0135","2025-01-26","2025-01","Fictional Enterprise 156","Eastern","Dammam","Digital","Governance","Control Center","2","187.5","375.0","232.50","142.50","Lina Nasser","Completed"
"ORD-2025-0136","2025-02-06","2025-02","Fictional Enterprise 009","Northern","Tabuk","Partner","Operations","Process Monitor","1","155","155","101.52","53.48","Yousef Karim","In Progress"
"ORD-2025-0137","2025-02-17","2025-02","Fictional Enterprise 022","Central","Riyadh","Enterprise Direct","Analytics","Insight Suite","8","222.5","1780.0","1228.20","551.80","Sara Mansour","Completed"
"ORD-2025-0138","2025-02-28","2025-02","Fictional Enterprise 035","Western","Jeddah","Inside Sales","Data Management","Data Hub","7","240","1680","1218.00","462.00","Fahad Rahman","Completed"
"ORD-2025-0139","2025-03-11","2025-03","Fictional Enterprise 048","Eastern","Dammam","Digital","Governance","Control Center","6","172.5","1035.0","786.60","248.40","Amina Saleh","Completed"
"ORD-2025-0140","2025-03-22","2025-03","Fictional Enterprise 061","Northern","Tabuk","Partner","Operations","Process Monitor","5","140","700","434.00","266.00","Omar Haddad","In Progress"
"ORD-2025-0141","2025-04-02","2025-04","Fictional Enterprise 074","Central","Riyadh","Enterprise Direct","Analytics","Insight Suite","4","207.5","830.0","543.65","286.35","Lina Nasser","Completed"
"ORD-2025-0142","2025-04-13","2025-04","Fictional Enterprise 087","Western","Jeddah","Inside Sales","Data Management","Data Hub","3","270","810","558.90","251.10","Yousef Karim","Completed"
"ORD-2025-0143","2025-04-24","2025-04","Fictional Enterprise 100","Eastern","Dammam","Digital","Governance","Control Center","2","202.5","405.0","293.62","111.38","Sara Mansour","Completed"
"ORD-2025-0144","2025-05-05","2025-05","Fictional Enterprise 113","Northern","Tabuk","Partner","Operations","Process Monitor","1","125","125","95.00","30.00","Fahad Rahman","In Progress"
"ORD-2025-0145","2025-05-16","2025-05","Fictional Enterprise 126","Central","Riyadh","Enterprise Direct","Analytics","Insight Suite","8","192.5","1540.0","954.80","585.20","Amina Saleh","Completed"
"ORD-2025-0146","2025-05-27","2025-05","Fictional Enterprise 139","Western","Jeddah","Inside Sales","Data Management","Data Hub","7","255","1785","1169.18","615.82","Omar Haddad","Completed"
"ORD-2025-0147","2025-06-07","2025-06","Fictional Enterprise 152","Eastern","Dammam","Digital","Governance","Control Center","6","187.5","1125.0","776.25","348.75","Lina Nasser","Completed"
"ORD-2025-0148","2025-06-18","2025-06","Fictional Enterprise 005","Northern","Tabuk","Partner","Operations","Process Monitor","5","155","775","561.88","213.12","Yousef Karim","In Progress"
"ORD-2025-0149","2025-06-29","2025-06","Fictional Enterprise 018","Central","Riyadh","Enterprise Direct","Analytics","Insight Suite","4","222.5","890.0","676.40","213.60","Sara Mansour","Completed"
"ORD-2025-0150","2025-07-10","2025-07","Fictional Enterprise 031","Western","Jeddah","Inside Sales","Data Management","Data Hub","3","240","720","446.40","273.60","Fahad Rahman","Completed"
"ORD-2025-0151","2025-07-21","2025-07","Fictional Enterprise 044","Eastern","Dammam","Digital","Governance","Control Center","2","172.5","345.0","225.98","119.02","Amina Saleh","Completed"
"ORD-2025-0152","2025-08-01","2025-08","Fictional Enterprise 057","Northern","Tabuk","Partner","Operations","Process Monitor","1","140","140","96.60","43.40","Omar Haddad","In Progress"
"ORD-2025-0153","2025-08-12","2025-08","Fictional Enterprise 070","Central","Riyadh","Enterprise Direct","Analytics","Insight Suite","8","207.5","1660.0","1203.50","456.50","Lina Nasser","Completed"
"ORD-2025-0154","2025-08-23","2025-08","Fictional Enterprise 083","Western","Jeddah","Inside Sales","Data Management","Data Hub","7","270","1890","1436.40","453.60","Yousef Karim","Completed"
"ORD-2025-0155","2025-09-03","2025-09","Fictional Enterprise 096","Eastern","Dammam","Digital","Governance","Control Center","6","202.5","1215.0","753.30","461.70","Sara Mansour","Completed"
"ORD-2025-0156","2025-09-14","2025-09","Fictional Enterprise 109","Northern","Tabuk","Partner","Operations","Process Monitor","5","125","625","409.38","215.62","Fahad Rahman","In Progress"
"ORD-2025-0157","2025-09-25","2025-09","Fictional Enterprise 122","Central","Riyadh","Enterprise Direct","Analytics","Insight Suite","4","192.5","770.0","531.30","238.70","Amina Saleh","Completed"
"ORD-2025-0158","2025-10-06","2025-10","Fictional Enterprise 135","Western","Jeddah","Inside Sales","Data Management","Data Hub","3","255","765","554.62","210.38","Omar Haddad","Completed"
"ORD-2025-0159","2025-10-17","2025-10","Fictional Enterprise 148","Eastern","Dammam","Digital","Governance","Control Center","2","187.5","375.0","285.00","90.00","Lina Nasser","Completed"
"ORD-2025-0160","2025-10-28","2025-10","Fictional Enterprise 001","Northern","Tabuk","Partner","Operations","Process Monitor","1","155","155","96.10","58.90","Yousef Karim","In Progress"
"ORD-2025-0161","2025-11-08","2025-11","Fictional Enterprise 014","Central","Riyadh","Enterprise Direct","Analytics","Insight Suite","8","222.5","1780.0","1165.90","614.10","Sara Mansour","Completed"
"ORD-2025-0162","2025-11-19","2025-11","Fictional Enterprise 027","Western","Jeddah","Inside Sales","Data Management","Data Hub","7","240","1680","1159.20","520.80","Fahad Rahman","Completed"
"ORD-2025-0163","2025-11-30","2025-11","Fictional Enterprise 040","Eastern","Dammam","Digital","Governance","Control Center","6","172.5","1035.0","750.38","284.62","Amina Saleh","Completed"
"ORD-2025-0164","2025-12-11","2025-12","Fictional Enterprise 053","Northern","Tabuk","Partner","Operations","Process Monitor","5","140","700","532.00","168.00","Omar Haddad","In Progress"
"ORD-2025-0165","2025-12-22","2025-12","Fictional Enterprise 066","Central","Riyadh","Enterprise Direct","Analytics","Insight Suite","4","207.5","830.0","514.60","315.40","Lina Nasser","Completed"
"ORD-2025-0166","2025-01-02","2025-01","Fictional Enterprise 079","Western","Jeddah","Inside Sales","Data Management","Data Hub","3","270","810","530.55","279.45","Yousef Karim","Completed"
"ORD-2025-0167","2025-01-13","2025-01","Fictional Enterprise 092","Eastern","Dammam","Digital","Governance","Control Center","2","202.5","405.0","279.45","125.55","Sara Mansour","Completed"
"ORD-2025-0168","2025-01-24","2025-01","Fictional Enterprise 105","Northern","Tabuk","Partner","Operations","Process Monitor","1","125","125","90.62","34.38","Fahad Rahman","In Progress"
"ORD-2025-0169","2025-02-04","2025-02","Fictional Enterprise 118","Central","Riyadh","Enterprise Direct","Analytics","Insight Suite","8","192.5","1540.0","1170.40","369.60","Amina Saleh","Completed"
"ORD-2025-0170","2025-02-15","2025-02","Fictional Enterprise 131","Western","Jeddah","Inside Sales","Data Management","Data Hub","7","255","1785","1106.70","678.30","Omar Haddad","Completed"
"ORD-2025-0171","2025-02-26","2025-02","Fictional Enterprise 144","Eastern","Dammam","Digital","Governance","Control Center","6","187.5","1125.0","736.88","388.12","Lina Nasser","Completed"
"ORD-2025-0172","2025-03-09","2025-03","Fictional Enterprise 157","Northern","Tabuk","Partner","Operations","Process Monitor","5","155","775","534.75","240.25","Yousef Karim","In Progress"
"ORD-2025-0173","2025-03-20","2025-03","Fictional Enterprise 010","Central","Riyadh","Enterprise Direct","Analytics","Insight Suite","4","222.5","890.0","645.25","244.75","Sara Mansour","Completed"
"ORD-2025-0174","2025-03-31","2025-03","Fictional Enterprise 023","Western","Jeddah","Inside Sales","Data Management","Data Hub","3","240","720","547.20","172.80","Fahad Rahman","Completed"
"ORD-2025-0175","2025-04-11","2025-04","Fictional Enterprise 036","Eastern","Dammam","Digital","Governance","Control Center","2","172.5","345.0","213.90","131.10","Amina Saleh","Completed"
"ORD-2025-0176","2025-04-22","2025-04","Fictional Enterprise 049","Northern","Tabuk","Partner","Operations","Process Monitor","1","140","140","91.70","48.30","Omar Haddad","In Progress"
"ORD-2025-0177","2025-05-03","2025-05","Fictional Enterprise 062","Central","Riyadh","Enterprise Direct","Analytics","Insight Suite","8","207.5","1660.0","1145.40","514.60","Lina Nasser","Completed"
"ORD-2025-0178","2025-05-14","2025-05","Fictional Enterprise 075","Western","Jeddah","Inside Sales","Data Management","Data Hub","7","270","1890","1370.25","519.75","Yousef Karim","Completed"
"ORD-2025-0179","2025-05-25","2025-05","Fictional Enterprise 088","Eastern","Dammam","Digital","Governance","Control Center","6","202.5","1215.0","923.40","291.60","Sara Mansour","Completed"
"ORD-2025-0180","2025-06-05","2025-06","Fictional Enterprise 101","Northern","Tabuk","Partner","Operations","Process Monitor","5","125","625","387.50","237.50","Fahad Rahman","In Progress"
"ORD-2025-0181","2025-06-16","2025-06","Fictional Enterprise 114","Central","Riyadh","Enterprise Direct","Analytics","Insight Suite","4","192.5","770.0","504.35","265.65","Amina Saleh","Completed"
"ORD-2025-0182","2025-06-27","2025-06","Fictional Enterprise 127","Western","Jeddah","Inside Sales","Data Management","Data Hub","3","255","765","527.85","237.15","Omar Haddad","Completed"
"ORD-2025-0183","2025-07-08","2025-07","Fictional Enterprise 140","Eastern","Dammam","Digital","Governance","Control Center","2","187.5","375.0","271.88","103.12","Lina Nasser","Completed"
"ORD-2025-0184","2025-07-19","2025-07","Fictional Enterprise 153","Northern","Tabuk","Partner","Operations","Process Monitor","1","155","155","117.80","37.20","Yousef Karim","In Progress"
"ORD-2025-0185","2025-07-30","2025-07","Fictional Enterprise 006","Central","Riyadh","Enterprise Direct","Analytics","Insight Suite","8","222.5","1780.0","1103.60","676.40","Sara Mansour","Completed"
"ORD-2025-0186","2025-08-10","2025-08","Fictional Enterprise 019","Western","Jeddah","Inside Sales","Data Management","Data Hub","7","240","1680","1100.40","579.60","Fahad Rahman","Completed"
"ORD-2025-0187","2025-08-21","2025-08","Fictional Enterprise 032","Eastern","Dammam","Digital","Governance","Control Center","6","172.5","1035.0","714.15","320.85","Amina Saleh","Completed"
"ORD-2025-0188","2025-09-01","2025-09","Fictional Enterprise 045","Northern","Tabuk","Partner","Operations","Process Monitor","5","140","700","507.50","192.50","Omar Haddad","In Progress"
"ORD-2025-0189","2025-09-12","2025-09","Fictional Enterprise 058","Central","Riyadh","Enterprise Direct","Analytics","Insight Suite","4","207.5","830.0","630.80","199.20","Lina Nasser","Completed"
"ORD-2025-0190","2025-09-23","2025-09","Fictional Enterprise 071","Western","Jeddah","Inside Sales","Data Management","Data Hub","3","270","810","502.20","307.80","Yousef Karim","Completed"
"ORD-2025-0191","2025-10-04","2025-10","Fictional Enterprise 084","Eastern","Dammam","Digital","Governance","Control Center","2","202.5","405.0","265.28","139.72","Sara Mansour","Completed"
"ORD-2025-0192","2025-10-15","2025-10","Fictional Enterprise 097","Northern","Tabuk","Partner","Operations","Process Monitor","1","125","125","86.25","38.75","Fahad Rahman","In Progress"
"ORD-2025-0193","2025-10-26","2025-10","Fictional Enterprise 110","Central","Riyadh","Enterprise Direct","Analytics","Insight Suite","8","192.5","1540.0","1116.50","423.50","Amina Saleh","Completed"
"ORD-2025-0194","2025-11-06","2025-11","Fictional Enterprise 123","Western","Jeddah","Inside Sales","Data Management","Data Hub","7","255","1785","1356.60","428.40","Omar Haddad","Completed"
"ORD-2025-0195","2025-11-17","2025-11","Fictional Enterprise 136","Eastern","Dammam","Digital","Governance","Control Center","6","187.5","1125.0","697.50","427.50","Lina Nasser","Completed"
"ORD-2025-0196","2025-11-28","2025-11","Fictional Enterprise 149","Northern","Tabuk","Partner","Operations","Process Monitor","5","155","775","507.62","267.38","Yousef Karim","In Progress"
"ORD-2025-0197","2025-12-09","2025-12","Fictional Enterprise 002","Central","Riyadh","Enterprise Direct","Analytics","Insight Suite","4","222.5","890.0","614.10","275.90","Sara Mansour","Completed"
"ORD-2025-0198","2025-12-20","2025-12","Fictional Enterprise 015","Western","Jeddah","Inside Sales","Data Management","Data Hub","3","240","720","522.00","198.00","Fahad Rahman","Completed"
"ORD-2025-0199","2025-12-31","2025-12","Fictional Enterprise 028","Eastern","Dammam","Digital","Governance","Control Center","2","172.5","345.0","262.20","82.80","Amina Saleh","Completed"
"ORD-2025-0200","2025-01-11","2025-01","Fictional Enterprise 041","Northern","Tabuk","Partner","Operations","Process Monitor","1","140","140","86.80","53.20","Omar Haddad","In Progress"
"ORD-2025-0201","2025-01-22","2025-01","Fictional Enterprise 054","Central","Riyadh","Enterprise Direct","Analytics","Insight Suite","8","207.5","1660.0","1087.30","572.70","Lina Nasser","Completed"
"ORD-2025-0202","2025-02-02","2025-02","Fictional Enterprise 067","Western","Jeddah","Inside Sales","Data Management","Data Hub","7","270","1890","1304.10","585.90","Yousef Karim","Completed"
"ORD-2025-0203","2025-02-13","2025-02","Fictional Enterprise 080","Eastern","Dammam","Digital","Governance","Control Center","6","202.5","1215.0","880.88","334.12","Sara Mansour","Completed"
"ORD-2025-0204","2025-02-24","2025-02","Fictional Enterprise 093","Northern","Tabuk","Partner","Operations","Process Monitor","5","125","625","475.00","150.00","Fahad Rahman","In Progress"
"ORD-2025-0205","2025-03-07","2025-03","Fictional Enterprise 106","Central","Riyadh","Enterprise Direct","Analytics","Insight Suite","4","192.5","770.0","477.40","292.60","Amina Saleh","Completed"
"ORD-2025-0206","2025-03-18","2025-03","Fictional Enterprise 119","Western","Jeddah","Inside Sales","Data Management","Data Hub","3","255","765","501.08","263.92","Omar Haddad","Completed"
"ORD-2025-0207","2025-03-29","2025-03","Fictional Enterprise 132","Eastern","Dammam","Digital","Governance","Control Center","2","187.5","375.0","258.75","116.25","Lina Nasser","Completed"
"ORD-2025-0208","2025-04-09","2025-04","Fictional Enterprise 145","Northern","Tabuk","Partner","Operations","Process Monitor","1","155","155","112.38","42.62","Yousef Karim","In Progress"
"ORD-2025-0209","2025-04-20","2025-04","Fictional Enterprise 158","Central","Riyadh","Enterprise Direct","Analytics","Insight Suite","8","222.5","1780.0","1352.80","427.20","Sara Mansour","Completed"
"ORD-2025-0210","2025-05-01","2025-05","Fictional Enterprise 011","Western","Jeddah","Inside Sales","Data Management","Data Hub","7","240","1680","1041.60","638.40","Fahad Rahman","Completed"
"ORD-2025-0211","2025-05-12","2025-05","Fictional Enterprise 024",,"Dammam","Digital","Governance","Control Center","6","172.5","1035.0","677.92","357.08","Amina Saleh","Completed"
"ORD-2025-0212","2025-05-23","2025-05","Fictional Enterprise 037","Northern","Tabuk","Partner","Operations","Process Monitor","5","140","700","483.00","217.00","Omar Haddad","In Progress"
"ORD-2025-0213","2025-06-03","2025-06","Fictional Enterprise 050","Central","Riyadh","Enterprise Direct","Analytics","Insight Suite","4","207.5","830.0","601.75","228.25","Lina Nasser","Completed"
"ORD-2025-0214","2025-06-14","2025-06","Fictional Enterprise 063","Western","Jeddah","Inside Sales","Data Management","Data Hub","3","270","810","615.60","194.40","Yousef Karim","Completed"
"ORD-2025-0215","2025-06-25","2025-06","Fictional Enterprise 076","Eastern","Dammam","Digital","Governance","Control Center","2","202.5","405.0","251.10","153.90","Sara Mansour","Completed"
"ORD-2025-0216","2025-07-06","2025-07","Fictional Enterprise 089","Northern","Tabuk","Partner","Operations","Process Monitor","1","125","125","81.88","43.12","Fahad Rahman","In Progress"
"ORD-2025-0217","2025-07-17","2025-07","Fictional Enterprise 102","Central","Riyadh","Enterprise Direct","Analytics","Insight Suite","8","192.5","1540.0","1062.60","477.40","Amina Saleh","Completed"
"ORD-2025-0218","2025-07-28","2025-07","Fictional Enterprise 115","Western","Jeddah","Inside Sales","Data Management","Data Hub","7","255","1785","1294.12","490.88","Omar Haddad","Completed"
"ORD-2025-0219","2025-08-08","2025-08","Fictional Enterprise 128","Eastern","Dammam","Digital","Governance","Control Center","6","187.5","1125.0","855.00","270.00","Lina Nasser","Completed"
"ORD-2025-0220","2025-08-19","2025-08","Fictional Enterprise 141","Northern","Tabuk","Partner","Operations","Process Monitor","5","155","775","480.50","294.50","Yousef Karim","In Progress"
"ORD-2025-0221","2025-08-30","2025-08","Fictional Enterprise 154","Central","Riyadh","Enterprise Direct","Analytics","Insight Suite","4","222.5","890.0","582.95","307.05","Sara Mansour","Completed"
"ORD-2025-0222","2025-09-10","2025-09","Fictional Enterprise 007","Western","Jeddah","Inside Sales","Data Management","Data Hub","3","240","720","496.80","223.20","Fahad Rahman","Completed"
"ORD-2025-0223","2025-09-21","2025-09","Fictional Enterprise 020","Eastern","Dammam","Digital","Governance","Control Center","2","172.5","345.0","250.12","94.88","Amina Saleh","Completed"
"ORD-2025-0224","2025-10-02","2025-10","Fictional Enterprise 033","Northern","Tabuk","Partner","Operations","Process Monitor","1","140","140","106.40","33.60","Omar Haddad","In Progress"
"ORD-2025-0225","2025-10-13","2025-10","Fictional Enterprise 046","Central","Riyadh","Enterprise Direct","Analytics","Insight Suite","8","207.5","1660.0","1029.20","630.80","Lina Nasser","Completed"
"ORD-2025-0226","2025-10-24","2025-10","Fictional Enterprise 059","Western","Jeddah","Inside Sales","Data Management","Data Hub","7","270","1890","1237.95","652.05","Yousef Karim","Completed"
"ORD-2025-0227","2025-11-04","2025-11","Fictional Enterprise 072","Eastern","Dammam","Digital","Governance","Control Center","6","202.5","1215.0","838.35","376.65","Sara Mansour","Completed"
"ORD-2025-0228","2025-11-15","2025-11","Fictional Enterprise 085","Northern","Tabuk","Partner","Operations","Process Monitor","5","125","625","453.12","171.88","Fahad Rahman","In Progress"
"ORD-2025-0229","2025-11-26","2025-11","Fictional Enterprise 098","Central","Riyadh","Enterprise Direct","Analytics","Insight Suite","4","192.5","770.0","585.20","184.80","Amina Saleh","Completed"
"ORD-2025-0230","2025-12-07","2025-12","Fictional Enterprise 111","Western","Jeddah","Inside Sales","Data Management","Data Hub","3","255","765","474.30","290.70","Omar Haddad","Completed"
"ORD-2025-0231","2025-12-18","2025-12","Fictional Enterprise 124","Eastern","Dammam","Digital","Governance","Control Center","2","187.5","375.0","245.62","129.38","Lina Nasser","Completed"
"ORD-2025-0232","2025-12-29","2025-12","Fictional Enterprise 137","Northern","Tabuk","Partner","Operations","Process Monitor","1","155","155","106.95","48.05","Yousef Karim","In Progress"
"ORD-2025-0233","2025-01-09","2025-01","Fictional Enterprise 150","Central","Riyadh","Enterprise Direct","Analytics","Insight Suite","8","222.5","1780.0","1290.50","489.50","Sara Mansour","Completed"
"ORD-2025-0234","2025-01-20","2025-01","Fictional Enterprise 003","Western","Jeddah","Inside Sales","Data Management","Data Hub","7","240","1680","1276.80","403.20","Fahad Rahman","Completed"
"ORD-2025-0235","2025-01-31","2025-01","Fictional Enterprise 016","Eastern","Dammam","Digital","Governance","Control Center","6","172.5","1035.0","641.70","393.30","Amina Saleh","Completed"
"ORD-2025-0236","2025-02-11","2025-02","Fictional Enterprise 029","Northern","Tabuk","Partner","Operations","Process Monitor","5","140","700","458.50","241.50","Omar Haddad","In Progress"
"ORD-2025-0237","2025-02-22","2025-02","Fictional Enterprise 042","Central","Riyadh","Enterprise Direct","Analytics","Insight Suite","4","207.5","830.0","572.70","257.30","Lina Nasser","Completed"
"ORD-2025-0238","2025-03-05","2025-03","Fictional Enterprise 055","Western","Jeddah","Inside Sales","Data Management","Data Hub","3","270","810","587.25","222.75","Yousef Karim","Completed"
"ORD-2025-0239","2025-03-16","2025-03","Fictional Enterprise 068","Eastern","Dammam","Digital","Governance","Control Center","2","202.5","405.0","307.80","97.20","Sara Mansour","Completed"
"ORD-2025-0240","2025-03-27","2025-03","Fictional Enterprise 081","Northern","Tabuk","Partner","Operations","Process Monitor","1","125","125","77.50","47.50","Fahad Rahman","In Progress"
"ORD-2025-0241","2025-04-07","2025-04","Fictional Enterprise 094","Central","Riyadh","Enterprise Direct","Analytics","Insight Suite","8","192.5","1540.0","1008.70","531.30","Amina Saleh","Completed"
"ORD-2025-0242","2025-04-18","2025-04","Fictional Enterprise 107","Western","Jeddah","Inside Sales","Data Management","Data Hub","7","255","1785","1231.65","553.35","Omar Haddad","Completed"
"ORD-2025-0243","2025-04-29","2025-04","Fictional Enterprise 120","Eastern","Dammam","Digital","Governance","Control Center","6","187.5","1125.0","815.62","309.38","Lina Nasser","Completed"
"ORD-2025-0244","2025-05-10","2025-05","Fictional Enterprise 133","Northern","Tabuk","Partner","Operations","Process Monitor","5","155","775","589.00","186.00","Yousef Karim","In Progress"
"ORD-2025-0245","2025-05-21","2025-05","Fictional Enterprise 146","Central","Riyadh","Enterprise Direct","Analytics","Insight Suite","4","222.5","890.0","551.80","338.20","Sara Mansour","Completed"
"ORD-2025-0246","2025-06-01","2025-06","Fictional Enterprise 159","Western","Jeddah","Inside Sales","Data Management","Data Hub","3","240","720","471.60","248.40","Fahad Rahman","Completed"
"ORD-2025-0247","2025-06-12","2025-06","Fictional Enterprise 012","Eastern","Dammam","Digital","Governance","Control Center","2","172.5","345.0","238.05","106.95","Amina Saleh","Completed"
"ORD-2025-0248","2025-06-23","2025-06","Fictional Enterprise 025","Northern","Tabuk","Partner","Operations","Process Monitor","1","140","140","101.50","38.50","Omar Haddad","In Progress"
"ORD-2025-0249","2025-07-04","2025-07","Fictional Enterprise 038","Central","Riyadh","Enterprise Direct","Analytics","Insight Suite","8","207.5","1660.0","1261.60","398.40","Lina Nasser","Completed"
"ORD-2025-0250","2025-07-15","2025-07","Fictional Enterprise 051","Western","Jeddah","Inside Sales","Data Management","Data Hub","7","270","1890","1171.80","718.20","Yousef Karim","Completed"
"ORD-2025-0251","2025-07-26","2025-07","Fictional Enterprise 064","eastern","Dammam","Digital","Governance","Control Center","6","202.5","1215.0","795.82","419.18","Sara Mansour","Completed"
"ORD-2025-0252","2025-08-06","2025-08","Fictional Enterprise 077","Northern","Tabuk","Partner","Operations","Process Monitor","5","125","625","431.25","193.75","Fahad Rahman","In Progress"
"ORD-2025-0253","2025-08-17","2025-08","Fictional Enterprise 090","Central","Riyadh","Enterprise Direct","Analytics","Insight Suite","4","192.5","770.0","558.25","211.75","Amina Saleh","Completed"
"ORD-2025-0254","2025-08-28","2025-08","Fictional Enterprise 103","Western","Jeddah","Inside Sales","Data Management","Data Hub","3","255","765","581.40","183.60","Omar Haddad","Completed"
"ORD-2025-0255","2025-09-08","2025-09","Fictional Enterprise 116","Eastern","Dammam","Digital","Governance","Control Center","2","187.5","375.0","232.50","142.50","Lina Nasser","Completed"
"ORD-2025-0256","2025-09-19","2025-09","Fictional Enterprise 129","Northern","Tabuk","Partner","Operations","Process Monitor","1","155","155","101.52","53.48","Yousef Karim","In Progress"
"ORD-2025-0257","2025-09-30","2025-09","Fictional Enterprise 142","Central","Riyadh","Enterprise Direct","Analytics","Insight Suite","8","222.5","1780.0","1228.20","551.80","Sara Mansour","Completed"
"ORD-2025-0258","2025-10-11","2025-10","Fictional Enterprise 155","Western","Jeddah","Inside Sales","Data Management","Data Hub","7","240","1680","1218.00","462.00","Fahad Rahman","Completed"
"ORD-2025-0259","2025-10-22","2025-10","Fictional Enterprise 008","Eastern","Dammam","Digital","Governance","Control Center","6","172.5","1035.0","786.60","248.40","Amina Saleh","Completed"
"ORD-2025-0260","2025-11-02","2025-11","Fictional Enterprise 021","Northern","Tabuk","Partner","Operations","Process Monitor","5","140","700","434.00","266.00","Omar Haddad","In Progress"
"ORD-2025-0261","2025-11-13","2025-11","Fictional Enterprise 034","Central","Riyadh","Enterprise Direct","Analytics","Insight Suite","4","207.5","830.0","543.65","286.35","Lina Nasser","Completed"
"ORD-2025-0262","2025-11-24","2025-11","Fictional Enterprise 047","Western","Jeddah","Inside Sales","Data Management","Data Hub","3","270","810","558.90","251.10","Yousef Karim","Completed"
"ORD-2025-0263","2025-12-05","2025-12","Fictional Enterprise 060","Eastern","Dammam","Digital","Governance","Control Center","2","202.5","405.0","293.62","111.38","Sara Mansour","Completed"
"ORD-2025-0264","2025-12-16","2025-12","Fictional Enterprise 073","Northern","Tabuk","Partner","Operations","Process Monitor","1","125","125","95.00","30.00","Fahad Rahman","In Progress"
"ORD-2025-0265","2025-12-27","2025-12","Fictional Enterprise 086","Central","Riyadh","Enterprise Direct","Analytics","Insight Suite","8","192.5","1540.0","954.80","585.20","Amina Saleh","Completed"
"ORD-2025-0266","2025-01-07","2025-01","Fictional Enterprise 099","Western","Jeddah","Inside Sales","Data Management","Data Hub","7","255","1785","1169.18","615.82","Omar Haddad","Completed"
"ORD-2025-0267","2025-01-18","2025-01","Fictional Enterprise 112","Eastern","Dammam","Digital","Governance","Control Center","6","187.5","1125.0","776.25","348.75","Lina Nasser","Completed"
"ORD-2025-0268","2025-01-29","2025-01","Fictional Enterprise 125","Northern","Tabuk","Partner","Operations","Process Monitor","5","155","775","561.88","213.12","Yousef Karim","In Progress"
"ORD-2025-0269","2025-02-09","2025-02","Fictional Enterprise 138","Central","Riyadh","Enterprise Direct","Analytics","Insight Suite","4","222.5","890.0","676.40","213.60","Sara Mansour","Completed"
"ORD-2025-0270","2025-02-20","2025-02","Fictional Enterprise 151","Western","Jeddah","Inside Sales","Data Management","Data Hub","3","240","720","446.40","273.60","Fahad Rahman","Completed"
"ORD-2025-0271","2025-03-03","2025-03","Fictional Enterprise 004","Eastern","Dammam","Digital","Governance","Control Center","2","172.5","345.0","225.98","119.02","Amina Saleh","Completed"
"ORD-2025-0272","2025-03-14","2025-03","Fictional Enterprise 017","Northern","Tabuk","Partner","Operations","Process Monitor","1","140","140","96.60","43.40","Omar Haddad","In Progress"
"ORD-2025-0273","2025-03-25","2025-03","Fictional Enterprise 030","Central","Riyadh","Enterprise Direct","Analytics","Insight Suite","8","207.5","1660.0","1203.50","456.50","Lina Nasser","Completed"
"ORD-2025-0274","2025-04-05","2025-04","Fictional Enterprise 043","Western","Jeddah","Inside Sales","Data Management","Data Hub","7","270","1890","1436.40","453.60","Yousef Karim","Completed"
"ORD-2025-0275","2025-04-16","2025-04","Fictional Enterprise 056","Eastern","Dammam","Digital","Governance","Control Center","6","202.5","1215.0","753.30","461.70","Sara Mansour","Completed"
"ORD-2025-0276","2025-04-27","2025-04","Fictional Enterprise 069","Northern","Tabuk","Partner","Operations","Process Monitor","5","125","625","409.38","215.62","Fahad Rahman","In Progress"
"ORD-2025-0277","2025-05-08","2025-05","Fictional Enterprise 082","Central","Riyadh","Enterprise Direct","Analytics","Insight Suite","4","192.5","770.0","531.30","238.70","Amina Saleh","Completed"
"ORD-2025-0278","2025-05-19","2025-05","Fictional Enterprise 095","Western","Jeddah","Inside Sales","Data Management","Data Hub","3","255","765","554.62","210.38","Omar Haddad","Completed"
"ORD-2025-0279","2025-05-30","2025-05","Fictional Enterprise 108","Eastern","Dammam","Digital","Governance","Control Center","2","187.5","375.0","285.00","90.00","Lina Nasser","Completed"
"ORD-2025-0280","2025-06-10","2025-06","Fictional Enterprise 121","Northern","Tabuk","Partner","Operations","Process Monitor","1","155","155","96.10","58.90","Yousef Karim","In Progress"
"ORD-2025-0281","2025-06-21","2025-06","Fictional Enterprise 134","Central","Riyadh","Enterprise Direct","Analytics","Insight Suite","8","222.5","1780.0","1165.90","614.10","Sara Mansour","Completed"
"ORD-2025-0282","2025-07-02","2025-07","Fictional Enterprise 147","Western","Jeddah","Inside Sales","Data Management","Data Hub","7","240","1680","1159.20","520.80","Fahad Rahman","Completed"
"ORD-2025-0283","2025-07-13","2025-07","Fictional Enterprise 160","Eastern","Dammam","Digital","Governance","Control Center","6","172.5","1035.0","750.38","284.62","Amina Saleh","Completed"
"ORD-2025-0284","2025-07-24","2025-07","Fictional Enterprise 013","Northern","Tabuk","Partner","Operations","Process Monitor","5","140","700","532.00","168.00","Omar Haddad","In Progress"
"ORD-2025-0285","2025-08-04","2025-08","Fictional Enterprise 026","Central","Riyadh","Enterprise Direct","Analytics","Insight Suite","4","207.5","830.0","514.60","315.40","Lina Nasser","Completed"
"ORD-2025-0286","2025-08-15","2025-08","Fictional Enterprise 039","Western","Jeddah","Inside Sales","Data Management","Data Hub","3","270","810","530.55","279.45","Yousef Karim","Completed"
"ORD-2025-0287","2025-08-26","2025-08","Fictional Enterprise 052","Eastern","Dammam","Digital","Governance","Control Center","2","202.5","405.0","279.45","125.55","Sara Mansour","Completed"
"ORD-2025-0288","2025-09-06","2025-09","Fictional Enterprise 065","Northern","Tabuk","Partner","Operations","Process Monitor","1","125","125","90.62","34.38","Fahad Rahman","In Progress"
"ORD-2025-0289","2025-09-17","2025-09","Fictional Enterprise 078","Central","Riyadh","Enterprise Direct","Analytics","Insight Suite","8","192.5","1540.0","1170.40","369.60","Amina Saleh","Completed"
"ORD-2025-0290","2025-09-28","2025-09","Fictional Enterprise 091","Western","Jeddah","Inside Sales","Data Management","Data Hub","7","255","1785","1106.70","678.30","Omar Haddad","Completed"
"ORD-2025-0291","2025-10-09","2025-10","Fictional Enterprise 104","Eastern","Dammam","Digital","Governance","Control Center","6","187.5","1125.0","736.88","388.12","Lina Nasser","Completed"
"ORD-2025-0292","2025-10-20","2025-10","Fictional Enterprise 117","Northern","Tabuk","Partner","Operations","Process Monitor","5","155","775","534.75","240.25","Yousef Karim","In Progress"
"ORD-2025-0293","2025-10-31","2025-10","Fictional Enterprise 130","Central","Riyadh","Enterprise Direct","Analytics","Insight Suite","4","222.5","890.0","645.25","244.75","Sara Mansour","Completed"
"ORD-2025-0294","2025-11-11","2025-11","Fictional Enterprise 143","Western","Jeddah","Inside Sales","Data Management","Data Hub","3","240","720","547.20","172.80","Fahad Rahman","Completed"
"ORD-2025-0295","2025-11-22","2025-11","Fictional Enterprise 156","Eastern","Dammam","Digital","Governance","Control Center","2","172.5","345.0","213.90","131.10","Amina Saleh","Completed"
"ORD-2025-0296","2025-12-03","2025-12","Fictional Enterprise 009","Northern","Tabuk","Partner","Operations","Process Monitor","1","140","140","91.70","48.30","Omar Haddad","In Progress"
"ORD-2025-0297","2025-12-14","2025-12","Fictional Enterprise 022","Central","Riyadh","Enterprise Direct","Analytics","Insight Suite","8","207.5","1660.0","1145.40","514.60","Lina Nasser","Completed"
"ORD-2025-0298","2025-12-25","2025-12","Fictional Enterprise 035","Western","Jeddah","Inside Sales","Data Management","Data Hub","7","270","1890","1370.25","519.75","Yousef Karim","Completed"
"ORD-2025-0299","2025-01-05","2025-01","Fictional Enterprise 048","Eastern","Dammam","Digital","Governance","Control Center","6","202.5","1215.0","923.40","291.60","Sara Mansour","Completed"
"ORD-2025-0300","2025-01-16","2025-01","Fictional Enterprise 061","Northern","Tabuk","Partner","Operations","Process Monitor","5","125","625","387.50","237.50","Fahad Rahman","In Progress"
,"2025-01-27","2025-01","Fictional Enterprise 074","Central","Riyadh","Enterprise Direct","Analytics","Insight Suite","4","192.5","770.0","504.35","265.65","Amina Saleh","Completed"
"ORD-2025-0302","2025-02-07","2025-02","Fictional Enterprise 087","Western","Jeddah","Inside Sales","Data Management","Data Hub","3","255","765","527.85","237.15","Omar Haddad","Completed"
"ORD-2025-0303","2025-02-18","2025-02","Fictional Enterprise 100","Eastern","Dammam","Digital","Governance","Control Center","2","187.5","375.0","271.88","103.12","Lina Nasser","Completed"
"ORD-2025-0304","2025-03-01","2025-03","Fictional Enterprise 113","Northern","Tabuk","Partner","Operations","Process Monitor","1","155","155","117.80","37.20","Yousef Karim","In Progress"
"ORD-2025-0305","2025-03-12","2025-03","Fictional Enterprise 126","Central","Riyadh","Enterprise Direct","Analytics","Insight Suite","8","222.5","1780.0","1103.60","676.40","Sara Mansour","Completed"
"ORD-2025-0306","2025-03-23","2025-03","Fictional Enterprise 139","Western","Jeddah","Inside Sales","Data Management","Data Hub","7","240","1680","1100.40","579.60","Fahad Rahman","Completed"
"ORD-2025-0307","2025-04-03","2025-04","Fictional Enterprise 152","Eastern","Dammam","Digital","Governance","Control Center","6","172.5","1035.0","714.15","320.85","Amina Saleh","Completed"
"ORD-2025-0308","2025-04-14","2025-04","Fictional Enterprise 005","Northern","Tabuk","Partner","Operations","Process Monitor","5","140","700","507.50","192.50","Omar Haddad","In Progress"
"ORD-2025-0309","2025-04-25","2025-04","Fictional Enterprise 018","Central","Riyadh","Enterprise Direct","Analytics","Insight Suite","4","207.5","830.0","630.80","199.20","Lina Nasser","Completed"
"ORD-2025-0310","2025-05-06","2025-05","Fictional Enterprise 031","Western","Jeddah","Inside Sales","Data Management","Data Hub","3","270","810","502.20","307.80","Yousef Karim","Completed"
"ORD-2025-0311","2025-05-17","2025-05","Fictional Enterprise 044","Eastern","Dammam","Digital","Governance","Control Center","2","202.5","405.0","265.28","139.72","Sara Mansour","Completed"
"ORD-2025-0312","2025-05-28","2025-05","Fictional Enterprise 057","Northern","Tabuk","Partner","Operations","Process Monitor","1","125","125","86.25","38.75","Fahad Rahman","In Progress"
"ORD-2025-0313","2025-06-08","2025-06","Fictional Enterprise 070","Central","Riyadh","Enterprise Direct","Analytics","Insight Suite","8","192.5","1540.0","1116.50","423.50","Amina Saleh","Completed"
"ORD-2025-0314","2025-06-19","2025-06","Fictional Enterprise 083","Western","Jeddah","Inside Sales","Data Management","Data Hub","7","255","1785","1356.60","428.40","Omar Haddad","Completed"
"ORD-2025-0315","2025-06-30","2025-06","Fictional Enterprise 096","Eastern","Dammam","Digital","Governance","Control Center","6","187.5","1125.0","697.50","427.50","Lina Nasser","Completed"
"ORD-2025-0316","2025-07-11","2025-07","Fictional Enterprise 109","Northern","Tabuk","Partner","Operations","Process Monitor","5","155","775","507.62","267.38","Yousef Karim","In Progress"
"ORD-2025-0317","2025-07-22","2025-07","Fictional Enterprise 122","Central","Riyadh","Enterprise Direct","Analytics","Insight Suite","4","222.5","890.0","614.10","275.90","Sara Mansour","Completed"
"ORD-2025-0318","2025-08-02","2025-08","Fictional Enterprise 135","Western","Jeddah","Inside Sales","Data Management","Data Hub","3","240","720","522.00","198.00","Fahad Rahman","Completed"
"ORD-2025-0319","2025-08-13","2025-08","Fictional Enterprise 148","Eastern","Dammam","Digital","Governance","Control Center","2","172.5","345.0","262.20","82.80","Amina Saleh","Completed"
"ORD-2025-0320","2025-08-24","2025-08","Fictional Enterprise 001","Northern","Tabuk","Partner","Operations","Process Monitor","1","140","140","86.80","53.20","Omar Haddad","In Progress"
"ORD-2025-0321","2025-09-04","2025-09","Fictional Enterprise 014","Central","Riyadh","Enterprise Direct","Analytics","Insight Suite","8","207.5","1660.0","1087.30","572.70","Lina Nasser","Completed"
"ORD-2025-0322","2025-09-15","2025-09","Fictional Enterprise 027","Western","Jeddah","Inside Sales","Data Management","Data Hub","7","270","1890","1304.10","585.90","Yousef Karim","Completed"
"ORD-2025-0323","2025-09-26","2025-09","Fictional Enterprise 040","Eastern","Dammam","Digital","Governance","Control Center","6","202.5","1215.0","880.88","334.12","Sara Mansour","Completed"
"ORD-2025-0324","2025-10-07","2025-10","Fictional Enterprise 053","Northern","Tabuk","Partner","Operations","Process Monitor","5","125","625","475.00","150.00","Fahad Rahman","In Progress"
"ORD-2025-0325","2025-10-18","2025-10","Fictional Enterprise 066","Central","Riyadh","Enterprise Direct","Analytics","Insight Suite","4","192.5","770.0","477.40","292.60","Amina Saleh","Completed"
"ORD-2025-0326","2025-10-29","2025-10","Fictional Enterprise 079","Western","Jeddah","Inside Sales","Data Management","Data Hub","3","255","765","501.08","263.92","Omar Haddad","Completed"
"ORD-2025-0327","2025-11-09","2025-11","Fictional Enterprise 092","Eastern","Dammam","Digital","Governance","Control Center","2","187.5","375.0","258.75","116.25","Lina Nasser","Completed"
"ORD-2025-0328","2025-11-20","2025-11","Fictional Enterprise 105","Northern","Tabuk","Partner","Operations","Process Monitor","1","155","155","112.38","42.62","Yousef Karim","In Progress"
"ORD-2025-0329","2025-12-01","2025-12","Fictional Enterprise 118","Central","Riyadh","Enterprise Direct","Analytics","Insight Suite","8","222.5","1780.0","1352.80","427.20","Sara Mansour","Completed"
"ORD-2025-0330","2025-12-12","2025-12","Fictional Enterprise 131","Western","Jeddah","Inside Sales","Data Management","Data Hub","7","240","1680","1041.60","638.40","Fahad Rahman","Completed"
"ORD-2025-0331","2025-12-23","2025-12","Fictional Enterprise 144","Eastern","Dammam","Digital","Governance","Control Center","6","172.5","1035.0","677.92","357.08","Amina Saleh","Completed"
"ORD-2025-0332","2025-01-03","2025-01","Fictional Enterprise 157","Northern","Tabuk","Partner","Operations","Process Monitor","5","140","700","483.00","217.00","Omar Haddad","In Progress"
"ORD-2025-0333","2025-01-14","2025-01","Fictional Enterprise 010","Central","Riyadh","Enterprise Direct","Analytics","Insight Suite","4","207.5","830.0","601.75","228.25","Lina Nasser","Completed"
"ORD-2025-0334","2025-01-25","2025-01","Fictional Enterprise 023","Western","Jeddah","Inside Sales","Data Management","Data Hub","3","270","810","615.60","194.40","Yousef Karim","Completed"
"ORD-2025-0335","2025-02-05","2025-02","Fictional Enterprise 036","Eastern","Dammam","Digital","Governance","Control Center","2","202.5","405.0","251.10","153.90","Sara Mansour","Completed"
"ORD-2025-0336","2025-02-16","2025-02","Fictional Enterprise 049","Northern","Tabuk","Partner","Operations","Process Monitor","1","125","125","81.88","43.12","Fahad Rahman","In Progress"
"ORD-2025-0337","2025-02-27","2025-02","Fictional Enterprise 062","Central","Riyadh","Enterprise Direct","Analytics","Insight Suite","8","192.5","1540.0","1062.60","477.40","Amina Saleh","Completed"
"ORD-2025-0338","2025-03-10","2025-03","Fictional Enterprise 075","Western","Jeddah","Inside Sales","Data Management","Data Hub","7","255","1785","1294.12","490.88","Omar Haddad","Completed"
"ORD-2025-0339","2025-03-21","2025-03","Fictional Enterprise 088","Eastern","Dammam","Digital","Governance","Control Center","6","187.5","1125.0","855.00","270.00","Lina Nasser","Completed"
"ORD-2025-0340","2025-04-01","2025-04","Fictional Enterprise 101","Northern","Tabuk","Partner","Operations","Process Monitor","5","155","775","480.50","294.50","Yousef Karim","In Progress"
"ORD-2025-0341","2025-04-12","2025-04","Fictional Enterprise 114","Central","Riyadh","Enterprise Direct","Analytics","Insight Suite","4","222.5","890.0","582.95","307.05","Sara Mansour","Completed"
"ORD-2025-0342","2025-04-23","2025-04","Fictional Enterprise 127","Western","Jeddah","Inside Sales","Data Management","Data Hub","3","240","720","496.80","223.20","Fahad Rahman","Completed"
"ORD-2025-0343","2025-05-04","2025-05","Fictional Enterprise 140","Eastern","Dammam","Digital","Governance","Control Center","2","172.5","345.0","250.12","94.88","Amina Saleh","Completed"
"ORD-2025-0344","2025-05-15","2025-05","Fictional Enterprise 153","Northern","Tabuk","Partner","Operations","Process Monitor","1","140","140","106.40","33.60","Omar Haddad","In Progress"
"ORD-2025-0345","2025-05-26","2025-05","Fictional Enterprise 006","Central","Riyadh","Enterprise Direct","Analytics","Insight Suite","8","207.5","1660.0","1029.20","630.80","Lina Nasser","Completed"
"ORD-2025-0346","2025-06-06","2025-06","Fictional Enterprise 019","Western","Jeddah","Inside Sales","Data Management","Data Hub","7","270","1890","1237.95","652.05","Yousef Karim","Completed"
"ORD-2025-0347","2025-06-17","2025-06","Fictional Enterprise 032","Eastern","Dammam","Digital","Governance","Control Center","6","202.5","1215.0","838.35","376.65","Sara Mansour","Completed"
"ORD-2025-0348","2025-06-28","2025-06","Fictional Enterprise 045","Northern","Tabuk","Partner","Operations","Process Monitor","5","125","625","453.12","171.88","Fahad Rahman","In Progress"
"ORD-2025-0349","2025-07-09","2025-07","Fictional Enterprise 058","Central","Riyadh","Enterprise Direct","Analytics","Insight Suite","4","192.5","770.0","585.20","184.80","Amina Saleh","Completed"
"ORD-2025-0350","2025-07-20","2025-07","Fictional Enterprise 071","Western","Jeddah","Inside Sales","Data Management","Data Hub","3","255","765","474.30","290.70","Omar Haddad","Completed"
"ORD-2025-0351","2025-07-31","2025-07","Fictional Enterprise 084","Eastern","Dammam","Digital","Governance","Control Center","2","187.5","375.0","245.62","129.38","Lina Nasser","Completed"
"ORD-2025-0352","2025-08-11","2025-08","Fictional Enterprise 097","Northern","Tabuk","Partner","Operations","Process Monitor","1","155","155","106.95","48.05","Yousef Karim","In Progress"
"ORD-2025-0353","2025-08-22","2025-08","Fictional Enterprise 110","Central","Riyadh","Enterprise Direct","Analytics","Insight Suite","8","222.5","1780.0","1290.50","489.50","Sara Mansour","Completed"
"ORD-2025-0354","2025-09-02","2025-09","Fictional Enterprise 123","Western","Jeddah","Inside Sales","Data Management","Data Hub","7","240","1680","1276.80","403.20","Fahad Rahman","Completed"
"ORD-2025-0355","2025-09-13","2025-09","Fictional Enterprise 136","Eastern","Dammam","Digital","Governance","Control Center","6","172.5","1035.0","641.70","393.30","Amina Saleh","Completed"
"ORD-2025-0356","2025-09-24","2025-09","Fictional Enterprise 149","Northern","Tabuk","Partner","Operations","Process Monitor","5","140","700","458.50","241.50","Omar Haddad","In Progress"
"ORD-2025-0357","2025-10-05","2025-10","Fictional Enterprise 002","Central","Riyadh","Enterprise Direct","Analytics","Insight Suite","4","207.5","830.0","572.70","257.30","Lina Nasser","Completed"
"ORD-2025-0358","2025-10-16","2025-10","Fictional Enterprise 015","Western","Jeddah","Inside Sales","Data Management","Data Hub","3","270","810","587.25","222.75","Yousef Karim","Completed"
"ORD-2025-0359","2025-10-27","2025-10","Fictional Enterprise 028","Eastern","Dammam","Digital","Governance","Control Center","2","202.5","405.0","307.80","97.20","Sara Mansour","Completed"
"ORD-2025-0360","2025-11-07","2025-11","Fictional Enterprise 041","Northern","Tabuk","Partner","Operations","Process Monitor","1","125","125","77.50","47.50","Fahad Rahman","In Progress"
"ORD-2025-0361","2025-11-18","2025-11","Fictional Enterprise 054","Central","Riyadh","Enterprise Direct","Analytics","Insight Suite","8","192.5","1540.0","1008.70","531.30","Amina Saleh","Completed"
"ORD-2025-0362","2025-11-29","2025-11","Fictional Enterprise 067","Western","Jeddah","Inside Sales","Data Management","Data Hub","7","255","1785","1231.65","553.35","Omar Haddad","Completed"
"ORD-2025-0363","2025-12-10","2025-12","Fictional Enterprise 080","Eastern","Dammam","Digital","Governance","Control Center","6","187.5","1125.0","815.62","309.38","Lina Nasser","Completed"
"ORD-2025-0364","2025-12-21","2025-12","Fictional Enterprise 093","Northern","Tabuk","Partner","Operations","Process Monitor","5","155","775","589.00","186.00","Yousef Karim","In Progress"
"ORD-2025-0365","2025-01-01","2025-01","Fictional Enterprise 106","Central","Riyadh","Enterprise Direct","Analytics","Insight Suite","4","222.5","890.0","551.80","338.20","Sara Mansour","Completed"
"ORD-2025-0366","2025-01-12","2025-01","Fictional Enterprise 119","Western","Jeddah","Inside Sales","Data Management","Data Hub","3","240","720","471.60","248.40","Fahad Rahman","Completed"
"ORD-2025-0367","2025-01-23","2025-01","Fictional Enterprise 132","Eastern","Dammam","Digital","Governance","Control Center","2","172.5","345.0","238.05","106.95","Amina Saleh","Completed"
"ORD-2025-0368","2025-02-03","2025-02","Fictional Enterprise 145","Northern","Tabuk","Partner","Operations","Process Monitor","1","140","140","101.50","38.50","Omar Haddad","In Progress"
"ORD-2025-0369","2025-02-14","2025-02","Fictional Enterprise 158","Central","Riyadh","Enterprise Direct","Analytics","Insight Suite","8","207.5","1660.0","1261.60","398.40","Lina Nasser","Completed"
"ORD-2025-0370","2025-02-25","2025-02","Fictional Enterprise 011","Western","Jeddah","Inside Sales","Data Management","Data Hub","7","270","1890","1171.80","718.20","Yousef Karim","Completed"
"ORD-2025-0371","2025-03-08","2025-03","Fictional Enterprise 024","Eastern","Dammam","Digital","Governance","Control Center","6","202.5","1215.0","795.82","419.18","Sara Mansour","Completed"
"ORD-2025-0372","2025-03-19","2025-03","Fictional Enterprise 037","Northern","Tabuk","Partner","Operations","Process Monitor","5","125","625","431.25","193.75","Fahad Rahman","In Progress"
"ORD-2025-0373","2025-03-30","2025-03","Fictional Enterprise 050","Central","Riyadh","Enterprise Direct","Analytics","Insight Suite","4","192.5","770.0","558.25","211.75","Amina Saleh","Completed"
"ORD-2025-0374","2025-04-10","2025-04","Fictional Enterprise 063","Western","Jeddah","Inside Sales","Data Management","Data Hub","3","255","765","581.40","183.60","Omar Haddad","Completed"
"ORD-2025-0375","2025-04-21","2025-04","Fictional Enterprise 076","Eastern","Dammam","Digital","Governance","Control Center","2","187.5","375.0","232.50","142.50","Lina Nasser","Completed"
"ORD-2025-0376","2025-05-02","2025-05","Fictional Enterprise 089","Northern","Tabuk","Partner","Operations","Process Monitor","1","155","155","101.52","53.48","Yousef Karim","In Progress"
"ORD-2025-0377","2025-05-13","2025-05","Fictional Enterprise 102","Central","Riyadh","Enterprise Direct","Analytics","Insight Suite","8","222.5","1780.0","1228.20","551.80","Sara Mansour","Completed"
"ORD-2025-0378","2025-05-24","2025-05","Fictional Enterprise 115","Western","Jeddah","Inside Sales","Data Management","Data Hub","7","240","1680","1218.00","462.00","Fahad Rahman","Completed"
"ORD-2025-0379","2025-06-04","2025-06","Fictional Enterprise 128","Eastern","Dammam","Digital","Governance","Control Center","6","172.5","1035.0","786.60","248.40","Amina Saleh","Completed"
"ORD-2025-0380","2025-06-15","2025-06","Fictional Enterprise 141","Northern","Tabuk","Partner","Operations","Process Monitor","5","140","700","434.00","266.00","Omar Haddad","In Progress"
"ORD-2025-0381","2025-06-26","2025-06","Fictional Enterprise 154","Central","Riyadh","Enterprise Direct","Analytics","Insight Suite","4","207.5","830.0","543.65","286.35","Lina Nasser","Completed"
"ORD-2025-0382","2025-07-07","2025-07","Fictional Enterprise 007","Western","Jeddah","Inside Sales","Data Management","Data Hub","3","270","810","558.90","251.10","Yousef Karim","Completed"
"ORD-2025-0383","2025-07-18","2025-07","Fictional Enterprise 020","Eastern","Dammam","Digital","Governance","Control Center","2","202.5","405.0","293.62","111.38","Sara Mansour","Completed"
"ORD-2025-0384","2025-07-29","2025-07","Fictional Enterprise 033","Northern","Tabuk","Partner","Operations","Process Monitor","1","125","125","95.00","30.00","Fahad Rahman","In Progress"
"ORD-2025-0385","2025-08-09","2025-08","Fictional Enterprise 046","Central","Riyadh","Enterprise Direct","Analytics","Insight Suite","8","192.5","1540.0","954.80","585.20","Amina Saleh","Completed"
"ORD-2025-0386","2025-08-20","2025-08","Fictional Enterprise 059","Western","Jeddah","Inside Sales","Data Management","Data Hub","7","255","1785","1169.18","615.82","Omar Haddad","Completed"
"ORD-2025-0387","2025-08-31","2025-08","Fictional Enterprise 072","Eastern","Dammam","Digital","Governance","Control Center","6","187.5","1125.0","776.25","348.75","Lina Nasser","Completed"
"ORD-2025-0388","2025-09-11","2025-09","Fictional Enterprise 085","Northern","Tabuk","Partner","Operations","Process Monitor","5","155","775","561.88","213.12","Yousef Karim","In Progress"
"ORD-2025-0389","2025-09-22","2025-09","Fictional Enterprise 098","Central","Riyadh","Enterprise Direct","Analytics","Insight Suite","4","222.5","890.0","676.40","213.60","Sara Mansour","Completed"
"ORD-2025-0390","2025-10-03","2025-10","Fictional Enterprise 111","Western","Jeddah","Inside Sales","Data Management","Data Hub","3","240","720","446.40","273.60","Fahad Rahman","Completed"
"ORD-2025-0391","2025-10-14","2025-10","Fictional Enterprise 124","Eastern","Dammam","Digital","Governance","Control Center","2","172.5","345.0","225.98","119.02","Amina Saleh","Completed"
"ORD-2025-0392","2025-10-25","2025-10","Fictional Enterprise 137","Northern","Tabuk","Partner","Operations","Process Monitor","1","140","140","96.60","43.40","Omar Haddad","In Progress"
"ORD-2025-0393","2025-11-05","2025-11","Fictional Enterprise 150","Central","Riyadh","Enterprise Direct","Analytics","Insight Suite","8","207.5","1660.0","1203.50","456.50","Lina Nasser","Completed"
"ORD-2025-0394","2025-11-16","2025-11","Fictional Enterprise 003","Western","Jeddah","Inside Sales","Data Management","Data Hub","7","270","1890","1436.40","453.60","Yousef Karim","Completed"
"ORD-2025-0395","2025-11-27","2025-11","Fictional Enterprise 016","Eastern","Dammam","Digital","Governance","Control Center","6","202.5","1215.0","753.30","461.70","Sara Mansour","Completed"
"ORD-2025-0396","2025-12-08","2025-12","Fictional Enterprise 029","Northern","Tabuk","Partner","Operations","Process Monitor","5","125","625","409.38","215.62","Fahad Rahman","In Progress"
"ORD-2025-0397","2025-12-19","2025-12","Fictional Enterprise 042","Central","Riyadh","Enterprise Direct","Analytics","Insight Suite","4","192.5","770.0","531.30","238.70","Amina Saleh","Completed"
"ORD-2025-0398","2025-12-30","2025-12","Fictional Enterprise 055","Western","Jeddah","Inside Sales","Data Management","Data Hub","3","255","765","554.62","210.38","Omar Haddad","Completed"
"ORD-2025-0399","2025-01-10","2025-01","Fictional Enterprise 068","Eastern","Dammam","Digital","Governance","Control Center","2","187.5","375.0","285.00","90.00","Lina Nasser","Completed"
"ORD-2025-0400","2025-01-21","2025-01","Fictional Enterprise 081","Northern","Tabuk","Partner","Operations","Process Monitor","1","155","155","96.10","58.90","Yousef Karim","In Progress"
"ORD-2025-0401","2025-02-01","2025-02","Fictional Enterprise 094","Central","Riyadh","Enterprise Direct","Analytics","Insight Suite","8","222.5","-100","1165.90","-1265.90","Sara Mansour","Completed"
"ORD-2025-0402","2025-02-12","2025-02","Fictional Enterprise 107","Western","Jeddah","Inside Sales","Data Management","Data Hub","7","240","1680","1159.20","520.80","Fahad Rahman","Completed"
"ORD-2025-0403","2025-02-23","2025-02","Fictional Enterprise 120","Eastern","Dammam","Digital","Governance","Control Center","6","172.5","1035.0","750.38","284.62","Amina Saleh","Completed"
"ORD-2025-0404","2025-03-06","2025-03","Fictional Enterprise 133","Northern","Tabuk","Partner","Operations","Process Monitor","5","140","700","532.00","168.00","Omar Haddad","In Progress"
"ORD-2025-0405","2025-03-17","2025-03","Fictional Enterprise 146","Central","Riyadh","Enterprise Direct","Analytics","Insight Suite","4","207.5","830.0","514.60","315.40","Lina Nasser","Completed"
"ORD-2025-0406","2025-03-28","2025-03","Fictional Enterprise 159","Western","Jeddah","Inside Sales","Data Management","Data Hub","3","270","810","530.55","279.45","Yousef Karim","Completed"
"ORD-2025-0407","2025-04-08","2025-04","Fictional Enterprise 012","Eastern","Dammam","Digital","Governance","Control Center","2","202.5","405.0","279.45","125.55","Sara Mansour","Completed"
"ORD-2025-0408","2025-04-19","2025-04","Fictional Enterprise 025","Northern","Tabuk","Partner","Operations","Process Monitor","1","125","125","90.62","34.38","Fahad Rahman","In Progress"
"ORD-2025-0409","2025-04-30","2025-04","Fictional Enterprise 038","Central","Riyadh","Enterprise Direct","Analytics","Insight Suite","8","192.5","1540.0","1170.40","369.60","Amina Saleh","Completed"
"ORD-2025-0410","2025-05-11","2025-05","Fictional Enterprise 051","Western","Jeddah","Inside Sales","Data Management","Data Hub","7","255","1785","1106.70","678.30","Omar Haddad","Completed"
"ORD-2025-0411","2025-05-22","2025-05","Fictional Enterprise 064","Eastern","Dammam","Digital","Governance","Control Center","6","187.5","1125.0","736.88","388.12","Lina Nasser","Completed"
"ORD-2025-0412","2025-06-02","2025-06","Fictional Enterprise 077","Northern","Tabuk","Partner","Operations","Process Monitor","5","155","775","534.75","240.25","Yousef Karim","In Progress"
"ORD-2025-0413","2025-06-13","2025-06","Fictional Enterprise 090","Central","Riyadh","Enterprise Direct","Analytics","Insight Suite","4","222.5","890.0","645.25","244.75","Sara Mansour","Completed"
"ORD-2025-0414","2025-06-24","2025-06","Fictional Enterprise 103","Western","Jeddah","Inside Sales","Data Management","Data Hub","3","240","720","547.20","172.80","Fahad Rahman","Completed"
"ORD-2025-0415","2025-07-05","2025-07","Fictional Enterprise 116","Eastern","Dammam","Digital","Governance","Control Center","2","172.5","345.0","213.90","131.10","Amina Saleh","Completed"
"ORD-2025-0416","2025-07-16","2025-07","Fictional Enterprise 129","Northern","Tabuk","Partner","Operations","Process Monitor","1","140","140","91.70","48.30","Omar Haddad","In Progress"
"ORD-2025-0417","2025-07-27","2025-07","Fictional Enterprise 142","Central","Riyadh","Enterprise Direct","Analytics","Insight Suite","8","207.5","1660.0","1145.40","514.60","Lina Nasser","Completed"
"ORD-2025-0418","2025-08-07","2025-08","Fictional Enterprise 155","Western","Jeddah","Inside Sales","Data Management","Data Hub","7","270","1890","1370.25","519.75","Yousef Karim","Completed"
"ORD-2025-0419","2025-08-18","2025-08","Fictional Enterprise 008","Eastern","Dammam","Digital","Governance","Control Center","6","202.5","1215.0","923.40","291.60","Sara Mansour","Completed"
"ORD-2025-0420","2025-08-29","2025-08","Fictional Enterprise 021","Northern","Tabuk","Partner","Operations","Process Monitor","5","125","625","387.50","237.50","Fahad Rahman","In Progress"
"ORD-2025-0421","2025-09-09","2025-09","Fictional Enterprise 034","Central","Riyadh","Enterprise Direct","Analytics","Insight Suite","4","192.5","770.0","504.35","265.65","Amina Saleh","Completed"
"ORD-2025-0422","2025-09-20","2025-09","Fictional Enterprise 047","Western","Jeddah","Inside Sales","Data Management","Data Hub","3","255","765","527.85","237.15","Omar Haddad","Completed"
"ORD-2025-0423","2025-10-01","2025-10","Fictional Enterprise 060","Eastern","Dammam","Digital","Governance","Control Center","2","187.5","375.0","271.88","103.12","Lina Nasser","Completed"
"ORD-2025-0424","2025-10-12","2025-10","Fictional Enterprise 073","Northern","Tabuk","Partner","Operations","Process Monitor","1","155","155","117.80","37.20","Yousef Karim","In Progress"
"ORD-2025-0425","2025-10-23","2025-10","Fictional Enterprise 086","Central","Riyadh","Enterprise Direct","Analytics","Insight Suite","8","222.5","1780.0","1103.60","676.40","Sara Mansour","Completed"
"ORD-2025-0426","2025-11-03","2025-11","Fictional Enterprise 099","Western","Jeddah","Inside Sales","Data Management","Data Hub","7","240","1680","1100.40","579.60","Fahad Rahman","Completed"
"ORD-2025-0427","2025-11-14","2025-11","Fictional Enterprise 112","Eastern","Dammam","Digital","Governance","Control Center","6","172.5","1035.0","714.15","320.85","Amina Saleh","Completed"
"ORD-2025-0428","2025-11-25","2025-11","Fictional Enterprise 125","Northern","Tabuk","Partner","Operations","Process Monitor","5","140","700","507.50","192.50","Omar Haddad","In Progress"
"ORD-2025-0429","2025-12-06","2025-12","Fictional Enterprise 138","Central","Riyadh","Enterprise Direct","Analytics","Insight Suite","4","207.5","830.0","630.80","199.20","Lina Nasser","Completed"
"ORD-2025-0430","2025-12-17","2025-12","Fictional Enterprise 151","Western","Jeddah","Inside Sales","Data Management","Data Hub","3","270","810","502.20","307.80","Yousef Karim","Completed"
"ORD-2025-0431","2025-12-28","2025-12","Fictional Enterprise 004","Eastern","Dammam","Digital","Governance","Control Center","2","202.5","405.0","265.28","139.72","Sara Mansour","Completed"
"ORD-2025-0432","2025-01-08","2025-01","Fictional Enterprise 017","Northern","Tabuk","Partner","Operations","Process Monitor","1","125","125","86.25","38.75","Fahad Rahman","In Progress"
"ORD-2025-0433","2025-01-19","2025-01","Fictional Enterprise 030","Central","Riyadh","Enterprise Direct","Analytics","Insight Suite","8","192.5","1540.0","1116.50","423.50","Amina Saleh","Completed"
"ORD-2025-0434","2025-01-30","2025-01","Fictional Enterprise 043","Western","Jeddah","Inside Sales","Data Management","Data Hub","7","255","1785","1356.60","428.40","Omar Haddad","Completed"
"ORD-2025-0435","2025-02-10","2025-02","Fictional Enterprise 056","Eastern","Dammam","Digital","Governance","Control Center","6","187.5","1125.0","697.50","427.50","Lina Nasser","Completed"
"ORD-2025-0436","2025-02-21","2025-02","Fictional Enterprise 069","Northern","Tabuk","Partner","Operations","Process Monitor","5","155","775","507.62","267.38","Yousef Karim","In Progress"
"ORD-2025-0437","2025-03-04","2025-03","Fictional Enterprise 082","Central","Riyadh","Enterprise Direct","Analytics","Insight Suite","4","222.5","890.0","614.10","275.90","Sara Mansour","Completed"
"ORD-2025-0438","2025-03-15","2025-03","Fictional Enterprise 095","Western","Jeddah","Inside Sales","Data Management","Data Hub","3","240","720","522.00","198.00","Fahad Rahman","Completed"
"ORD-2025-0439","2025-03-26","2025-03","Fictional Enterprise 108","Eastern","Dammam","Digital","Governance","Control Center","2","172.5","345.0","262.20","82.80","Amina Saleh","Completed"
"ORD-2025-0440","2025-04-06","2025-04","Fictional Enterprise 121","Northern","Tabuk","Partner","Operations","Process Monitor","1","140","140","86.80","53.20","Omar Haddad","In Progress"
"ORD-2025-0441","2025-04-17","2025-04","Fictional Enterprise 134","Central","Riyadh","Enterprise Direct","Analytics","Insight Suite","8","207.5","1660.0","1087.30","572.70","Lina Nasser","Completed"
"ORD-2025-0442","2025-04-28","2025-04","Fictional Enterprise 147","Western","Jeddah","Inside Sales","Data Management","Data Hub","7","270","1890","1304.10","585.90","Yousef Karim","Completed"
"ORD-2025-0443","2025-05-09","2025-05","Fictional Enterprise 160","Eastern","Dammam","Digital","Governance","Control Center","6","202.5","1215.0","880.88","334.12","Sara Mansour","Completed"
"ORD-2025-0444","2025-05-20","2025-05","Fictional Enterprise 013","Northern","Tabuk","Partner","Operations","Process Monitor","5","125","625","475.00","150.00","Fahad Rahman","In Progress"
"ORD-2025-0445","2025-05-31","2025-05","Fictional Enterprise 026","Central","Riyadh","Enterprise Direct","Analytics","Insight Suite","4","192.5","770.0","477.40","292.60","Amina Saleh","Completed"
"ORD-2025-0446","2025-06-11","2025-06","Fictional Enterprise 039","Western","Jeddah","Inside Sales","Data Management","Data Hub","3","255","765","501.08","263.92","Omar Haddad","Completed"
"ORD-2025-0447","2025-06-22","2025-06","Fictional Enterprise 052","Eastern","Dammam","Digital","Governance","Control Center","2","187.5","375.0","258.75","116.25","Lina Nasser","Completed"
"ORD-2025-0448","2025-07-03","2025-07","Fictional Enterprise 065","Northern","Tabuk","Partner","Operations","Process Monitor","1","155","155","112.38","42.62","Yousef Karim","In Progress"
"ORD-2025-0449","2025-07-14","2025-07","Fictional Enterprise 078","Central","Riyadh","Enterprise Direct","Analytics","Insight Suite","8","222.5","1780.0","1352.80","427.20","Sara Mansour","Completed"
"ORD-2025-0450","2025-07-25","2025-07","Fictional Enterprise 091","Western","Jeddah","Inside Sales","Data Management","Data Hub","7","240","1680","1041.60","638.40","Fahad Rahman","Completed"
"ORD-2025-0451","2025-08-05","2025-08","Fictional Enterprise 104","eastern","Dammam","Digital","Governance","Control Center","6","172.5","1035.0","677.92","357.08","Amina Saleh","Completed"
"ORD-2025-0452","2025-08-16","2025-08","Fictional Enterprise 117","Northern","Tabuk","Partner","Operations","Process Monitor","5","140","700","483.00","217.00","Omar Haddad","In Progress"
"ORD-2025-0453","2025-08-27","2025-08","Fictional Enterprise 130","Central","Riyadh","Enterprise Direct","Analytics","Insight Suite","4","207.5","830.0","601.75","228.25","Lina Nasser","Completed"
"ORD-2025-0454","2025-09-07","2025-09","Fictional Enterprise 143","Western","Jeddah","Inside Sales","Data Management","Data Hub","3","270","810","615.60","194.40","Yousef Karim","Completed"
"ORD-2025-0455","2025-09-18","2025-09","Fictional Enterprise 156","Eastern","Dammam","Digital","Governance","Control Center","2","202.5","405.0","251.10","153.90","Sara Mansour","Completed"
"ORD-2025-0456","2025-09-29","2025-09","Fictional Enterprise 009","Northern","Tabuk","Partner","Operations","Process Monitor","1","125","125","81.88","43.12","Fahad Rahman","In Progress"
"ORD-2025-0457","2025-10-10","2025-10","Fictional Enterprise 022","Central","Riyadh","Enterprise Direct","Analytics","Insight Suite","8","192.5","1540.0","1062.60","477.40","Amina Saleh","Completed"
"ORD-2025-0458","2025-10-21","2025-10","Fictional Enterprise 035","Western","Jeddah","Inside Sales","Data Management","Data Hub","7","255","1785","1294.12","490.88","Omar Haddad","Completed"
"ORD-2025-0459","2025-11-01","2025-11","Fictional Enterprise 048","Eastern","Dammam","Digital","Governance","Control Center","6","187.5","1125.0","855.00","270.00","Lina Nasser","Completed"
"ORD-2025-0460","2025-11-12","2025-11","Fictional Enterprise 061","Northern","Tabuk","Partner","Operations","Process Monitor","5","155","775","480.50","294.50","Yousef Karim","In Progress"
"ORD-2025-0461","2025-11-23","2025-11","Fictional Enterprise 074","Central","Riyadh","Enterprise Direct","Analytics","Insight Suite","4","222.5","890.0","582.95","307.05","Sara Mansour","Completed"
"ORD-2025-0462","2025-12-04","2025-12","Fictional Enterprise 087","Western","Jeddah","Inside Sales","Data Management","Data Hub","3","240","720","496.80","223.20","Fahad Rahman","Completed"
"ORD-2025-0463","2025-12-15","2025-12","Fictional Enterprise 100","Eastern","Dammam","Digital","Governance","Control Center","2","172.5","345.0","250.12","94.88","Amina Saleh","Completed"
"ORD-2025-0464","2025-12-26","2025-12","Fictional Enterprise 113","Northern","Tabuk","Partner","Operations","Process Monitor","1","140","140","106.40","33.60","Omar Haddad","In Progress"
"ORD-2025-0465","2025-01-06","2025-01","Fictional Enterprise 126","Central","Riyadh","Enterprise Direct","Analytics","Insight Suite","8","207.5","1660.0","1029.20","630.80","Lina Nasser","Completed"
"ORD-2025-0466","2025-01-17","2025-01","Fictional Enterprise 139","Western","Jeddah","Inside Sales","Data Management","Data Hub","7","270","1890","1237.95","652.05","Yousef Karim","Completed"
"ORD-2025-0467","2025-01-28","2025-01","Fictional Enterprise 152","Eastern","Dammam","Digital","Governance","Control Center","6","202.5","1215.0","838.35","376.65","Sara Mansour","Completed"
"ORD-2025-0468","2025-02-08","2025-02","Fictional Enterprise 005","Northern","Tabuk","Partner","Operations","Process Monitor","5","125","625","453.12","171.88","Fahad Rahman","In Progress"
"ORD-2025-0469","2025-02-19","2025-02","Fictional Enterprise 018","Central","Riyadh","Enterprise Direct","Analytics","Insight Suite","4","192.5","770.0","585.20","184.80","Amina Saleh","Completed"
"ORD-2025-0470","2025-03-02","2025-03","Fictional Enterprise 031","Western","Jeddah","Inside Sales","Data Management","Data Hub","3","255","765","474.30","290.70","Omar Haddad","Completed"
"ORD-2025-0471","2025-03-13","2025-03","Fictional Enterprise 044","Eastern","Dammam","Digital","Governance","Control Center","2","187.5","375.0","245.62","129.38","Lina Nasser","Completed"
"ORD-2025-0472","2025-03-24","2025-03","Fictional Enterprise 057","Northern","Tabuk","Partner","Operations","Process Monitor","1","155","155","106.95","48.05","Yousef Karim","In Progress"
"ORD-2025-0473","2025-04-04","2025-04","Fictional Enterprise 070","Central","Riyadh","Enterprise Direct","Analytics","Insight Suite","8","222.5","1780.0","1290.50","489.50","Sara Mansour","Completed"
"ORD-2025-0474","2025-04-15","2025-04","Fictional Enterprise 083","Western","Jeddah","Inside Sales","Data Management","Data Hub","7","240","1680","1276.80","403.20","Fahad Rahman","Completed"
"ORD-2025-0475","2025-04-26","2025-04","Fictional Enterprise 096","Eastern","Dammam","Digital","Governance","Control Center","6","172.5","1035.0","641.70","393.30","Amina Saleh","Completed"
"ORD-2025-0476","2025-05-07","2025-05","Fictional Enterprise 109","Northern","Tabuk","Partner","Operations","Process Monitor","5","140","700","458.50","241.50","Omar Haddad","In Progress"
"ORD-2025-0477","2025-05-18","2025-05","Fictional Enterprise 122","Central","Riyadh","Enterprise Direct","Analytics","Insight Suite","4","207.5","830.0","572.70","257.30","Lina Nasser","Completed"
"ORD-2025-0478","2025-05-29","2025-05","Fictional Enterprise 135","Western","Jeddah","Inside Sales","Data Management","Data Hub","3","270","810","587.25","222.75","Yousef Karim","Completed"
"ORD-2025-0479","2025-06-09","2025-06","Fictional Enterprise 148","Eastern","Dammam","Digital","Governance","Control Center","2","202.5","405.0","307.80","97.20","Sara Mansour","Completed"
"ORD-2025-0480","2025-06-20","2025-06","Fictional Enterprise 001","Northern","Tabuk","Partner","Operations","Process Monitor","1","125","125","77.50","47.50","Fahad Rahman","In Progress"
"ORD-2025-0481","2025-07-01","2025-07","Fictional Enterprise 014","Central","Riyadh","Enterprise Direct","Analytics","Insight Suite","8","192.5","1540.0","1008.70","531.30","Amina Saleh","Completed"
"ORD-2025-0482","2025-07-12","2025-07","Fictional Enterprise 027","Western","Jeddah","Inside Sales","Data Management","Data Hub","7","255","1785","1231.65","553.35","Omar Haddad","Completed"
"ORD-2025-0483","2025-07-23","2025-07","Fictional Enterprise 040","Eastern","Dammam","Digital","Governance","Control Center","6","187.5","1125.0","815.62","309.38","Lina Nasser","Completed"
"ORD-2025-0484","2025-08-03","2025-08","Fictional Enterprise 053","Northern","Tabuk","Partner","Operations","Process Monitor","5","155","775","589.00","186.00","Yousef Karim","In Progress"
"ORD-2025-0485","2025-08-14","2025-08","Fictional Enterprise 066","Central","Riyadh","Enterprise Direct","Analytics","Insight Suite","4","222.5","890.0","551.80","338.20","Sara Mansour","Completed"
"ORD-2025-0486","2025-08-25","2025-08","Fictional Enterprise 079","Western","Jeddah","Inside Sales","Data Management","Data Hub","3","240","720","471.60","248.40","Fahad Rahman","Completed"
"ORD-2025-0487","2025-09-05","2025-09","Fictional Enterprise 092","Eastern","Dammam","Digital","Governance","Control Center","2","172.5","345.0","238.05","106.95","Amina Saleh","Completed"
"ORD-2025-0488","2025-09-16","2025-09","Fictional Enterprise 105","Northern","Tabuk","Partner","Operations","Process Monitor","1","140","140","101.50","38.50","Omar Haddad","In Progress"
"ORD-2025-0489","2025-09-27","2025-09","Fictional Enterprise 118","Central","Riyadh","Enterprise Direct","Analytics","Insight Suite","8","207.5","1660.0","1261.60","398.40","Lina Nasser","Completed"
"ORD-2025-0490","2025-10-08","2025-10","Fictional Enterprise 131","Western","Jeddah","Inside Sales","Data Management","Data Hub","7","270","1890","1171.80","718.20","Yousef Karim","Completed"
"ORD-2025-0491","2025-10-19","2025-10","Fictional Enterprise 144","Eastern","Dammam","Digital","Governance","Control Center","6","202.5","1215.0","795.82","419.18","Sara Mansour","Completed"
"ORD-2025-0492","2025-10-30","2025-10","Fictional Enterprise 157","Northern","Tabuk","Partner","Operations","Process Monitor","5","125","625","431.25","193.75","Fahad Rahman","In Progress"
"ORD-2025-0493","2025-11-10","2025-11","Fictional Enterprise 010","Central","Riyadh","Enterprise Direct","Analytics","Insight Suite","4","192.5","770.0","558.25","211.75","Amina Saleh","Completed"
"ORD-2025-0494","2025-11-21","2025-11","Fictional Enterprise 023","Western","Jeddah","Inside Sales","Data Management","Data Hub","3","255","765","581.40","183.60","Omar Haddad","Completed"
"ORD-2025-0495","2025-12-02","2025-12","Fictional Enterprise 036","Eastern","Dammam","Digital","Governance","Control Center","2","187.5","375.0","232.50","142.50","Lina Nasser","Completed"
"ORD-2025-0496","2025-12-13","2025-12","Fictional Enterprise 049","Northern","Tabuk","Partner","Operations","Process Monitor","1","155","155","101.52","53.48","Yousef Karim","In Progress"
"ORD-2025-0497","2025-12-24","2025-12","Fictional Enterprise 062","Central","Riyadh","Enterprise Direct","Analytics","Insight Suite","8","222.5","1780.0","1228.20","551.80","Sara Mansour","Completed"
"ORD-2025-0498","2025-01-04","2025-01","Fictional Enterprise 075","Western","Jeddah","Inside Sales","Data Management","Data Hub","7","240","1680","1218.00","462.00","Fahad Rahman","Completed"
"ORD-2025-0499","2025-01-15","2025-01","Fictional Enterprise 088","Eastern","Dammam","Digital","Governance","Control Center","6","172.5","1035.0","786.60","248.40","Amina Saleh","Completed"
"ORD-2025-0500","2025-01-26","2025-01","Fictional Enterprise 101","Northern","Tabuk","Partner","Operations","Process Monitor","5","140","700","434.00","266.00","Omar Haddad","In Progress"
"ORD-2025-0501","2025-02-06","2025-02","Fictional Enterprise 114","Central","Riyadh","Enterprise Direct",,"Insight Suite","4","207.5","830.0","543.65","286.35","Lina Nasser","Completed"
"ORD-2025-0502","2025-02-17","2025-02","Fictional Enterprise 127","Western","Jeddah","Inside Sales","Data Management","Data Hub","3","270","810","558.90","251.10","Yousef Karim","Completed"
"ORD-2025-0503","2025-02-28","2025-02","Fictional Enterprise 140","Eastern","Dammam","Digital","Governance","Control Center","2","202.5","405.0","293.62","111.38","Sara Mansour","Completed"
"ORD-2025-0504","2025-03-11","2025-03","Fictional Enterprise 153","Northern","Tabuk","Partner","Operations","Process Monitor","1","125","125","95.00","30.00","Fahad Rahman","In Progress"
"ORD-2025-0505","2025-03-22","2025-03","Fictional Enterprise 006","Central","Riyadh","Enterprise Direct","Analytics","Insight Suite","8","192.5","1540.0","954.80","585.20","Amina Saleh","Completed"
"ORD-2025-0506","2025-04-02","2025-04","Fictional Enterprise 019","Western","Jeddah","Inside Sales","Data Management","Data Hub","7","255","1785","1169.18","615.82","Omar Haddad","Completed"
"ORD-2025-0507","2025-04-13","2025-04","Fictional Enterprise 032","Eastern","Dammam","Digital","Governance","Control Center","6","187.5","1125.0","776.25","348.75","Lina Nasser","Completed"
"ORD-2025-0508","2025-04-24","2025-04","Fictional Enterprise 045","Northern","Tabuk","Partner","Operations","Process Monitor","5","155","775","561.88","213.12","Yousef Karim","In Progress"
"ORD-2025-0509","2025-05-05","2025-05","Fictional Enterprise 058","Central","Riyadh","Enterprise Direct","Analytics","Insight Suite","4","222.5","890.0","676.40","213.60","Sara Mansour","Completed"
"ORD-2025-0510","2025-05-16","2025-05","Fictional Enterprise 071","Western","Jeddah","Inside Sales","Data Management","Data Hub","3","240","720","446.40","273.60","Fahad Rahman","Completed"
"ORD-2025-0511","2025-05-27","2025-05","Fictional Enterprise 084","Eastern","Dammam","Digital","Governance","Control Center","2","172.5","345.0","225.98","119.02","Amina Saleh","Completed"
"ORD-2025-0512","2025-06-07","2025-06","Fictional Enterprise 097","Northern","Tabuk","Partner","Operations","Process Monitor","1","140","140","96.60","43.40","Omar Haddad","In Progress"
"ORD-2025-0513","2025-06-18","2025-06","Fictional Enterprise 110","Central","Riyadh","Enterprise Direct","Analytics","Insight Suite","8","207.5","1660.0","1203.50","456.50","Lina Nasser","Completed"
"ORD-2025-0514","2025-06-29","2025-06","Fictional Enterprise 123","Western","Jeddah","Inside Sales","Data Management","Data Hub","7","270","1890","1436.40","453.60","Yousef Karim","Completed"
"ORD-2025-0515","2025-07-10","2025-07","Fictional Enterprise 136","Eastern","Dammam","Digital","Governance","Control Center","6","202.5","1215.0","753.30","461.70","Sara Mansour","Completed"
"ORD-2025-0516","2025-07-21","2025-07","Fictional Enterprise 149","Northern","Tabuk","Partner","Operations","Process Monitor","5","125","625","409.38","215.62","Fahad Rahman","In Progress"
"ORD-2025-0517","2025-08-01","2025-08","Fictional Enterprise 002","Central","Riyadh","Enterprise Direct","Analytics","Insight Suite","4","192.5","770.0","531.30","238.70","Amina Saleh","Completed"
"ORD-2025-0518","2025-08-12","2025-08","Fictional Enterprise 015","Western","Jeddah","Inside Sales","Data Management","Data Hub","3","255","765","554.62","210.38","Omar Haddad","Completed"
"ORD-2025-0519","2025-08-23","2025-08","Fictional Enterprise 028","Eastern","Dammam","Digital","Governance","Control Center","2","187.5","375.0","285.00","90.00","Lina Nasser","Completed"
"ORD-2025-0520","2025-09-03","2025-09","Fictional Enterprise 041","Northern","Tabuk","Partner","Operations","Process Monitor","1","155","155","96.10","58.90","Yousef Karim","In Progress"
"ORD-2025-0521","2025-09-14","2025-09","Fictional Enterprise 054","Central","Riyadh","Enterprise Direct","Analytics","Insight Suite","8","222.5","1780.0","1165.90","614.10","Sara Mansour","Completed"
"ORD-2025-0522","2025-09-25","2025-09","Fictional Enterprise 067","Western","Jeddah","Inside Sales","Data Management","Data Hub","7","240","1680","1159.20","520.80","Fahad Rahman","Completed"
"ORD-2025-0523","2025-10-06","2025-10","Fictional Enterprise 080","Eastern","Dammam","Digital","Governance","Control Center","6","172.5","1035.0","750.38","284.62","Amina Saleh","Completed"
"ORD-2025-0524","2025-10-17","2025-10","Fictional Enterprise 093","Northern","Tabuk","Partner","Operations","Process Monitor","5","140","700","532.00","168.00","Omar Haddad","In Progress"
"ORD-2025-0525","2025-10-28","2025-10","Fictional Enterprise 106","Central","Riyadh","Enterprise Direct","Analytics","Insight Suite","4","207.5","830.0","514.60","315.40","Lina Nasser","Completed"
"ORD-2025-0526","2025-11-08","2025-11","Fictional Enterprise 119","Western","Jeddah","Inside Sales","Data Management","Data Hub","3","270","810","530.55","279.45","Yousef Karim","Completed"
"ORD-2025-0527","2025-11-19","2025-11","Fictional Enterprise 132","Eastern","Dammam","Digital","Governance","Control Center","2","202.5","405.0","279.45","125.55","Sara Mansour","Completed"
"ORD-2025-0528","2025-11-30","2025-11","Fictional Enterprise 145","Northern","Tabuk","Partner","Operations","Process Monitor","1","125","125","90.62","34.38","Fahad Rahman","In Progress"
"ORD-2025-0529","2025-12-11","2025-12","Fictional Enterprise 158","Central","Riyadh","Enterprise Direct","Analytics","Insight Suite","8","192.5","1540.0","1170.40","369.60","Amina Saleh","Completed"
"ORD-2025-0530","2025-12-22","2025-12","Fictional Enterprise 011","Western","Jeddah","Inside Sales","Data Management","Data Hub","7","255","1785","1106.70","678.30","Omar Haddad","Completed"
"ORD-2025-0531","2025-01-02","2025-01","Fictional Enterprise 024","Eastern","Dammam","Digital","Governance","Control Center","6","187.5","1125.0","736.88","388.12","Lina Nasser","Completed"
"ORD-2025-0532","2025-01-13","2025-01","Fictional Enterprise 037","Northern","Tabuk","Partner","Operations","Process Monitor","5","155","775","534.75","240.25","Yousef Karim","In Progress"
"ORD-2025-0533","2025-01-24","2025-01","Fictional Enterprise 050","Central","Riyadh","Enterprise Direct","Analytics","Insight Suite","4","222.5","890.0","645.25","244.75","Sara Mansour","Completed"
"ORD-2025-0534","2025-02-04","2025-02","Fictional Enterprise 063","Western","Jeddah","Inside Sales","Data Management","Data Hub","3","240","720","547.20","172.80","Fahad Rahman","Completed"
"ORD-2025-0535","2025-02-15","2025-02","Fictional Enterprise 076","Eastern","Dammam","Digital","Governance","Control Center","2","172.5","345.0","213.90","131.10","Amina Saleh","Completed"
"ORD-2025-0536","2025-02-26","2025-02","Fictional Enterprise 089","Northern","Tabuk","Partner","Operations","Process Monitor","1","140","140","91.70","48.30","Omar Haddad","In Progress"
"ORD-2025-0537","2025-03-09","2025-03","Fictional Enterprise 102","Central","Riyadh","Enterprise Direct","Analytics","Insight Suite","8","207.5","1660.0","1145.40","514.60","Lina Nasser","Completed"
"ORD-2025-0538","2025-03-20","2025-03","Fictional Enterprise 115","Western","Jeddah","Inside Sales","Data Management","Data Hub","7","270","1890","1370.25","519.75","Yousef Karim","Completed"
"ORD-2025-0539","2025-03-31","2025-03","Fictional Enterprise 128","Eastern","Dammam","Digital","Governance","Control Center","6","202.5","1215.0","923.40","291.60","Sara Mansour","Completed"
"ORD-2025-0540","2025-04-11","2025-04","Fictional Enterprise 141","Northern","Tabuk","Partner","Operations","Process Monitor","5","125","625","387.50","237.50","Fahad Rahman","In Progress"
"ORD-2025-0541","2025-04-22","2025-04","Fictional Enterprise 154","Central","Riyadh","Enterprise Direct","Analytics","Insight Suite","4","192.5","770.0","504.35","265.65","Amina Saleh","Completed"
"ORD-2025-0542","2025-05-03","2025-05","Fictional Enterprise 007","Western","Jeddah","Inside Sales","Data Management","Data Hub","3","255","765","527.85","237.15","Omar Haddad","Completed"
"ORD-2025-0543","2025-05-14","2025-05","Fictional Enterprise 020","Eastern","Dammam","Digital","Governance","Control Center","2","187.5","375.0","271.88","103.12","Lina Nasser","Completed"
"ORD-2025-0544","2025-05-25","2025-05","Fictional Enterprise 033","Northern","Tabuk","Partner","Operations","Process Monitor","1","155","155","117.80","37.20","Yousef Karim","In Progress"
"ORD-2025-0545","2025-06-05","2025-06","Fictional Enterprise 046","Central","Riyadh","Enterprise Direct","Analytics","Insight Suite","8","222.5","1780.0","1103.60","676.40","Sara Mansour","Completed"
"ORD-2025-0546","2025-06-16","2025-06","Fictional Enterprise 059","Western","Jeddah","Inside Sales","Data Management","Data Hub","7","240","1680","1100.40","579.60","Fahad Rahman","Completed"
"ORD-2025-0547","2025-06-27","2025-06","Fictional Enterprise 072","Eastern","Dammam","Digital","Governance","Control Center","6","172.5","1035.0","714.15","320.85","Amina Saleh","Completed"
"ORD-2025-0548","2025-07-08","2025-07","Fictional Enterprise 085","Northern","Tabuk","Partner","Operations","Process Monitor","5","140","700","507.50","192.50","Omar Haddad","In Progress"
"ORD-2025-0549","2025-07-19","2025-07","Fictional Enterprise 098","Central","Riyadh","Enterprise Direct","Analytics","Insight Suite","4","207.5","830.0","630.80","199.20","Lina Nasser","Completed"
"ORD-2025-0550","2025-07-30","2025-07","Fictional Enterprise 111","Western","Jeddah","Inside Sales","Data Management","Data Hub","3","270","810","502.20","307.80","Yousef Karim","Completed"
"ORD-2025-0551","2025-08-10","2025-08","Fictional Enterprise 124","Eastern","Dammam","Digital","Governance","Control Center","2","202.5","405.0","265.28","139.72","Sara Mansour","Completed"
"ORD-2025-0552","2025-08-21","2025-08","Fictional Enterprise 137","Northern","Tabuk","Partner","Operations","Process Monitor","1","125","125","86.25","38.75","Fahad Rahman","In Progress"
"ORD-2025-0553","2025-09-01","2025-09","Fictional Enterprise 150","Central","Riyadh","Enterprise Direct","Analytics","Insight Suite","8","192.5","1540.0","1116.50","423.50","Amina Saleh","Completed"
"ORD-2025-0554","2025-09-12","2025-09","Fictional Enterprise 003","Western","Jeddah","Inside Sales","Data Management","Data Hub","7","255","1785","1356.60","428.40","Omar Haddad","Completed"
"ORD-2025-0555","2025-09-23","2025-09","Fictional Enterprise 016","Eastern","Dammam","Digital","Governance","Control Center","6","187.5","1125.0","697.50","427.50","Lina Nasser","Completed"
"ORD-2025-0556","2025-10-04","2025-10","Fictional Enterprise 029","Northern","Tabuk","Partner","Operations","Process Monitor","5","155","775","507.62","267.38","Yousef Karim","In Progress"
"ORD-2025-0557","2025-10-15","2025-10","Fictional Enterprise 042","Central","Riyadh","Enterprise Direct","Analytics","Insight Suite","4","222.5","890.0","614.10","275.90","Sara Mansour","Completed"
"ORD-2025-0558","2025-10-26","2025-10","Fictional Enterprise 055","Western","Jeddah","Inside Sales","Data Management","Data Hub","3","240","720","522.00","198.00","Fahad Rahman","Completed"
"ORD-2025-0559","2025-11-06","2025-11","Fictional Enterprise 068","Eastern","Dammam","Digital","Governance","Control Center","2","172.5","345.0","262.20","82.80","Amina Saleh","Completed"
"ORD-2025-0560","2025-11-17","2025-11","Fictional Enterprise 081","Northern","Tabuk","Partner","Operations","Process Monitor","1","140","140","86.80","53.20","Omar Haddad","In Progress"
"ORD-2025-0561","2025-11-28","2025-11","Fictional Enterprise 094","Central","Riyadh","Enterprise Direct","Analytics","Insight Suite","8","207.5","1660.0","1087.30","572.70","Lina Nasser","Completed"
"ORD-2025-0562","2025-12-09","2025-12","Fictional Enterprise 107","Western","Jeddah","Inside Sales","Data Management","Data Hub","7","270","1890","1304.10","585.90","Yousef Karim","Completed"
"ORD-2025-0563","2025-12-20","2025-12","Fictional Enterprise 120","Eastern","Dammam","Digital","Governance","Control Center","6","202.5","1215.0","880.88","334.12","Sara Mansour","Completed"
"ORD-2025-0564","2025-12-31","2025-12","Fictional Enterprise 133","Northern","Tabuk","Partner","Operations","Process Monitor","5","125","625","475.00","150.00","Fahad Rahman","In Progress"
"ORD-2025-0565","2025-01-11","2025-01","Fictional Enterprise 146","Central","Riyadh","Enterprise Direct","Analytics","Insight Suite","4","192.5","770.0","477.40","292.60","Amina Saleh","Completed"
"ORD-2025-0566","2025-01-22","2025-01","Fictional Enterprise 159","Western","Jeddah","Inside Sales","Data Management","Data Hub","3","255","765","501.08","263.92","Omar Haddad","Completed"
"ORD-2025-0567","2025-02-02","2025-02","Fictional Enterprise 012","Eastern","Dammam","Digital","Governance","Control Center","2","187.5","375.0","258.75","116.25","Lina Nasser","Completed"
"ORD-2025-0568","2025-02-13","2025-02","Fictional Enterprise 025","Northern","Tabuk","Partner","Operations","Process Monitor","1","155","155","112.38","42.62","Yousef Karim","In Progress"
"ORD-2025-0569","2025-02-24","2025-02","Fictional Enterprise 038","Central","Riyadh","Enterprise Direct","Analytics","Insight Suite","8","222.5","1780.0","1352.80","427.20","Sara Mansour","Completed"
"ORD-2025-0570","2025-03-07","2025-03","Fictional Enterprise 051","Western","Jeddah","Inside Sales","Data Management","Data Hub","7","240","1680","1041.60","638.40","Fahad Rahman","Completed"
"ORD-2025-0571","2025-03-18","2025-03","Fictional Enterprise 064","Eastern","Dammam","Digital","Governance","Control Center","6","172.5","1035.0","677.92","357.08","Amina Saleh","Completed"
"ORD-2025-0572","2025-03-29","2025-03","Fictional Enterprise 077","Northern","Tabuk","Partner","Operations","Process Monitor","5","140","700","483.00","217.00","Omar Haddad","In Progress"
"ORD-2025-0573","2025-04-09","2025-04","Fictional Enterprise 090","Central","Riyadh","Enterprise Direct","Analytics","Insight Suite","4","207.5","830.0","601.75","228.25","Lina Nasser","Completed"
"ORD-2025-0574","2025-04-20","2025-04","Fictional Enterprise 103","Western","Jeddah","Inside Sales","Data Management","Data Hub","3","270","810","615.60","194.40","Yousef Karim","Completed"
"ORD-2025-0575","2025-05-01","2025-05","Fictional Enterprise 116","Eastern","Dammam","Digital","Governance","Control Center","2","202.5","405.0","251.10","153.90","Sara Mansour","Completed"
"ORD-2025-0576","2025-05-12","2025-05","Fictional Enterprise 129","Northern","Tabuk","Partner","Operations","Process Monitor","1","125","125","81.88","43.12","Fahad Rahman","In Progress"
"ORD-2025-0577","2025-05-23","2025-05","Fictional Enterprise 142","Central","Riyadh","Enterprise Direct","Analytics","Insight Suite","8","192.5","1540.0","1062.60","477.40","Amina Saleh","Completed"
"ORD-2025-0578","2025-06-03","2025-06","Fictional Enterprise 155","Western","Jeddah","Inside Sales","Data Management","Data Hub","7","255","1785","1294.12","490.88","Omar Haddad","Completed"
"ORD-2025-0579","2025-06-14","2025-06","Fictional Enterprise 008","Eastern","Dammam","Digital","Governance","Control Center","6","187.5","1125.0","855.00","270.00","Lina Nasser","Completed"
"ORD-2025-0580","2025-06-25","2025-06","Fictional Enterprise 021","Northern","Tabuk","Partner","Operations","Process Monitor","5","155","775","480.50","294.50","Yousef Karim","In Progress"
"ORD-2025-0581","2025-07-06","2025-07","Fictional Enterprise 034","Central","Riyadh","Enterprise Direct","Analytics","Insight Suite","4","222.5","890.0","582.95","307.05","Sara Mansour","Completed"
"ORD-2025-0582","2025-07-17","2025-07","Fictional Enterprise 047","Western","Jeddah","Inside Sales","Data Management","Data Hub","3","240","720","496.80","223.20","Fahad Rahman","Completed"
"ORD-2025-0583","2025-07-28","2025-07","Fictional Enterprise 060","Eastern","Dammam","Digital","Governance","Control Center","2","172.5","345.0","250.12","94.88","Amina Saleh","Completed"
"ORD-2025-0584","2025-08-08","2025-08","Fictional Enterprise 073","Northern","Tabuk","Partner","Operations","Process Monitor","1","140","140","106.40","33.60","Omar Haddad","In Progress"
"ORD-2025-0585","2025-08-19","2025-08","Fictional Enterprise 086","Central","Riyadh","Enterprise Direct","Analytics","Insight Suite","8","207.5","1660.0","1029.20","630.80","Lina Nasser","Completed"
"ORD-2025-0586","2025-08-30","2025-08","Fictional Enterprise 099","Western","Jeddah","Inside Sales","Data Management","Data Hub","7","270","1890","1237.95","652.05","Yousef Karim","Completed"
"ORD-2025-0587","2025-09-10","2025-09","Fictional Enterprise 112","Eastern","Dammam","Digital","Governance","Control Center","6","202.5","1215.0","838.35","376.65","Sara Mansour","Completed"
"ORD-2025-0588","2025-09-21","2025-09","Fictional Enterprise 125","Northern","Tabuk","Partner","Operations","Process Monitor","5","125","625","453.12","171.88","Fahad Rahman","In Progress"
"ORD-2025-0589","2025-10-02","2025-10","Fictional Enterprise 138","Central","Riyadh","Enterprise Direct","Analytics","Insight Suite","4","192.5","770.0","585.20","184.80","Amina Saleh","Completed"
"ORD-2025-0590","2025-10-13","2025-10","Fictional Enterprise 151","Western","Jeddah","Inside Sales","Data Management","Data Hub","3","255","765","474.30","290.70","Omar Haddad","Completed"
"ORD-2025-0591","2025-10-24","2025-10","Fictional Enterprise 004","Eastern","Dammam","Digital","Governance","Control Center","2","187.5","375.0","245.62","129.38","Lina Nasser","Completed"
"ORD-2025-0592","2025-11-04","2025-11","Fictional Enterprise 017","Northern","Tabuk","Partner","Operations","Process Monitor","1","155","155","106.95","48.05","Yousef Karim","In Progress"
"ORD-2025-0593","2025-11-15","2025-11","Fictional Enterprise 030","Central","Riyadh","Enterprise Direct","Analytics","Insight Suite","8","222.5","1780.0","1290.50","489.50","Sara Mansour","Completed"
"ORD-2025-0594","2025-11-26","2025-11","Fictional Enterprise 043","Western","Jeddah","Inside Sales","Data Management","Data Hub","7","240","1680","1276.80","403.20","Fahad Rahman","Completed"
"ORD-2025-0595","2025-12-07","2025-12","Fictional Enterprise 056","Eastern","Dammam","Digital","Governance","Control Center","6","172.5","1035.0","641.70","393.30","Amina Saleh","Completed"
"ORD-2025-0596","2025-12-18","2025-12","Fictional Enterprise 069","Northern","Tabuk","Partner","Operations","Process Monitor","5","140","700","458.50","241.50","Omar Haddad","In Progress"
"ORD-2025-0597","2025-12-29","2025-12","Fictional Enterprise 082","Central","Riyadh","Enterprise Direct","Analytics","Insight Suite","4","207.5","830.0","572.70","257.30","Lina Nasser","Completed"
"ORD-2025-0598","2025-01-09","2025-01","Fictional Enterprise 095","Western","Jeddah","Inside Sales","Data Management","Data Hub","3","270","810","587.25","222.75","Yousef Karim","Completed"
"ORD-2025-0599","2025-01-20","2025-01","Fictional Enterprise 108","Eastern","Dammam","Digital","Governance","Control Center","2","202.5","405.0","307.80","97.20","Sara Mansour","Completed"
"ORD-2025-0600","2025-01-31","2025-01","Fictional Enterprise 121","Northern","Tabuk","Partner","Operations","Process Monitor","1","125","125","77.50","47.50","Fahad Rahman","In Progress"
"ORD-2025-0601","2025-02-11","2025-02","Fictional Enterprise 134","Central","Riyadh","Enterprise Direct","Analytics","Insight Suite","8","192.5","1540.0","1008.70","531.30","Amina Saleh","Completed"
"ORD-2025-0602","2025-02-22","2025-02","Fictional Enterprise 147","Western","Jeddah","Inside Sales","Data Management","Data Hub","7","255","1785","1231.65","553.35","Omar Haddad","Completed"
"ORD-2025-0603","2025-03-05","2025-03","Fictional Enterprise 160","Eastern","Dammam","Digital","Governance","Control Center","6","187.5","1125.0","815.62","309.38","Lina Nasser","Completed"
"ORD-2025-0604","2025-03-16","2025-03","Fictional Enterprise 013","Northern","Tabuk","Partner","Operations","Process Monitor","5","155","775","589.00","186.00","Yousef Karim","In Progress"
"ORD-2025-0605","2025-03-27","2025-03","Fictional Enterprise 026","Central","Riyadh","Enterprise Direct","Analytics","Insight Suite","4","222.5","890.0","551.80","338.20","Sara Mansour","Completed"
"ORD-2025-0606","2025-04-07","2025-04","Fictional Enterprise 039","Western","Jeddah","Inside Sales","Data Management","Data Hub","3","240","720","471.60","248.40","Fahad Rahman","Completed"
"ORD-2025-0607","2025-04-18","2025-04","Fictional Enterprise 052","Eastern","Dammam","Digital","Governance","Control Center","2","172.5","345.0","238.05","106.95","Amina Saleh","Completed"
"ORD-2025-0608","2025-04-29","2025-04","Fictional Enterprise 065","Northern","Tabuk","Partner","Operations","Process Monitor","1","140","140","101.50","38.50","Omar Haddad","In Progress"
"ORD-2025-0609","2025-05-10","2025-05","Fictional Enterprise 078","Central","Riyadh","Enterprise Direct","Analytics","Insight Suite","8","207.5","1660.0","1261.60","398.40","Lina Nasser","Completed"
"ORD-2025-0610","2025-05-21","2025-05","Fictional Enterprise 091","Western","Jeddah","Inside Sales","Data Management","Data Hub","7","270","1890","1171.80","718.20","Yousef Karim","Completed"
"ORD-2025-0611","2025-06-01","2025-06","Fictional Enterprise 104","Eastern","Dammam","Digital","Governance","Control Center","6","202.5","1215.0","795.82","419.18","Sara Mansour","Completed"
"ORD-2025-0612","2025-06-12","2025-06","Fictional Enterprise 117","Northern","Tabuk","Partner","Operations","Process Monitor","5","125","625","431.25","193.75","Fahad Rahman","In Progress"
"ORD-2025-0613","2025-06-23","2025-06","Fictional Enterprise 130","Central","Riyadh","Enterprise Direct","Analytics","Insight Suite","4","192.5","770.0","558.25","211.75","Amina Saleh","Completed"
"ORD-2025-0614","2025-07-04","2025-07","Fictional Enterprise 143","Western","Jeddah","Inside Sales","Data Management","Data Hub","3","255","765","581.40","183.60","Omar Haddad","Completed"
"ORD-2025-0615","2025-07-15","2025-07","Fictional Enterprise 156","Eastern","Dammam","Digital","Governance","Control Center","2","187.5","375.0","232.50","142.50","Lina Nasser","Completed"
"ORD-2025-0616","2025-07-26","2025-07","Fictional Enterprise 009","Northern","Tabuk","Partner","Operations","Process Monitor","1","155","155","101.52","53.48","Yousef Karim","In Progress"
"ORD-2025-0617","2025-08-06","2025-08","Fictional Enterprise 022","Central","Riyadh","Enterprise Direct","Analytics","Insight Suite","8","222.5","1780.0","1228.20","551.80","Sara Mansour","Completed"
"ORD-2025-0618","2025-08-17","2025-08","Fictional Enterprise 035","Western","Jeddah","Inside Sales","Data Management","Data Hub","7","240","1680","1218.00","462.00","Fahad Rahman","Completed"
"ORD-2025-0619","2025-08-28","2025-08","Fictional Enterprise 048","Eastern","Dammam","Digital","Governance","Control Center","6","172.5","1035.0","786.60","248.40","Amina Saleh","Completed"
"ORD-2025-0620","2025-09-08","2025-09","Fictional Enterprise 061","Northern","Tabuk","Partner","Operations","Process Monitor","5","140","700","434.00","266.00","Omar Haddad","In Progress"
"ORD-2025-0621","2025-09-19","2025-09","Fictional Enterprise 074","Central","Riyadh","Enterprise Direct","Analytics","Insight Suite","4","207.5","830.0","543.65","286.35","Lina Nasser","Completed"
"ORD-2025-0622","2025-09-30","2025-09","Fictional Enterprise 087","Western","Jeddah","Inside Sales","Data Management","Data Hub","3","270","810","558.90","251.10","Yousef Karim","Completed"
"ORD-2025-0623","2025-10-11","2025-10","Fictional Enterprise 100","Eastern","Dammam","Digital","Governance","Control Center","2","202.5","405.0","293.62","111.38","Sara Mansour","Completed"
"ORD-2025-0624","2025-10-22","2025-10","Fictional Enterprise 113","Northern","Tabuk","Partner","Operations","Process Monitor","1","125","125","95.00","30.00","Fahad Rahman","In Progress"
"ORD-2025-0625","2025-11-02","2025-11","Fictional Enterprise 126","Central","Riyadh","Enterprise Direct","Analytics","Insight Suite","8","192.5","1540.0","954.80","585.20","Amina Saleh","Completed"
"ORD-2025-0626","2025-11-13","2025-11","Fictional Enterprise 139","Western","Jeddah","Inside Sales","Data Management","Data Hub","7","255","1785","1169.18","615.82","Omar Haddad","Completed"
"ORD-2025-0627","2025-11-24","2025-11","Fictional Enterprise 152","Eastern","Dammam","Digital","Governance","Control Center","6","187.5","1125.0","776.25","348.75","Lina Nasser","Completed"
"ORD-2025-0628","2025-12-05","2025-12","Fictional Enterprise 005","Northern","Tabuk","Partner","Operations","Process Monitor","5","155","775","561.88","213.12","Yousef Karim","In Progress"
"ORD-2025-0629","2025-12-16","2025-12","Fictional Enterprise 018","Central","Riyadh","Enterprise Direct","Analytics","Insight Suite","4","222.5","890.0","676.40","213.60","Sara Mansour","Completed"
"ORD-2025-0630","2025-12-27","2025-12","Fictional Enterprise 031","Western","Jeddah","Inside Sales","Data Management","Data Hub","3","240","720","446.40","273.60","Fahad Rahman","Completed"
"ORD-2025-0631","2025-01-07","2025-01","Fictional Enterprise 044","Eastern","Dammam","Digital","Governance","Control Center","2","172.5","345.0","225.98","119.02","Amina Saleh","Completed"
"ORD-2025-0632","2025-01-18","2025-01","Fictional Enterprise 057","Northern","Tabuk","Partner","Operations","Process Monitor","1","140","140","96.60","43.40","Omar Haddad","In Progress"
"ORD-2025-0633","2025-01-29","2025-01","Fictional Enterprise 070","Central","Riyadh","Enterprise Direct","Analytics","Insight Suite","8","207.5","1660.0","1203.50","456.50","Lina Nasser","Completed"
"ORD-2025-0634","2025-02-09","2025-02","Fictional Enterprise 083","Western","Jeddah","Inside Sales","Data Management","Data Hub","7","270","1890","1436.40","453.60","Yousef Karim","Completed"
"ORD-2025-0635","2025-02-20","2025-02","Fictional Enterprise 096","Eastern","Dammam","Digital","Governance","Control Center","6","202.5","1215.0","753.30","461.70","Sara Mansour","Completed"
"ORD-2025-0636","2025-03-03","2025-03","Fictional Enterprise 109","Northern","Tabuk","Partner","Operations","Process Monitor","5","125","625","409.38","215.62","Fahad Rahman","In Progress"
"ORD-2025-0637","2025-03-14","2025-03","Fictional Enterprise 122","Central","Riyadh","Enterprise Direct","Analytics","Insight Suite","4","192.5","770.0","531.30","238.70","Amina Saleh","Completed"
"ORD-2025-0638","2025-03-25","2025-03","Fictional Enterprise 135","Western","Jeddah","Inside Sales","Data Management","Data Hub","3","255","765","554.62","210.38","Omar Haddad","Completed"
"ORD-2025-0639","2025-04-05","2025-04","Fictional Enterprise 148","Eastern","Dammam","Digital","Governance","Control Center","2","187.5","375.0","285.00","90.00","Lina Nasser","Completed"
"ORD-2025-0640","2025-04-16","2025-04","Fictional Enterprise 001","Northern","Tabuk","Partner","Operations","Process Monitor","1","155","155","96.10","58.90","Yousef Karim","In Progress"
"ORD-2025-0641","2025-04-27","2025-04","Fictional Enterprise 014","Central","Riyadh","Enterprise Direct","Analytics","Insight Suite","8","222.5","1780.0","1165.90","614.10","Sara Mansour","Completed"
"ORD-2025-0642","2025-05-08","2025-05","Fictional Enterprise 027","Western","Jeddah","Inside Sales","Data Management","Data Hub","7","240","1680","1159.20","520.80","Fahad Rahman","Completed"
"ORD-2025-0643","2025-05-19","2025-05","Fictional Enterprise 040","Eastern","Dammam","Digital","Governance","Control Center","6","172.5","1035.0","750.38","284.62","Amina Saleh","Completed"
"ORD-2025-0644","2025-05-30","2025-05","Fictional Enterprise 053","Northern","Tabuk","Partner","Operations","Process Monitor","5","140","700","532.00","168.00","Omar Haddad","In Progress"
"ORD-2025-0645","2025-06-10","2025-06","Fictional Enterprise 066","Central","Riyadh","Enterprise Direct","Analytics","Insight Suite","4","207.5","830.0","514.60","315.40","Lina Nasser","Completed"
"ORD-2025-0646","2025-06-21","2025-06","Fictional Enterprise 079","Western","Jeddah","Inside Sales","Data Management","Data Hub","3","270","810","530.55","279.45","Yousef Karim","Completed"
"ORD-2025-0647","2025-07-02","2025-07","Fictional Enterprise 092","Eastern","Dammam","Digital","Governance","Control Center","2","202.5","405.0","279.45","125.55","Sara Mansour","Completed"
"ORD-2025-0648","2025-07-13","2025-07","Fictional Enterprise 105","Northern","Tabuk","Partner","Operations","Process Monitor","1","125","125","90.62","34.38","Fahad Rahman","In Progress"
"ORD-2025-0649","2025-07-24","2025-07","Fictional Enterprise 118","Central","Riyadh","Enterprise Direct","Analytics","Insight Suite","8","192.5","1540.0","1170.40","369.60","Amina Saleh","Completed"
"ORD-2025-0650","2025-08-04","2025-08","Fictional Enterprise 131","Western","Jeddah","Inside Sales","Data Management","Data Hub","7","255","1785","1106.70","678.30","Omar Haddad","Completed"
"ORD-2025-0651","2025-08-15","2025-08","Fictional Enterprise 144","Eastern","Dammam","Digital","Governance","Control Center","6","187.5","1125.0","736.88","388.12","Lina Nasser","Completed"
"ORD-2025-0652","2025-08-26","2025-08","Fictional Enterprise 157","Northern","Tabuk","Partner","Operations","Process Monitor","5","155","775","534.75","240.25","Yousef Karim","In Progress"
"ORD-2025-0653","2025-09-06","2025-09","Fictional Enterprise 010","Central","Riyadh","Enterprise Direct","Analytics","Insight Suite","4","222.5","890.0","645.25","244.75","Sara Mansour","Completed"
"ORD-2025-0654","2025-09-17","2025-09","Fictional Enterprise 023","Western","Jeddah","Inside Sales","Data Management","Data Hub","3","240","720","547.20","172.80","Fahad Rahman","Completed"
"ORD-2025-0655","2025-09-28","2025-09","Fictional Enterprise 036","Eastern","Dammam","Digital","Governance","Control Center","2","172.5","345.0","213.90","131.10","Amina Saleh","Completed"
"ORD-2025-0656","2025-10-09","2025-10","Fictional Enterprise 049","Northern","Tabuk","Partner","Operations","Process Monitor","1","140","140","91.70","48.30","Omar Haddad","In Progress"
"ORD-2025-0657","2025-10-20","2025-10","Fictional Enterprise 062","Central","Riyadh","Enterprise Direct","Analytics","Insight Suite","8","207.5","1660.0","1145.40","514.60","Lina Nasser","Completed"
"ORD-2025-0658","2025-10-31","2025-10","Fictional Enterprise 075","Western","Jeddah","Inside Sales","Data Management","Data Hub","7","270","1890","1370.25","519.75","Yousef Karim","Completed"
"ORD-2025-0659","2025-11-11","2025-11","Fictional Enterprise 088","Eastern","Dammam","Digital","Governance","Control Center","6","202.5","1215.0","923.40","291.60","Sara Mansour","Completed"
"ORD-2025-0660","2025-11-22","2025-11","Fictional Enterprise 101","Northern","Tabuk","Partner","Operations","Process Monitor","5","125","625","387.50","237.50","Fahad Rahman","In Progress"
"ORD-2025-0661","2025-12-03","2025-12","Fictional Enterprise 114","Central","Riyadh","Enterprise Direct","Analytics","Insight Suite","4","192.5","770.0","504.35","265.65","Amina Saleh","Completed"
"ORD-2025-0662","2025-12-14","2025-12","Fictional Enterprise 127","Western","Jeddah","Inside Sales","Data Management","Data Hub","3","255","765","527.85","237.15","Omar Haddad","Completed"
"ORD-2025-0663","2025-12-25","2025-12","Fictional Enterprise 140","Eastern","Dammam","Digital","Governance","Control Center","2","187.5","375.0","271.88","103.12","Lina Nasser","Completed"
"ORD-2025-0664","2025-01-05","2025-01","Fictional Enterprise 153","Northern","Tabuk","Partner","Operations","Process Monitor","1","155","155","117.80","37.20","Yousef Karim","In Progress"
"ORD-2025-0665","2025-01-16","2025-01","Fictional Enterprise 006","Central","Riyadh","Enterprise Direct","Analytics","Insight Suite","8","222.5","1780.0","1103.60","676.40","Sara Mansour","Completed"
"ORD-2025-0666","2025-01-27","2025-01","Fictional Enterprise 019","Western","Jeddah","Inside Sales","Data Management","Data Hub","7","240","1680","1100.40","579.60","Fahad Rahman","Completed"
"ORD-2025-0667","2025-02-07","2025-02","Fictional Enterprise 032","Eastern","Dammam","Digital","Governance","Control Center","6","172.5","1035.0","714.15","320.85","Amina Saleh","Completed"
"ORD-2025-0668","2025-02-18","2025-02","Fictional Enterprise 045","Northern","Tabuk","Partner","Operations","Process Monitor","5","140","700","507.50","192.50","Omar Haddad","In Progress"
"ORD-2025-0669","2025-03-01","2025-03","Fictional Enterprise 058","Central","Riyadh","Enterprise Direct","Analytics","Insight Suite","4","207.5","830.0","630.80","199.20","Lina Nasser","Completed"
"ORD-2025-0670","2025-03-12","2025-03","Fictional Enterprise 071","Western","Jeddah","Inside Sales","Data Management","Data Hub","3","270","810","502.20","307.80","Yousef Karim","Completed"
"ORD-2025-0671","2025-03-23","2025-03","Fictional Enterprise 084","Eastern","Dammam","Digital","Governance","Control Center","2","202.5","405.0","265.28","139.72","Sara Mansour","Completed"
"ORD-2025-0672","2025-04-03","2025-04","Fictional Enterprise 097","Northern","Tabuk","Partner","Operations","Process Monitor","1","125","125","86.25","38.75","Fahad Rahman","In Progress"
"ORD-2025-0673","2025-04-14","2025-04","Fictional Enterprise 110","Central","Riyadh","Enterprise Direct","Analytics","Insight Suite","8","192.5","1540.0","1116.50","423.50","Amina Saleh","Completed"
"ORD-2025-0674","2025-04-25","2025-04","Fictional Enterprise 123","Western","Jeddah","Inside Sales","Data Management","Data Hub","7","255","1785","1356.60","428.40","Omar Haddad","Completed"
"ORD-2025-0675","2025-05-06","2025-05","Fictional Enterprise 136","Eastern","Dammam","Digital","Governance","Control Center","6","187.5","1125.0","697.50","427.50","Lina Nasser","Completed"
"ORD-2025-0676","2025-05-17","2025-05","Fictional Enterprise 149","Northern","Tabuk","Partner","Operations","Process Monitor","5","155","775","507.62","267.38","Yousef Karim","In Progress"
"ORD-2025-0677","2025-05-28","2025-05","Fictional Enterprise 002","Central","Riyadh","Enterprise Direct","Analytics","Insight Suite","4","222.5","890.0","614.10","275.90","Sara Mansour","Completed"
"ORD-2025-0678","2025-06-08","2025-06","Fictional Enterprise 015","Western","Jeddah","Inside Sales","Data Management","Data Hub","3","240","720","522.00","198.00","Fahad Rahman","Completed"
"ORD-2025-0679","2025-06-19","2025-06","Fictional Enterprise 028","Eastern","Dammam","Digital","Governance","Control Center","2","172.5","345.0","262.20","82.80","Amina Saleh","Completed"
"ORD-2025-0680","2025-06-30","2025-06","Fictional Enterprise 041","Northern","Tabuk","Partner","Operations","Process Monitor","1","140","140","86.80","53.20","Omar Haddad","In Progress"
"ORD-2025-0681","2025-07-11","2025-07","Fictional Enterprise 054","Central","Riyadh","Enterprise Direct","Analytics","Insight Suite","8","207.5","1660.0","1087.30","572.70","Lina Nasser","Completed"
"ORD-2025-0682","2025-07-22","2025-07","Fictional Enterprise 067","Western","Jeddah","Inside Sales","Data Management","Data Hub","7","270","1890","1304.10","585.90","Yousef Karim","Completed"
"ORD-2025-0683","2025-08-02","2025-08","Fictional Enterprise 080","Eastern","Dammam","Digital","Governance","Control Center","6","202.5","1215.0","880.88","334.12","Sara Mansour","Completed"
"ORD-2025-0684","2025-08-13","2025-08","Fictional Enterprise 093","Northern","Tabuk","Partner","Operations","Process Monitor","5","125","625","475.00","150.00","Fahad Rahman","In Progress"
"ORD-2025-0685","2025-08-24","2025-08","Fictional Enterprise 106","Central","Riyadh","Enterprise Direct","Analytics","Insight Suite","4","192.5","770.0","477.40","292.60","Amina Saleh","Completed"
"ORD-2025-0686","2025-09-04","2025-09","Fictional Enterprise 119","Western","Jeddah","Inside Sales","Data Management","Data Hub","3","255","765","501.08","263.92","Omar Haddad","Completed"
"ORD-2025-0687","2025-09-15","2025-09","Fictional Enterprise 132","Eastern","Dammam","Digital","Governance","Control Center","2","187.5","375.0","258.75","116.25","Lina Nasser","Completed"
"ORD-2025-0688","2025-09-26","2025-09","Fictional Enterprise 145","Northern","Tabuk","Partner","Operations","Process Monitor","1","155","155","112.38","42.62","Yousef Karim","In Progress"
"ORD-2025-0689","2025-10-07","2025-10","Fictional Enterprise 158","Central","Riyadh","Enterprise Direct","Analytics","Insight Suite","8","222.5","1780.0","1352.80","427.20","Sara Mansour","Completed"
"ORD-2025-0690","2025-10-18","2025-10","Fictional Enterprise 011","Western","Jeddah","Inside Sales","Data Management","Data Hub","7","240","1680","1041.60","638.40","Fahad Rahman","Completed"
"ORD-2025-0691","2025-10-29","2025-10","Fictional Enterprise 024","Eastern","Dammam","Digital","Governance","Control Center","6","172.5","1035.0","677.92","357.08","Amina Saleh","Completed"
"ORD-2025-0692","2025-11-09","2025-11","Fictional Enterprise 037","Northern","Tabuk","Partner","Operations","Process Monitor","5","140","700","483.00","217.00","Omar Haddad","In Progress"
"ORD-2025-0693","2025-11-20","2025-11","Fictional Enterprise 050","Central","Riyadh","Enterprise Direct","Analytics","Insight Suite","4","207.5","830.0","601.75","228.25","Lina Nasser","Completed"
"ORD-2025-0694","2025-12-01","2025-12","Fictional Enterprise 063","Western","Jeddah","Inside Sales","Data Management","Data Hub","3","270","810","615.60","194.40","Yousef Karim","Completed"
"ORD-2025-0695","2025-12-12","2025-12","Fictional Enterprise 076","Eastern","Dammam","Digital","Governance","Control Center","2","202.5","405.0","251.10","153.90","Sara Mansour","Completed"
"ORD-2025-0696","2025-12-23","2025-12","Fictional Enterprise 089","Northern","Tabuk","Partner","Operations","Process Monitor","1","125","125","81.88","43.12","Fahad Rahman","In Progress"
"ORD-2025-0697","2025-01-03","2025-01","Fictional Enterprise 102","Central","Riyadh","Enterprise Direct","Analytics","Insight Suite","8","192.5","1540.0","1062.60","477.40","Amina Saleh","Completed"
"ORD-2025-0698","2025-01-14","2025-01","Fictional Enterprise 115","Western","Jeddah","Inside Sales","Data Management","Data Hub","7","255","1785","1294.12","490.88","Omar Haddad","Completed"
"ORD-2025-0699","2025-01-25","2025-01","Fictional Enterprise 128","Eastern","Dammam","Digital","Governance","Control Center","6","187.5","1125.0","855.00","270.00","Lina Nasser","Completed"
"ORD-2025-0700","2025-02-05","2025-02","Fictional Enterprise 141","Northern","Tabuk","Partner","Operations","Process Monitor","5","155","775","480.50","294.50","Yousef Karim","In Progress"
"ORD-2025-0701","2025-02-16","2025-02","Fictional Enterprise 154","Central","Riyadh","Enterprise Direct","Analytics","Insight Suite","4","222.5","890.0","582.95","307.05","Sara Mansour","Completed"
"ORD-2025-0702","2025-02-27","2025-02","Fictional Enterprise 007","Western","Jeddah","Inside Sales","Data Management","Data Hub","3","240","720","496.80","223.20","Fahad Rahman","Completed"
"ORD-2025-0703","2025-03-10","2025-03","Fictional Enterprise 020","Eastern","Dammam","Digital","Governance","Control Center","2","172.5","345.0","250.12","94.88","Amina Saleh","Completed"
"ORD-2025-0704","2025-03-21","2025-03","Fictional Enterprise 033","Northern","Tabuk","Partner","Operations","Process Monitor","1","140","140","106.40","33.60","Omar Haddad","In Progress"
"ORD-2025-0705","2025-04-01","2025-04","Fictional Enterprise 046","Central","Riyadh","Enterprise Direct","Analytics","Insight Suite","8","207.5","1660.0","1029.20","630.80","Lina Nasser","Completed"
"ORD-2025-0706","2025-04-12","2025-04","Fictional Enterprise 059","Western","Jeddah","Inside Sales","Data Management","Data Hub","7","270","1890","1237.95","652.05","Yousef Karim","Completed"
"ORD-2025-0707","2025-04-23","2025-04","Fictional Enterprise 072","Eastern","Dammam","Digital","Governance","Control Center","6","202.5","1215.0","838.35","376.65","Sara Mansour","Completed"
"ORD-2025-0708","2025-05-04","2025-05","Fictional Enterprise 085","Northern","Tabuk","Partner","Operations","Process Monitor","5","125","625","453.12","171.88","Fahad Rahman","In Progress"
"ORD-2025-0709","2025-05-15","2025-05","Fictional Enterprise 098","Central","Riyadh","Enterprise Direct","Analytics","Insight Suite","4","192.5","770.0","585.20","184.80","Amina Saleh","Completed"
"ORD-2025-0710","2025-05-26","2025-05","Fictional Enterprise 111","Western","Jeddah","Inside Sales","Data Management","Data Hub","3","255","765","474.30","290.70","Omar Haddad","Completed"
"ORD-2025-0711","2025-06-06","2025-06","Fictional Enterprise 124","Eastern","Dammam","Digital","Governance","Control Center","2","187.5","375.0","245.62","129.38","Lina Nasser","Completed"
"ORD-2025-0712","2025-06-17","2025-06","Fictional Enterprise 137","Northern","Tabuk","Partner","Operations","Process Monitor","1","155","155","106.95","48.05","Yousef Karim","In Progress"
"ORD-2025-0713","2025-06-28","2025-06","Fictional Enterprise 150","Central","Riyadh","Enterprise Direct","Analytics","Insight Suite","8","222.5","1780.0","1290.50","489.50","Sara Mansour","Completed"
"ORD-2025-0714","2025-07-09","2025-07","Fictional Enterprise 003","Western","Jeddah","Inside Sales","Data Management","Data Hub","7","240","1680","1276.80","403.20","Fahad Rahman","Completed"
"ORD-2025-0715","2025-07-20","2025-07","Fictional Enterprise 016","Eastern","Dammam","Digital","Governance","Control Center","6","172.5","1035.0","641.70","393.30","Amina Saleh","Completed"
"ORD-2025-0716","2025-07-31","2025-07","Fictional Enterprise 029","Northern","Tabuk","Partner","Operations","Process Monitor","5","140","700","458.50","241.50","Omar Haddad","In Progress"
"ORD-2025-0717","2025-08-11","2025-08","Fictional Enterprise 042","Central","Riyadh","Enterprise Direct","Analytics","Insight Suite","4","207.5","830.0","572.70","257.30","Lina Nasser","Completed"
"ORD-2025-0718","2025-08-22","2025-08","Fictional Enterprise 055","Western","Jeddah","Inside Sales","Data Management","Data Hub","3","270","810","587.25","222.75","Yousef Karim","Completed"
"ORD-2025-0719","2025-09-02","2025-09","Fictional Enterprise 068","Eastern","Dammam","Digital","Governance","Control Center","2","202.5","405.0","307.80","97.20","Sara Mansour","Completed"
"ORD-2025-0720","2025-09-13","2025-09","Fictional Enterprise 081","Northern","Tabuk","Partner","Operations","Process Monitor","1","125","125","77.50","47.50","Fahad Rahman","In Progress"
"ORD-2025-0100","2025-01-06","2025-01","Fictional Enterprise 021","Northern","Tabuk","Partner","Operations","Process Monitor","5","155","775","480.50","294.50","Yousef Karim","In Progress"
"ORD-2025-0300","2025-01-16","2025-01","Fictional Enterprise 061","Northern","Tabuk","Partner","Operations","Process Monitor","5","125","625","387.50","237.50","Fahad Rahman","In Progress"
"ORD-2025-0600","2025-01-31","2025-01","Fictional Enterprise 121","Northern","Tabuk","Partner","Operations","Process Monitor","1","125","125","77.50","47.50","Fahad Rahman","In Progress"
