"raw_record_id","event_date","period","region_name","location","category","subcategory","status","owner_group","quantity","metric_value","metric_cost","score","cycle_hours","sla_met","risk_flag","notes"
"NETWORKOPERATIONS-00001","2025-07-31","2025-07","Central","Site CT-452","High","Power","Monitoring","Regional NOC","10","11682.66","1775.76","96","36.66","No","At Risk","SYNTHETIC DEMO DATA — Network sites, availability, outages, downtime, incident severity, and regional performance."
"NETWORKOPERATIONS-00002","2025-08-13","2025-08","Eastern","Site CT-589","Medium","Backhaul","Resolved","NOC Radio","7","12054.14","1976.88","96","39.52","Yes","Controlled","SYNTHETIC DEMO DATA — Network sites, availability, outages, downtime, incident severity, and regional performance."
"NETWORKOPERATIONS-00003","2025-08-26","2025-08","Southern","Site CT-101","Low","Radio","Resolved","Regional NOC","4","10234.72","1801.31","97","42.38","Yes","Controlled","SYNTHETIC DEMO DATA — Network sites, availability, outages, downtime, incident severity, and regional performance."
"NETWORKOPERATIONS-00004","2025-09-08","2025-09","Western","Site CT-214","Critical","Transmission","Open","NOC Radio","1","14865.16","2794.65","98","45.24","Yes","At Risk","SYNTHETIC DEMO DATA — Network sites, availability, outages, downtime, incident severity, and regional performance."
"NETWORKOPERATIONS-00005","2025-09-21","2025-09","Northern","Site CT-337","High","Power","Monitoring","Regional NOC","10","12784.63","1789.85","99","48.1","Yes","Controlled","SYNTHETIC DEMO DATA — Network sites, availability, outages, downtime, incident severity, and regional performance."
"NETWORKOPERATIONS-00006","2025-10-04","2025-10","Central","Site CT-452","Medium","Backhaul","Resolved","NOC Radio","7","13560.53","2061.2","100","50.96","Yes","Controlled","SYNTHETIC DEMO DATA — Network sites, availability, outages, downtime, incident severity, and regional performance."
"NETWORKOPERATIONS-00007","2025-10-17","2025-10","Eastern","Site CT-589","Low","Radio","Resolved","Regional NOC","4","13061.45","2142.08","100","53.82","Yes","Controlled","SYNTHETIC DEMO DATA — Network sites, availability, outages, downtime, incident severity, and regional performance."
"NETWORKOPERATIONS-00008","2025-10-30","2025-10","Southern","Site CT-101","Critical","Transmission","Open","NOC Radio","1","10918.47","1921.65","100","56.68","Yes","At Risk","SYNTHETIC DEMO DATA — Network sites, availability, outages, downtime, incident severity, and regional performance."
"NETWORKOPERATIONS-00009","2025-11-12","2025-11","Western","Site CT-214","High","Power","Monitoring","Regional NOC","10","9377.45","1762.96","100","59.54","No","At Risk","SYNTHETIC DEMO DATA — Network sites, availability, outages, downtime, incident severity, and regional performance."
"NETWORKOPERATIONS-00010","2025-11-25","2025-11","Northern","Site CT-337","Medium","Backhaul","Resolved","NOC Radio","7","8201.2","1148.17","100","62.4","No","At Risk","SYNTHETIC DEMO DATA — Network sites, availability, outages, downtime, incident severity, and regional performance."
"NETWORKOPERATIONS-00011","2025-12-08","2025-12",,"Site CT-452","Low","Radio","Resolved","Regional NOC","4","12059.18","1833","95","65.26","Yes","Controlled","SYNTHETIC DEMO DATA — Network sites, availability, outages, downtime, incident severity, and regional performance."
"NETWORKOPERATIONS-00012","2025-12-21","2025-12","Eastern","Site CT-589","Critical","Transmission","Open","NOC Radio","1","11768.6","1930.05","96","68.12","Yes","At Risk","SYNTHETIC DEMO DATA — Network sites, availability, outages, downtime, incident severity, and regional performance."
"NETWORKOPERATIONS-00013","2026-01-03","2026-01","Southern","Site CT-101","High","Power","Monitoring","Regional NOC","10","10686.1","1880.75","96","33.8","Yes","Controlled","SYNTHETIC DEMO DATA — Network sites, availability, outages, downtime, incident severity, and regional performance."
"NETWORKOPERATIONS-00014","2026-01-16","2026-01","Western","Site CT-214","Medium","Backhaul","Resolved","NOC Radio","7","14731.07","2769.44","97","36.66","Yes","Controlled","SYNTHETIC DEMO DATA — Network sites, availability, outages, downtime, incident severity, and regional performance."
"NETWORKOPERATIONS-00015","2026-01-29","2026-01","Northern","Site CT-337","Low","Radio","Resolved","Regional NOC","4","12630.59","1768.28","98","39.52","Yes","Controlled","SYNTHETIC DEMO DATA — Network sites, availability, outages, downtime, incident severity, and regional performance."
"NETWORKOPERATIONS-00016","2026-02-11","2026-02","Central","Site CT-452","Critical","Transmission","Open","NOC Radio","1","18143.19","2757.76","99","42.38","Yes","At Risk","SYNTHETIC DEMO DATA — Network sites, availability, outages, downtime, incident severity, and regional performance."
"NETWORKOPERATIONS-00017","2026-02-24","2026-02","Eastern","Site CT-589","High","Power","Monitoring","Regional NOC","10","17432.16","2858.87","100","45.24","Yes","Controlled","SYNTHETIC DEMO DATA — Network sites, availability, outages, downtime, incident severity, and regional performance."
"NETWORKOPERATIONS-00018","2026-03-09","2026-03","Southern","Site CT-101","Medium","Backhaul","Resolved","NOC Radio","7","9046.69","1592.22","100","48.1","No","At Risk","SYNTHETIC DEMO DATA — Network sites, availability, outages, downtime, incident severity, and regional performance."
"NETWORKOPERATIONS-00019","2026-03-22","2026-03","Western","Site CT-214","Low","Radio","Resolved","Regional NOC","4","12681.73","2384.17","100","50.96","No","At Risk","SYNTHETIC DEMO DATA — Network sites, availability, outages, downtime, incident severity, and regional performance."
"NETWORKOPERATIONS-00020","2026-04-04","2026-04","Northern","Site CT-337","Critical","Transmission","Open","NOC Radio","1","8548.91","1196.85","100","53.82","Yes","At Risk","SYNTHETIC DEMO DATA — Network sites, availability, outages, downtime, incident severity, and regional performance."
"NETWORKOPERATIONS-00021","2026-04-17","2026-04","Central","Site CT-452","High","Power","Monitoring","Regional NOC","10","11819.97","1796.64","100","56.68","Yes","Controlled","SYNTHETIC DEMO DATA — Network sites, availability, outages, downtime, incident severity, and regional performance."
"NETWORKOPERATIONS-00022","2026-04-30","2026-04","Eastern","Site CT-589","Medium","Backhaul","Resolved","NOC Radio","7","11490.6","1884.46","95","59.54","Yes","Controlled","SYNTHETIC DEMO DATA — Network sites, availability, outages, downtime, incident severity, and regional performance."
"NETWORKOPERATIONS-00023","2026-05-13","2026-05","Southern","Site CT-101","Low","Radio","Resolved","Regional NOC","4","10290.62","1811.15","96","62.4","Yes","Controlled","SYNTHETIC DEMO DATA — Network sites, availability, outages, downtime, incident severity, and regional performance."
"NETWORKOPERATIONS-00024","2026-05-26","2026-05","Western","Site CT-214","Critical","Transmission","Open","NOC Radio","1","14142.54","2658.8","96","65.26","Yes","At Risk","SYNTHETIC DEMO DATA — Network sites, availability, outages, downtime, incident severity, and regional performance."
"NETWORKOPERATIONS-00025","2026-06-08","2026-06","Northern","Site CT-337","High","Power","Monitoring","Regional NOC","10","12804.05","1792.57","97","68.12","Yes","Controlled","SYNTHETIC DEMO DATA — Network sites, availability, outages, downtime, incident severity, and regional performance."
"NETWORKOPERATIONS-00026","2026-06-21","2026-06","Central","Site CT-452","Medium","Backhaul","Resolved","NOC Radio","7","17429.45","2649.28","98","33.8","Yes","Controlled","SYNTHETIC DEMO DATA — Network sites, availability, outages, downtime, incident severity, and regional performance."
"NETWORKOPERATIONS-00027","2025-01-10","2025-01","Eastern","Site CT-589","Low","Radio","Resolved","Regional NOC","4","9588.59","1572.53","99","36.66","No","At Risk","SYNTHETIC DEMO DATA — Network sites, availability, outages, downtime, incident severity, and regional performance."
"NETWORKOPERATIONS-00028","2025-01-23","2025-01","Southern","Site CT-101","Critical","Transmission","Open","NOC Radio","1","8218.61","1446.48","100","39.52","No","At Risk","SYNTHETIC DEMO DATA — Network sites, availability, outages, downtime, incident severity, and regional performance."
"NETWORKOPERATIONS-00029","2025-02-05","2025-02","Western","Site CT-214","High","Power","Monitoring","Regional NOC","10","12066.21","2268.45","100","42.38","Yes","Controlled","SYNTHETIC DEMO DATA — Network sites, availability, outages, downtime, incident severity, and regional performance."
"NETWORKOPERATIONS-00030","2025-02-18","2025-02","Northern","Site CT-337","Medium","Backhaul","Resolved","NOC Radio","7","10453.44","1463.48","100","45.24","Yes","Controlled","SYNTHETIC DEMO DATA — Network sites, availability, outages, downtime, incident severity, and regional performance."
"NETWORKOPERATIONS-00031","2025-03-03","2025-03","Central","Site CT-452","Low","Radio","Resolved","Regional NOC","4","15117.29","2297.83","100","48.1","Yes","Controlled","SYNTHETIC DEMO DATA — Network sites, availability, outages, downtime, incident severity, and regional performance."
"NETWORKOPERATIONS-00032","2025-03-16","2025-03","Eastern","Site CT-589","Critical","Transmission","Open","NOC Radio","1","14645.72","2401.9","100","50.96","Yes","At Risk","SYNTHETIC DEMO DATA — Network sites, availability, outages, downtime, incident severity, and regional performance."
"NETWORKOPERATIONS-00033","2025-03-29","2025-03","Southern","Site CT-101","High","Power","Monitoring","Regional NOC","10","12306.99","2166.03","95","53.82","Yes","Controlled","SYNTHETIC DEMO DATA — Network sites, availability, outages, downtime, incident severity, and regional performance."
"NETWORKOPERATIONS-00034","2025-04-11","2025-04","Western","Site CT-214","Medium","Backhaul","Resolved","NOC Radio","7","13082.56","2459.52","96","56.68","Yes","Controlled","SYNTHETIC DEMO DATA — Network sites, availability, outages, downtime, incident severity, and regional performance."
"NETWORKOPERATIONS-00035","2025-04-24","2025-04","Northern","Site CT-337","Low","Radio","Resolved","Regional NOC","4","11158.65","1562.21","96","59.54","Yes","Controlled","SYNTHETIC DEMO DATA — Network sites, availability, outages, downtime, incident severity, and regional performance."
"NETWORKOPERATIONS-00036","2025-05-07","2025-05","Central","Site CT-452","Critical","Transmission","Open","NOC Radio","1","9542.36","1450.44","97","62.4","No","At Risk","SYNTHETIC DEMO DATA — Network sites, availability, outages, downtime, incident severity, and regional performance."
"NETWORKOPERATIONS-00037","2025-05-20","2025-05","Eastern","Site CT-589","High","Power","Monitoring","Regional NOC","10","9400.84","1541.74","98","65.26","No","At Risk","SYNTHETIC DEMO DATA — Network sites, availability, outages, downtime, incident severity, and regional performance."
"NETWORKOPERATIONS-00038","2025-06-02","2025-06","Southern","Site CT-101","Medium","Backhaul","Resolved","NOC Radio","7","8488.71","1494.01","99","68.12","Yes","Controlled","SYNTHETIC DEMO DATA — Network sites, availability, outages, downtime, incident severity, and regional performance."
"NETWORKOPERATIONS-00039","2025-06-15","2025-06","Western","Site CT-214","Low","Radio","Resolved","Regional NOC","4","11787.62","2216.07","100","33.8","Yes","Controlled","SYNTHETIC DEMO DATA — Network sites, availability, outages, downtime, incident severity, and regional performance."
"NETWORKOPERATIONS-00040","2025-06-28","2025-06","Northern","Site CT-337","Critical","Transmission","Open","NOC Radio","1","10172.65","1424.17","100","36.66","Yes","At Risk","SYNTHETIC DEMO DATA — Network sites, availability, outages, downtime, incident severity, and regional performance."
"NETWORKOPERATIONS-00041","2025-07-11","2025-07","Central","Site CT-452","High","Power","Monitoring","Regional NOC","10","14999.03","2279.85","100","39.52","Yes","Controlled","SYNTHETIC DEMO DATA — Network sites, availability, outages, downtime, incident severity, and regional performance."
"NETWORKOPERATIONS-00042","2025-07-24","2025-07","Eastern","Site CT-589","Medium","Backhaul","Resolved","NOC Radio","7","14486.75","2375.83","100","42.38","Yes","Controlled","SYNTHETIC DEMO DATA — Network sites, availability, outages, downtime, incident severity, and regional performance."
"NETWORKOPERATIONS-00043","2025-08-06","2025-08","Southern","Site CT-101","Low","Radio","Resolved","Regional NOC","4","12778.95","2249.1","100","45.24","Yes","Controlled","SYNTHETIC DEMO DATA — Network sites, availability, outages, downtime, incident severity, and regional performance."
"NETWORKOPERATIONS-00044","2025-08-19","2025-08","Western","Site CT-214","Critical","Transmission","Open","NOC Radio","1","17470.71","3284.49","95","48.1","Yes","At Risk","SYNTHETIC DEMO DATA — Network sites, availability, outages, downtime, incident severity, and regional performance."
"NETWORKOPERATIONS-00045","2025-09-01","2025-09","Northern","Site CT-337","High","Power","Monitoring","Regional NOC","10","9251.19","1295.17","96","50.96","No","At Risk","SYNTHETIC DEMO DATA — Network sites, availability, outages, downtime, incident severity, and regional performance."
"NETWORKOPERATIONS-00046","2025-09-14","2025-09","Central","Site CT-452","Medium","Backhaul","Resolved","NOC Radio","7","12912.41","1962.69","96","53.82","No","At Risk","SYNTHETIC DEMO DATA — Network sites, availability, outages, downtime, incident severity, and regional performance."
"NETWORKOPERATIONS-00047","2025-09-27","2025-09","Eastern","Site CT-589","Low","Radio","Resolved","Regional NOC","4","12656.85","2075.72","97","56.68","Yes","Controlled","SYNTHETIC DEMO DATA — Network sites, availability, outages, downtime, incident severity, and regional performance."
"NETWORKOPERATIONS-00048","2025-10-10","2025-10","Southern","Site CT-101","Critical","Transmission","Open","NOC Radio","1","8330.04","1466.09","98","59.54","Yes","At Risk","SYNTHETIC DEMO DATA — Network sites, availability, outages, downtime, incident severity, and regional performance."
"NETWORKOPERATIONS-00049","2025-10-23","2025-10","Western","Site CT-214","High","Power","Monitoring","Regional NOC","10","11522.62","2166.25","99","62.4","Yes","Controlled","SYNTHETIC DEMO DATA — Network sites, availability, outages, downtime, incident severity, and regional performance."
"NETWORKOPERATIONS-00050","2025-11-05","2025-11","Northern","Site CT-337","Medium","Backhaul","Resolved","NOC Radio","7","10529.28","1474.1","100","65.26","Yes","Controlled","SYNTHETIC DEMO DATA — Network sites, availability, outages, downtime, incident severity, and regional performance."
"NETWORKOPERATIONS-00051","2025-11-18","2025-11","central","Site CT-452","Low","Radio","Resolved","Regional NOC","4","14408.06","2190.03","100","68.12","Yes","Controlled","SYNTHETIC DEMO DATA — Network sites, availability, outages, downtime, incident severity, and regional performance."
"NETWORKOPERATIONS-00052","2025-12-01","2025-12","Eastern","Site CT-589","Critical","Transmission","Open","NOC Radio","1","14694.13","2409.84","100","33.8","Yes","At Risk","SYNTHETIC DEMO DATA — Network sites, availability, outages, downtime, incident severity, and regional performance."
"NETWORKOPERATIONS-00053","2025-12-14","2025-12","Southern","Site CT-101","High","Power","Monitoring","Regional NOC","10","12283.28","2161.86","100","36.66","Yes","Controlled","SYNTHETIC DEMO DATA — Network sites, availability, outages, downtime, incident severity, and regional performance."
"NETWORKOPERATIONS-00054","2025-12-27","2025-12","Western","Site CT-214","Medium","Backhaul","Resolved","NOC Radio","7","10098.63","1898.54","100","39.52","No","At Risk","SYNTHETIC DEMO DATA — Network sites, availability, outages, downtime, incident severity, and regional performance."
"NETWORKOPERATIONS-00055","2026-01-09","2026-01","Northern","Site CT-337","Low","Radio","Resolved","Regional NOC","4","9322.58","1305.16","95","42.38","No","At Risk","SYNTHETIC DEMO DATA — Network sites, availability, outages, downtime, incident severity, and regional performance."
"NETWORKOPERATIONS-00056","2026-01-22","2026-01","Central","Site CT-452","Critical","Transmission","Open","NOC Radio","1","12946.52","1967.87","96","45.24","Yes","At Risk","SYNTHETIC DEMO DATA — Network sites, availability, outages, downtime, incident severity, and regional performance."
"NETWORKOPERATIONS-00057","2026-02-04","2026-02","Eastern","Site CT-589","High","Power","Monitoring","Regional NOC","10","13299.54","2181.12","96","48.1","Yes","Controlled","SYNTHETIC DEMO DATA — Network sites, availability, outages, downtime, incident severity, and regional performance."
"NETWORKOPERATIONS-00058","2026-02-17","2026-02","Southern","Site CT-101","Medium","Backhaul","Resolved","NOC Radio","7","11248.53","1979.74","97","50.96","Yes","Controlled","SYNTHETIC DEMO DATA — Network sites, availability, outages, downtime, incident severity, and regional performance."
"NETWORKOPERATIONS-00059","2026-03-02","2026-03","Western","Site CT-214","Low","Radio","Resolved","Regional NOC","4","16281.7","3060.96","98","53.82","Yes","Controlled","SYNTHETIC DEMO DATA — Network sites, availability, outages, downtime, incident severity, and regional performance."
"NETWORKOPERATIONS-00060","2026-03-15","2026-03","Northern","Site CT-337","Critical","Transmission","Open","NOC Radio","1","13960.13","1954.42","99","56.68","Yes","At Risk","SYNTHETIC DEMO DATA — Network sites, availability, outages, downtime, incident severity, and regional performance."
"NETWORKOPERATIONS-00061","2026-03-28","2026-03","Central","Site CT-452","High","Power","Monitoring","Regional NOC","10","19370.23","2944.27","100","59.54","Yes","Controlled","SYNTHETIC DEMO DATA — Network sites, availability, outages, downtime, incident severity, and regional performance."
"NETWORKOPERATIONS-00062","2026-04-10","2026-04","Eastern","Site CT-589","Medium","Backhaul","Resolved","NOC Radio","7","14179.89","2325.5","100","62.4","Yes","Controlled","SYNTHETIC DEMO DATA — Network sites, availability, outages, downtime, incident severity, and regional performance."
"NETWORKOPERATIONS-00063","2026-04-23","2026-04","Southern","Site CT-101","Low","Radio","Resolved","Regional NOC","4","7008.45","1233.49","100","65.26","No","At Risk","SYNTHETIC DEMO DATA — Network sites, availability, outages, downtime, incident severity, and regional performance."
"NETWORKOPERATIONS-00064","2026-05-06","2026-05","Western","Site CT-214","Critical","Transmission","Open","NOC Radio","1","10438.54","1962.45","100","68.12","No","At Risk","SYNTHETIC DEMO DATA — Network sites, availability, outages, downtime, incident severity, and regional performance."
"NETWORKOPERATIONS-00065","2026-05-19","2026-05","Northern","Site CT-337","High","Power","Monitoring","Regional NOC","10","9083.22","1271.65","100","33.8","Yes","Controlled","SYNTHETIC DEMO DATA — Network sites, availability, outages, downtime, incident severity, and regional performance."
"NETWORKOPERATIONS-00066","2026-06-01","2026-06","Central","Site CT-452","Medium","Backhaul","Resolved","NOC Radio","7","13297.47","2021.22","95","36.66","Yes","Controlled","SYNTHETIC DEMO DATA — Network sites, availability, outages, downtime, incident severity, and regional performance."
"NETWORKOPERATIONS-00067","2026-06-14","2026-06","Eastern","Site CT-589","Low","Radio","Resolved","Regional NOC","4","12926.93","2120.02","96","39.52","Yes","Controlled","SYNTHETIC DEMO DATA — Network sites, availability, outages, downtime, incident severity, and regional performance."
"NETWORKOPERATIONS-00068","2025-01-03","2025-01","Southern","Site CT-101","Critical","Transmission","Open","NOC Radio","1","10551.64","1857.09","96","42.38","Yes","At Risk","SYNTHETIC DEMO DATA — Network sites, availability, outages, downtime, incident severity, and regional performance."
"NETWORKOPERATIONS-00069","2025-01-16","2025-01","Western","Site CT-214","High","Power","Monitoring","Regional NOC","10","14501.26","2726.24","97","45.24","Yes","Controlled","SYNTHETIC DEMO DATA — Network sites, availability, outages, downtime, incident severity, and regional performance."
"NETWORKOPERATIONS-00070","2025-01-29","2025-01","Northern","Site CT-337","Medium","Backhaul","Resolved","NOC Radio","7","12399.44","1735.92","98","48.1","Yes","Controlled","SYNTHETIC DEMO DATA — Network sites, availability, outages, downtime, incident severity, and regional performance."
"NETWORKOPERATIONS-00071","2025-02-11","2025-02","Central","Site CT-452","Low","Radio","Resolved","Regional NOC","4","17767.02","2700.59","99","50.96","Yes","Controlled","SYNTHETIC DEMO DATA — Network sites, availability, outages, downtime, incident severity, and regional performance."
"NETWORKOPERATIONS-00072","2025-02-24","2025-02","Eastern","Site CT-589","Critical","Transmission","Open","NOC Radio","1","10093.25","1655.29","100","53.82","No","At Risk","SYNTHETIC DEMO DATA — Network sites, availability, outages, downtime, incident severity, and regional performance."
"NETWORKOPERATIONS-00073","2025-03-09","2025-03","Southern","Site CT-101","High","Power","Monitoring","Regional NOC","10","9083.73","1598.74","100","56.68","No","At Risk","SYNTHETIC DEMO DATA — Network sites, availability, outages, downtime, incident severity, and regional performance."
"NETWORKOPERATIONS-00074","2025-03-22","2025-03","Western","Site CT-214","Medium","Backhaul","Resolved","NOC Radio","7","12669.52","2381.87","100","59.54","Yes","Controlled","SYNTHETIC DEMO DATA — Network sites, availability, outages, downtime, incident severity, and regional performance."
"NETWORKOPERATIONS-00075","2025-04-04","2025-04","Northern","Site CT-337","Low","Radio","Resolved","Regional NOC","4","8513.28","1191.86","100","62.4","Yes","Controlled","SYNTHETIC DEMO DATA — Network sites, availability, outages, downtime, incident severity, and regional performance."
"NETWORKOPERATIONS-00076","2025-04-17","2025-04","Central","Site CT-452","Critical","Transmission","Open","NOC Radio","1","11725.26","1782.24","100","65.26","Yes","At Risk","SYNTHETIC DEMO DATA — Network sites, availability, outages, downtime, incident severity, and regional performance."
"NETWORKOPERATIONS-00077","2025-04-30","2025-04","Eastern","Site CT-589","High","Power","Monitoring","Regional NOC","10","11359.5","1862.96","95","68.12","Yes","Controlled","SYNTHETIC DEMO DATA — Network sites, availability, outages, downtime, incident severity, and regional performance."
"NETWORKOPERATIONS-00078","2025-05-13","2025-05","Southern","Site CT-101","Medium","Backhaul","Resolved","NOC Radio","7","10142.13","1785.01","96","33.8","Yes","Controlled","SYNTHETIC DEMO DATA — Network sites, availability, outages, downtime, incident severity, and regional performance."
"NETWORKOPERATIONS-00079","2025-05-26","2025-05","Western","Site CT-214","Low","Radio","Resolved","Regional NOC","4","13900.22","2613.24","96","36.66","Yes","Controlled","SYNTHETIC DEMO DATA — Network sites, availability, outages, downtime, incident severity, and regional performance."
"NETWORKOPERATIONS-00080","2025-06-08","2025-06","Northern","Site CT-337","Critical","Transmission","Open","NOC Radio","1","12553.49","1757.49","97","39.52","Yes","At Risk","SYNTHETIC DEMO DATA — Network sites, availability, outages, downtime, incident severity, and regional performance."
"NETWORKOPERATIONS-00081","2025-06-21","2025-06","Central","Site CT-452","High","Power","Monitoring","Regional NOC","10","10103.68","1535.76","98","42.38","No","At Risk","SYNTHETIC DEMO DATA — Network sites, availability, outages, downtime, incident severity, and regional performance."
"NETWORKOPERATIONS-00082","2025-07-04","2025-07","Eastern","Site CT-589","Medium","Backhaul","Resolved","NOC Radio","7","10692.6","1753.59","99","45.24","No","At Risk","SYNTHETIC DEMO DATA — Network sites, availability, outages, downtime, incident severity, and regional performance."
"NETWORKOPERATIONS-00083","2025-07-17","2025-07","Southern","Site CT-101","Low","Radio","Resolved","Regional NOC","4","9118.74","1604.9","100","48.1","Yes","Controlled","SYNTHETIC DEMO DATA — Network sites, availability, outages, downtime, incident severity, and regional performance."
"NETWORKOPERATIONS-00084","2025-07-30","2025-07","Western","Site CT-214","Critical","Transmission","Open","NOC Radio","1","12662.5","2380.55","100","50.96","Yes","At Risk","SYNTHETIC DEMO DATA — Network sites, availability, outages, downtime, incident severity, and regional performance."
"NETWORKOPERATIONS-00085","2025-08-12","2025-08","Northern","Site CT-337","High","Power","Monitoring","Regional NOC","10","11502.8","1610.39","100","53.82","Yes","Controlled","SYNTHETIC DEMO DATA — Network sites, availability, outages, downtime, incident severity, and regional performance."
"NETWORKOPERATIONS-00086","2025-08-25","2025-08","Central","Site CT-452","Medium","Backhaul","Resolved","NOC Radio","7","15788.45","2399.84","100","56.68","Yes","Controlled","SYNTHETIC DEMO DATA — Network sites, availability, outages, downtime, incident severity, and regional performance."
"NETWORKOPERATIONS-00087","2025-09-07","2025-09","Eastern","Site CT-589","Low","Radio","Resolved","Regional NOC","4","16011.68","2625.92","100","59.54","Yes","Controlled","SYNTHETIC DEMO DATA — Network sites, availability, outages, downtime, incident severity, and regional performance."
"NETWORKOPERATIONS-00088","2025-09-20","2025-09","Southern","Site CT-101","Critical","Transmission","Open","NOC Radio","1","13417.9","2361.55","95","62.4","Yes","At Risk","SYNTHETIC DEMO DATA — Network sites, availability, outages, downtime, incident severity, and regional performance."
"NETWORKOPERATIONS-00089","2025-10-03","2025-10","Western","Site CT-214","High","Power","Monitoring","Regional NOC","10","14219.4","2673.25","96","65.26","Yes","Controlled","SYNTHETIC DEMO DATA — Network sites, availability, outages, downtime, incident severity, and regional performance."
"NETWORKOPERATIONS-00090","2025-10-16","2025-10","Northern","Site CT-337","Medium","Backhaul","Resolved","NOC Radio","7","7170.99","1003.94","96","68.12","No","At Risk","SYNTHETIC DEMO DATA — Network sites, availability, outages, downtime, incident severity, and regional performance."
"NETWORKOPERATIONS-00091","2025-10-29","2025-10","Central","Site CT-452","Low","Radio","Resolved","Regional NOC","4","10008.96","1521.36","97","33.8","No","At Risk","SYNTHETIC DEMO DATA — Network sites, availability, outages, downtime, incident severity, and regional performance."
"NETWORKOPERATIONS-00092","2025-11-11","2025-11","Eastern","Site CT-589","Critical","Transmission","Open","NOC Radio","1","10424.04","1709.54","98","36.66","Yes","At Risk","SYNTHETIC DEMO DATA — Network sites, availability, outages, downtime, incident severity, and regional performance."
"NETWORKOPERATIONS-00093","2025-11-24","2025-11","Southern","Site CT-101","High","Power","Monitoring","Regional NOC","10","8850.67","1557.72","99","39.52","Yes","Controlled","SYNTHETIC DEMO DATA — Network sites, availability, outages, downtime, incident severity, and regional performance."
"NETWORKOPERATIONS-00094","2025-12-07","2025-12","Western","Site CT-214","Medium","Backhaul","Resolved","NOC Radio","7","12962.95","2437.03","100","42.38","Yes","Controlled","SYNTHETIC DEMO DATA — Network sites, availability, outages, downtime, incident severity, and regional performance."
"NETWORKOPERATIONS-00095","2025-12-20","2025-12","Northern","Site CT-337","Low","Radio","Resolved","Regional NOC","4","11148.65","1560.81","100","45.24","Yes","Controlled","SYNTHETIC DEMO DATA — Network sites, availability, outages, downtime, incident severity, and regional performance."
"NETWORKOPERATIONS-00096","2026-01-02","2026-01","Central","Site CT-452","Critical","Transmission","Open","NOC Radio","1","16378.13","2489.48","100","48.1","Yes","At Risk","SYNTHETIC DEMO DATA — Network sites, availability, outages, downtime, incident severity, and regional performance."
"NETWORKOPERATIONS-00097","2026-01-15","2026-01","Eastern","Site CT-589","High","Power","Monitoring","Regional NOC","10","15775.35","2587.16","100","50.96","Yes","Controlled","SYNTHETIC DEMO DATA — Network sites, availability, outages, downtime, incident severity, and regional performance."
"NETWORKOPERATIONS-00098","2026-01-28","2026-01","Southern","Site CT-101","Medium","Backhaul","Resolved","NOC Radio","7","13187.11","2320.93","100","53.82","Yes","Controlled","SYNTHETIC DEMO DATA — Network sites, availability, outages, downtime, incident severity, and regional performance."
"NETWORKOPERATIONS-00099","2026-02-10","2026-02","Western","Site CT-214","Low","Radio","Resolved","Regional NOC","4","11220.7","2109.49","95","56.68","No","At Risk","SYNTHETIC DEMO DATA — Network sites, availability, outages, downtime, incident severity, and regional performance."
"NETWORKOPERATIONS-00100","2026-02-23","2026-02","Northern","Site CT-337","Critical","Transmission","Open","NOC Radio","1","9813.24","1373.85","96","59.54","No","At Risk","SYNTHETIC DEMO DATA — Network sites, availability, outages, downtime, incident severity, and regional performance."
,"2026-03-08","2026-03","Central","Site CT-452","High","Power","Monitoring","Regional NOC","10","14309.32","2175.02","96","62.4","Yes","Controlled","SYNTHETIC DEMO DATA — Network sites, availability, outages, downtime, incident severity, and regional performance."
"NETWORKOPERATIONS-00102","2026-03-21","2026-03","Eastern","Site CT-589","Medium","Backhaul","Resolved","NOC Radio","7","13964.51","2290.18","97","65.26","Yes","Controlled","SYNTHETIC DEMO DATA — Network sites, availability, outages, downtime, incident severity, and regional performance."
"NETWORKOPERATIONS-00103","2026-04-03","2026-04","Southern","Site CT-101","Low","Radio","Resolved","Regional NOC","4","9149.92","1610.39","98","68.12","Yes","Controlled","SYNTHETIC DEMO DATA — Network sites, availability, outages, downtime, incident severity, and regional performance."
"NETWORKOPERATIONS-00104","2026-04-16","2026-04","Western","Site CT-214","Critical","Transmission","Open","NOC Radio","1","12613.4","2371.32","99","33.8","Yes","At Risk","SYNTHETIC DEMO DATA — Network sites, availability, outages, downtime, incident severity, and regional performance."
"NETWORKOPERATIONS-00105","2026-04-29","2026-04","Northern","Site CT-337","High","Power","Monitoring","Regional NOC","10","10814.88","1514.08","100","36.66","Yes","Controlled","SYNTHETIC DEMO DATA — Network sites, availability, outages, downtime, incident severity, and regional performance."
"NETWORKOPERATIONS-00106","2026-05-12","2026-05","Central","Site CT-452","Medium","Backhaul","Resolved","NOC Radio","7","15680.66","2383.46","100","39.52","Yes","Controlled","SYNTHETIC DEMO DATA — Network sites, availability, outages, downtime, incident severity, and regional performance."
"NETWORKOPERATIONS-00107","2026-05-25","2026-05","Eastern","Site CT-589","Low","Radio","Resolved","Regional NOC","4","15066.14","2470.85","100","42.38","Yes","Controlled","SYNTHETIC DEMO DATA — Network sites, availability, outages, downtime, incident severity, and regional performance."
"NETWORKOPERATIONS-00108","2026-06-07","2026-06","Southern","Site CT-101","Critical","Transmission","Open","NOC Radio","1","7884.51","1387.67","100","45.24","No","At Risk","SYNTHETIC DEMO DATA — Network sites, availability, outages, downtime, incident severity, and regional performance."
"NETWORKOPERATIONS-00109","2026-06-20","2026-06","Western","Site CT-214","High","Power","Monitoring","Regional NOC","10","11052.57","2077.88","100","48.1","No","At Risk","SYNTHETIC DEMO DATA — Network sites, availability, outages, downtime, incident severity, and regional performance."
"NETWORKOPERATIONS-00110","2025-01-09","2025-01","Northern","Site CT-337","Medium","Backhaul","Resolved","NOC Radio","7","9313.6","1303.9","95","50.96","Yes","Controlled","SYNTHETIC DEMO DATA — Network sites, availability, outages, downtime, incident severity, and regional performance."
"NETWORKOPERATIONS-00111","2025-01-22","2025-01","Central","Site CT-452","Low","Radio","Resolved","Regional NOC","4","12877.26","1957.34","96","53.82","Yes","Controlled","SYNTHETIC DEMO DATA — Network sites, availability, outages, downtime, incident severity, and regional performance."
"NETWORKOPERATIONS-00112","2025-02-04","2025-02","Eastern","Site CT-589","Critical","Transmission","Open","NOC Radio","1","13177.3","2161.08","96","56.68","Yes","At Risk","SYNTHETIC DEMO DATA — Network sites, availability, outages, downtime, incident severity, and regional performance."
"NETWORKOPERATIONS-00113","2025-02-17","2025-02","Southern","Site CT-101","High","Power","Monitoring","Regional NOC","10","11106.99","1954.83","97","59.54","Yes","Controlled","SYNTHETIC DEMO DATA — Network sites, availability, outages, downtime, incident severity, and regional performance."
"NETWORKOPERATIONS-00114","2025-03-02","2025-03","Western","Site CT-214","Medium","Backhaul","Resolved","NOC Radio","7","16027.7","3013.21","98","62.4","Yes","Controlled","SYNTHETIC DEMO DATA — Network sites, availability, outages, downtime, incident severity, and regional performance."
"NETWORKOPERATIONS-00115","2025-03-15","2025-03","Northern","Site CT-337","Low","Radio","Resolved","Regional NOC","4","13704.64","1918.65","99","65.26","Yes","Controlled","SYNTHETIC DEMO DATA — Network sites, availability, outages, downtime, incident severity, and regional performance."
"NETWORKOPERATIONS-00116","2025-03-28","2025-03","Central","Site CT-452","Critical","Transmission","Open","NOC Radio","1","18655.38","2835.62","100","68.12","Yes","At Risk","SYNTHETIC DEMO DATA — Network sites, availability, outages, downtime, incident severity, and regional performance."
"NETWORKOPERATIONS-00117","2025-04-10","2025-04","Eastern","Site CT-589","High","Power","Monitoring","Regional NOC","10","8219.94","1348.07","100","33.8","No","At Risk","SYNTHETIC DEMO DATA — Network sites, availability, outages, downtime, incident severity, and regional performance."
"NETWORKOPERATIONS-00118","2025-04-23","2025-04","Southern","Site CT-101","Medium","Backhaul","Resolved","NOC Radio","7","7045.51","1240.01","100","36.66","No","At Risk","SYNTHETIC DEMO DATA — Network sites, availability, outages, downtime, incident severity, and regional performance."
"NETWORKOPERATIONS-00119","2025-05-06","2025-05","Western","Site CT-214","Low","Radio","Resolved","Regional NOC","4","10440.89","1962.89","100","39.52","Yes","Controlled","SYNTHETIC DEMO DATA — Network sites, availability, outages, downtime, incident severity, and regional performance."
"NETWORKOPERATIONS-00120","2025-05-19","2025-05","Northern","Site CT-337","Critical","Transmission","Open","NOC Radio","1","9045.36","1266.35","100","42.38","Yes","At Risk","SYNTHETIC DEMO DATA — Network sites, availability, outages, downtime, incident severity, and regional performance."
"NETWORKOPERATIONS-00121","2025-06-01","2025-06","Central","Site CT-452","High","Power","Monitoring","Regional NOC","10","13190.91","2005.02","95","45.24","Yes","Controlled","SYNTHETIC DEMO DATA — Network sites, availability, outages, downtime, incident severity, and regional performance."
"NETWORKOPERATIONS-00122","2025-06-14","2025-06","Eastern","Site CT-589","Medium","Backhaul","Resolved","NOC Radio","7","12779.44","2095.83","96","48.1","Yes","Controlled","SYNTHETIC DEMO DATA — Network sites, availability, outages, downtime, incident severity, and regional performance."
"NETWORKOPERATIONS-00123","2025-06-27","2025-06","Southern","Site CT-101","Low","Radio","Resolved","Regional NOC","4","10738.73","1890.02","96","50.96","Yes","Controlled","SYNTHETIC DEMO DATA — Network sites, availability, outages, downtime, incident severity, and regional performance."
"NETWORKOPERATIONS-00124","2025-07-10","2025-07","Western","Site CT-214","Critical","Transmission","Open","NOC Radio","1","15810.24","2972.33","97","53.82","Yes","At Risk","SYNTHETIC DEMO DATA — Network sites, availability, outages, downtime, incident severity, and regional performance."
"NETWORKOPERATIONS-00125","2025-07-23","2025-07","Northern","Site CT-337","High","Power","Monitoring","Regional NOC","10","13485.2","1887.93","98","56.68","Yes","Controlled","SYNTHETIC DEMO DATA — Network sites, availability, outages, downtime, incident severity, and regional performance."
"NETWORKOPERATIONS-00126","2025-08-05","2025-08","Central","Site CT-452","Medium","Backhaul","Resolved","NOC Radio","7","11424.81","1736.57","99","59.54","No","At Risk","SYNTHETIC DEMO DATA — Network sites, availability, outages, downtime, incident severity, and regional performance."
"NETWORKOPERATIONS-00127","2025-08-18","2025-08","Eastern","Site CT-589","Low","Radio","Resolved","Regional NOC","4","11255.37","1845.88","100","62.4","No","At Risk","SYNTHETIC DEMO DATA — Network sites, availability, outages, downtime, incident severity, and regional performance."
"NETWORKOPERATIONS-00128","2025-08-31","2025-08","Southern","Site CT-101","Critical","Transmission","Open","NOC Radio","1","9598.67","1689.37","100","65.26","Yes","At Risk","SYNTHETIC DEMO DATA — Network sites, availability, outages, downtime, incident severity, and regional performance."
"NETWORKOPERATIONS-00129","2025-09-13","2025-09","Western","Site CT-214","High","Power","Monitoring","Regional NOC","10","13995.39","2631.13","100","68.12","Yes","Controlled","SYNTHETIC DEMO DATA — Network sites, availability, outages, downtime, incident severity, and regional performance."
"NETWORKOPERATIONS-00130","2025-09-26","2025-09","Northern","Site CT-337","Medium","Backhaul","Resolved","NOC Radio","7","12077.94","1690.91","100","33.8","Yes","Controlled","SYNTHETIC DEMO DATA — Network sites, availability, outages, downtime, incident severity, and regional performance."
"NETWORKOPERATIONS-00131","2025-10-09","2025-10","Central","Site CT-452","Low","Radio","Resolved","Regional NOC","4","12850.21","1953.23","100","36.66","Yes","Controlled","SYNTHETIC DEMO DATA — Network sites, availability, outages, downtime, incident severity, and regional performance."
"NETWORKOPERATIONS-00132","2025-10-22","2025-10","Eastern","Site CT-589","Critical","Transmission","Open","NOC Radio","1","12411.33","2035.46","95","39.52","Yes","At Risk","SYNTHETIC DEMO DATA — Network sites, availability, outages, downtime, incident severity, and regional performance."
"NETWORKOPERATIONS-00133","2025-11-04","2025-11","Southern","Site CT-101","High","Power","Monitoring","Regional NOC","10","11050.83","1944.95","96","42.38","Yes","Controlled","SYNTHETIC DEMO DATA — Network sites, availability, outages, downtime, incident severity, and regional performance."
"NETWORKOPERATIONS-00134","2025-11-17","2025-11","Western","Site CT-214","Medium","Backhaul","Resolved","NOC Radio","7","15108.11","2840.32","96","45.24","Yes","Controlled","SYNTHETIC DEMO DATA — Network sites, availability, outages, downtime, incident severity, and regional performance."
"NETWORKOPERATIONS-00135","2025-11-30","2025-11","Northern","Site CT-337","Low","Radio","Resolved","Regional NOC","4","7619.18","1066.69","97","48.1","No","At Risk","SYNTHETIC DEMO DATA — Network sites, availability, outages, downtime, incident severity, and regional performance."
"NETWORKOPERATIONS-00136","2025-12-13","2025-12","Central","Site CT-452","Critical","Transmission","Open","NOC Radio","1","11260.08","1711.53","98","50.96","No","At Risk","SYNTHETIC DEMO DATA — Network sites, availability, outages, downtime, incident severity, and regional performance."
"NETWORKOPERATIONS-00137","2025-12-26","2025-12","Eastern","Site CT-589","High","Power","Monitoring","Regional NOC","10","11037.22","1810.1","99","53.82","Yes","Controlled","SYNTHETIC DEMO DATA — Network sites, availability, outages, downtime, incident severity, and regional performance."
"NETWORKOPERATIONS-00138","2026-01-08","2026-01","Southern","Site CT-101","Medium","Backhaul","Resolved","NOC Radio","7","10060.85","1770.71","100","56.68","Yes","Controlled","SYNTHETIC DEMO DATA — Network sites, availability, outages, downtime, incident severity, and regional performance."
"NETWORKOPERATIONS-00139","2026-01-21","2026-01","Western","Site CT-214","Low","Radio","Resolved","Regional NOC","4","13916.79","2616.36","100","59.54","Yes","Controlled","SYNTHETIC DEMO DATA — Network sites, availability, outages, downtime, incident severity, and regional performance."
"NETWORKOPERATIONS-00140","2026-02-03","2026-02","Northern","Site CT-337","Critical","Transmission","Open","NOC Radio","1","12598.94","1763.85","100","62.4","Yes","At Risk","SYNTHETIC DEMO DATA — Network sites, availability, outages, downtime, incident severity, and regional performance."
"NETWORKOPERATIONS-00141","2026-02-16","2026-02","Central","Site CT-452","High","Power","Monitoring","Regional NOC","10","17240.14","2620.5","100","65.26","Yes","Controlled","SYNTHETIC DEMO DATA — Network sites, availability, outages, downtime, incident severity, and regional performance."
"NETWORKOPERATIONS-00142","2026-03-01","2026-03","Eastern","Site CT-589","Medium","Backhaul","Resolved","NOC Radio","7","17435.92","2859.49","100","68.12","Yes","Controlled","SYNTHETIC DEMO DATA — Network sites, availability, outages, downtime, incident severity, and regional performance."
"NETWORKOPERATIONS-00143","2026-03-14","2026-03","Southern","Site CT-101","Low","Radio","Resolved","Regional NOC","4","14575.22","2565.24","95","33.8","Yes","Controlled","SYNTHETIC DEMO DATA — Network sites, availability, outages, downtime, incident severity, and regional performance."
"NETWORKOPERATIONS-00144","2026-03-27","2026-03","Western","Site CT-214","Critical","Transmission","Open","NOC Radio","1","11979.56","2252.16","96","36.66","No","At Risk","SYNTHETIC DEMO DATA — Network sites, availability, outages, downtime, incident severity, and regional performance."
"NETWORKOPERATIONS-00145","2026-04-09","2026-04","Northern","Site CT-337","High","Power","Monitoring","Regional NOC","10","7982.41","1117.54","96","39.52","No","At Risk","SYNTHETIC DEMO DATA — Network sites, availability, outages, downtime, incident severity, and regional performance."
"NETWORKOPERATIONS-00146","2026-04-22","2026-04","Central","Site CT-452","Medium","Backhaul","Resolved","NOC Radio","7","11085.4","1684.98","97","42.38","Yes","Controlled","SYNTHETIC DEMO DATA — Network sites, availability, outages, downtime, incident severity, and regional performance."
"NETWORKOPERATIONS-00147","2026-05-05","2026-05","Eastern","Site CT-589","Low","Radio","Resolved","Regional NOC","4","11494.42","1885.08","98","45.24","Yes","Controlled","SYNTHETIC DEMO DATA — Network sites, availability, outages, downtime, incident severity, and regional performance."
"NETWORKOPERATIONS-00148","2026-05-18","2026-05","Southern","Site CT-101","Critical","Transmission","Open","NOC Radio","1","9721.79","1711.04","99","48.1","Yes","At Risk","SYNTHETIC DEMO DATA — Network sites, availability, outages, downtime, incident severity, and regional performance."
"NETWORKOPERATIONS-00149","2026-05-31","2026-05","Western","Site CT-214","High","Power","Monitoring","Regional NOC","10","13401.74","2519.53","100","50.96","Yes","Controlled","SYNTHETIC DEMO DATA — Network sites, availability, outages, downtime, incident severity, and regional performance."
"NETWORKOPERATIONS-00150","2026-06-13","2026-06","Northern","Site CT-337","Medium","Backhaul","Resolved","NOC Radio","7","12166.74","1703.34","100","53.82","Yes","Controlled","SYNTHETIC DEMO DATA — Network sites, availability, outages, downtime, incident severity, and regional performance."
"NETWORKOPERATIONS-00151","2025-01-02","2025-01","Central","Site CT-452","Low","Radio","Resolved","Regional NOC","4","-1","2443.92","100","56.68","Yes","Controlled","SYNTHETIC DEMO DATA — Network sites, availability, outages, downtime, incident severity, and regional performance."
"NETWORKOPERATIONS-00152","2025-01-15","2025-01","Eastern","Site CT-589","Critical","Transmission","Open","NOC Radio","1","15448.28","2533.52","100","59.54","Yes","At Risk","SYNTHETIC DEMO DATA — Network sites, availability, outages, downtime, incident severity, and regional performance."
"NETWORKOPERATIONS-00153","2025-01-28","2025-01","Southern","Site CT-101","High","Power","Monitoring","Regional NOC","10","7635.36","1343.82","100","62.4","No","At Risk","SYNTHETIC DEMO DATA — Network sites, availability, outages, downtime, incident severity, and regional performance."
"NETWORKOPERATIONS-00154","2025-02-10","2025-02","Western","Site CT-214","Medium","Backhaul","Resolved","NOC Radio","7","11266.64","2118.13","95","65.26","No","At Risk","SYNTHETIC DEMO DATA — Network sites, availability, outages, downtime, incident severity, and regional performance."
"NETWORKOPERATIONS-00155","2025-02-23","2025-02","Northern","Site CT-337","Low","Radio","Resolved","Regional NOC","4","9803.79","1372.53","96","68.12","Yes","Controlled","SYNTHETIC DEMO DATA — Network sites, availability, outages, downtime, incident severity, and regional performance."
"NETWORKOPERATIONS-00156","2025-03-08","2025-03","Central","Site CT-452","Critical","Transmission","Open","NOC Radio","1","14232.76","2163.38","96","33.8","Yes","At Risk","SYNTHETIC DEMO DATA — Network sites, availability, outages, downtime, incident severity, and regional performance."
"NETWORKOPERATIONS-00157","2025-03-21","2025-03","Eastern","Site CT-589","High","Power","Monitoring","Regional NOC","10","13836.16","2269.13","97","36.66","Yes","Controlled","SYNTHETIC DEMO DATA — Network sites, availability, outages, downtime, incident severity, and regional performance."
"NETWORKOPERATIONS-00158","2025-04-03","2025-04","Southern","Site CT-101","Medium","Backhaul","Resolved","NOC Radio","7","9045.53","1592.01","98","39.52","Yes","Controlled","SYNTHETIC DEMO DATA — Network sites, availability, outages, downtime, incident severity, and regional performance."
"NETWORKOPERATIONS-00159","2025-04-16","2025-04","Western","Site CT-214","Low","Radio","Resolved","Regional NOC","4","12431.39","2337.1","99","42.38","Yes","Controlled","SYNTHETIC DEMO DATA — Network sites, availability, outages, downtime, incident severity, and regional performance."
"NETWORKOPERATIONS-00160","2025-04-29","2025-04","Northern","Site CT-337","Critical","Transmission","Open","NOC Radio","1","10629.58","1488.14","100","45.24","Yes","At Risk","SYNTHETIC DEMO DATA — Network sites, availability, outages, downtime, incident severity, and regional performance."
"NETWORKOPERATIONS-00161","2025-05-12","2025-05","Central","Site CT-452","High","Power","Monitoring","Regional NOC","10","15373.81","2336.82","100","48.1","Yes","Controlled","SYNTHETIC DEMO DATA — Network sites, availability, outages, downtime, incident severity, and regional performance."
"NETWORKOPERATIONS-00162","2025-05-25","2025-05","Eastern","Site CT-589","Medium","Backhaul","Resolved","NOC Radio","7","8733.69","1432.33","100","50.96","No","At Risk","SYNTHETIC DEMO DATA — Network sites, availability, outages, downtime, incident severity, and regional performance."
"NETWORKOPERATIONS-00163","2025-06-07","2025-06","Southern","Site CT-101","Low","Radio","Resolved","Regional NOC","4","7926.2","1395.01","100","53.82","No","At Risk","SYNTHETIC DEMO DATA — Network sites, availability, outages, downtime, incident severity, and regional performance."
"NETWORKOPERATIONS-00164","2025-06-20","2025-06","Western","Site CT-214","Critical","Transmission","Open","NOC Radio","1","11055.06","2078.35","100","56.68","Yes","At Risk","SYNTHETIC DEMO DATA — Network sites, availability, outages, downtime, incident severity, and regional performance."
"NETWORKOPERATIONS-00165","2025-07-03","2025-07","Northern","Site CT-337","High","Power","Monitoring","Regional NOC","10","10288.28","1440.36","95","59.54","Yes","Controlled","SYNTHETIC DEMO DATA — Network sites, availability, outages, downtime, incident severity, and regional performance."
"NETWORKOPERATIONS-00166","2025-07-16","2025-07","Central","Site CT-452","Medium","Backhaul","Resolved","NOC Radio","7","14169.94","2153.83","96","62.4","Yes","Controlled","SYNTHETIC DEMO DATA — Network sites, availability, outages, downtime, incident severity, and regional performance."
"NETWORKOPERATIONS-00167","2025-07-29","2025-07","Eastern","Site CT-589","Low","Radio","Resolved","Regional NOC","4","13727.92","2251.38","96","65.26","Yes","Controlled","SYNTHETIC DEMO DATA — Network sites, availability, outages, downtime, incident severity, and regional performance."
"NETWORKOPERATIONS-00168","2025-08-11","2025-08","Southern","Site CT-101","Critical","Transmission","Open","NOC Radio","1","12142.89","2137.15","97","68.12","Yes","At Risk","SYNTHETIC DEMO DATA — Network sites, availability, outages, downtime, incident severity, and regional performance."
"NETWORKOPERATIONS-00169","2025-08-24","2025-08","Western","Site CT-214","High","Power","Monitoring","Regional NOC","10","16642.35","3128.76","98","33.8","Yes","Controlled","SYNTHETIC DEMO DATA — Network sites, availability, outages, downtime, incident severity, and regional performance."
"NETWORKOPERATIONS-00170","2025-09-06","2025-09","Northern","Site CT-337","Medium","Backhaul","Resolved","NOC Radio","7","14904.7","2086.66","99","36.66","Yes","Controlled","SYNTHETIC DEMO DATA — Network sites, availability, outages, downtime, incident severity, and regional performance."
"NETWORKOPERATIONS-00171","2025-09-19","2025-09","Central","Site CT-452","Low","Radio","Resolved","Regional NOC","4","11996.05","1823.4","100","39.52","No","At Risk","SYNTHETIC DEMO DATA — Network sites, availability, outages, downtime, incident severity, and regional performance."
"NETWORKOPERATIONS-00172","2025-10-02","2025-10","Eastern","Site CT-589","Critical","Transmission","Open","NOC Radio","1","9160.74","1502.36","100","42.38","No","At Risk","SYNTHETIC DEMO DATA — Network sites, availability, outages, downtime, incident severity, and regional performance."
"NETWORKOPERATIONS-00173","2025-10-15","2025-10","Southern","Site CT-101","High","Power","Monitoring","Regional NOC","10","7812.35","1374.97","100","45.24","Yes","Controlled","SYNTHETIC DEMO DATA — Network sites, availability, outages, downtime, incident severity, and regional performance."
"NETWORKOPERATIONS-00174","2025-10-28","2025-10","Western","Site CT-214","Medium","Backhaul","Resolved","NOC Radio","7","10848.42","2039.5","100","48.1","Yes","Controlled","SYNTHETIC DEMO DATA — Network sites, availability, outages, downtime, incident severity, and regional performance."
"NETWORKOPERATIONS-00175","2025-11-10","2025-11","Northern","Site CT-337","Low","Radio","Resolved","Regional NOC","4","9947.26","1392.62","100","50.96","Yes","Controlled","SYNTHETIC DEMO DATA — Network sites, availability, outages, downtime, incident severity, and regional performance."
"NETWORKOPERATIONS-00176","2025-11-23","2025-11","Central","Site CT-452","Critical","Transmission","Open","NOC Radio","1","13653.35","2075.31","95","53.82","Yes","At Risk","SYNTHETIC DEMO DATA — Network sites, availability, outages, downtime, incident severity, and regional performance."
"NETWORKOPERATIONS-00177","2025-12-06","2025-12","Eastern","Site CT-589","High","Power","Monitoring","Regional NOC","10","13962.75","2289.89","96","56.68","Yes","Controlled","SYNTHETIC DEMO DATA — Network sites, availability, outages, downtime, incident severity, and regional performance."
"NETWORKOPERATIONS-00178","2025-12-19","2025-12","Southern","Site CT-101","Medium","Backhaul","Resolved","NOC Radio","7","11700.88","2059.35","96","59.54","Yes","Controlled","SYNTHETIC DEMO DATA — Network sites, availability, outages, downtime, incident severity, and regional performance."
"NETWORKOPERATIONS-00179","2026-01-01","2026-01","Western","Site CT-214","Low","Radio","Resolved","Regional NOC","4","17173.91","3228.7","97","62.4","Yes","Controlled","SYNTHETIC DEMO DATA — Network sites, availability, outages, downtime, incident severity, and regional performance."
"NETWORKOPERATIONS-00180","2026-01-14","2026-01","Northern","Site CT-337","Critical","Transmission","Open","NOC Radio","1","8660.98","1212.54","98","65.26","No","At Risk","SYNTHETIC DEMO DATA — Network sites, availability, outages, downtime, incident severity, and regional performance."
"NETWORKOPERATIONS-00181","2026-01-27","2026-01","Central","Site CT-452","High","Power","Monitoring","Regional NOC","10","12088.62","1837.47","99","68.12","No","At Risk","SYNTHETIC DEMO DATA — Network sites, availability, outages, downtime, incident severity, and regional performance."
"NETWORKOPERATIONS-00182","2026-02-09","2026-02","Eastern","Site CT-589","Medium","Backhaul","Resolved","NOC Radio","7","12473.01","2045.57","100","33.8","Yes","Controlled","SYNTHETIC DEMO DATA — Network sites, availability, outages, downtime, incident severity, and regional performance."
"NETWORKOPERATIONS-00183","2026-02-22","2026-02","Southern","Site CT-101","Low","Radio","Resolved","Regional NOC","4","10590.37","1863.91","100","36.66","Yes","Controlled","SYNTHETIC DEMO DATA — Network sites, availability, outages, downtime, incident severity, and regional performance."
"NETWORKOPERATIONS-00184","2026-03-07","2026-03","Western","Site CT-214","Critical","Transmission","Open","NOC Radio","1","15381.71","2891.76","100","39.52","Yes","At Risk","SYNTHETIC DEMO DATA — Network sites, availability, outages, downtime, incident severity, and regional performance."
"NETWORKOPERATIONS-00185","2026-03-20","2026-03","Northern","Site CT-337","High","Power","Monitoring","Regional NOC","10","13228.89","1852.04","100","42.38","Yes","Controlled","SYNTHETIC DEMO DATA — Network sites, availability, outages, downtime, incident severity, and regional performance."
"NETWORKOPERATIONS-00186","2026-04-02","2026-04","Central","Site CT-452","Medium","Backhaul","Resolved","NOC Radio","7","14023.7","2131.6","100","45.24","Yes","Controlled","SYNTHETIC DEMO DATA — Network sites, availability, outages, downtime, incident severity, and regional performance."
"NETWORKOPERATIONS-00187","2026-04-15","2026-04","Eastern","Site CT-589","Low","Radio","Resolved","Regional NOC","4","13507.57","2215.24","95","48.1","Yes","Controlled","SYNTHETIC DEMO DATA — Network sites, availability, outages, downtime, incident severity, and regional performance."
"NETWORKOPERATIONS-00188","2026-04-28","2026-04","Southern","Site CT-101","Critical","Transmission","Open","NOC Radio","1","11291.4","1987.29","96","50.96","Yes","At Risk","SYNTHETIC DEMO DATA — Network sites, availability, outages, downtime, incident severity, and regional performance."
"NETWORKOPERATIONS-00189","2026-05-11","2026-05","Western","Site CT-214","High","Power","Monitoring","Regional NOC","10","9697.74","1823.18","96","53.82","No","At Risk","SYNTHETIC DEMO DATA — Network sites, availability, outages, downtime, incident severity, and regional performance."
"NETWORKOPERATIONS-00190","2026-05-24","2026-05","Northern","Site CT-337","Medium","Backhaul","Resolved","NOC Radio","7","8481.32","1187.38","97","56.68","No","At Risk","SYNTHETIC DEMO DATA — Network sites, availability, outages, downtime, incident severity, and regional performance."
"NETWORKOPERATIONS-00191","2026-06-06","2026-06","Central","Site CT-452","Low","Radio","Resolved","Regional NOC","4","12471.07","1895.6","98","59.54","Yes","Controlled","SYNTHETIC DEMO DATA — Network sites, availability, outages, downtime, incident severity, and regional performance."
"NETWORKOPERATIONS-00192","2026-06-19","2026-06","Eastern","Site CT-589","Critical","Transmission","Open","NOC Radio","1","12170.56","1995.97","99","62.4","Yes","At Risk","SYNTHETIC DEMO DATA — Network sites, availability, outages, downtime, incident severity, and regional performance."
"NETWORKOPERATIONS-00193","2025-01-08","2025-01","Southern","Site CT-101","High","Power","Monitoring","Regional NOC","10","9968.38","1754.43","100","65.26","Yes","Controlled","SYNTHETIC DEMO DATA — Network sites, availability, outages, downtime, incident severity, and regional performance."
"NETWORKOPERATIONS-00194","2025-01-21","2025-01","Western","Site CT-214","Medium","Backhaul","Resolved","NOC Radio","7","13741.67","2583.43","100","68.12","Yes","Controlled","SYNTHETIC DEMO DATA — Network sites, availability, outages, downtime, incident severity, and regional performance."
"NETWORKOPERATIONS-00195","2025-02-03","2025-02","Northern","Site CT-337","Low","Radio","Resolved","Regional NOC","4","12402.39","1736.33","100","33.8","Yes","Controlled","SYNTHETIC DEMO DATA — Network sites, availability, outages, downtime, incident severity, and regional performance."
"NETWORKOPERATIONS-00196","2025-02-16","2025-02","Central","Site CT-452","Critical","Transmission","Open","NOC Radio","1","16924.62","2572.54","100","36.66","Yes","At Risk","SYNTHETIC DEMO DATA — Network sites, availability, outages, downtime, incident severity, and regional performance."
"NETWORKOPERATIONS-00197","2025-03-01","2025-03","Eastern","Site CT-589","High","Power","Monitoring","Regional NOC","10","17074.41","2800.2","100","39.52","Yes","Controlled","SYNTHETIC DEMO DATA — Network sites, availability, outages, downtime, incident severity, and regional performance."
"NETWORKOPERATIONS-00198","2025-03-14","2025-03","Southern","Site CT-101","Medium","Backhaul","Resolved","NOC Radio","7","8439.08","1485.28","95","42.38","No","At Risk","SYNTHETIC DEMO DATA — Network sites, availability, outages, downtime, incident severity, and regional performance."
"NETWORKOPERATIONS-00199","2025-03-27","2025-03","Western","Site CT-214","Low","Radio","Resolved","Regional NOC","4","11829.97","2224.03","96","45.24","No","At Risk","SYNTHETIC DEMO DATA — Network sites, availability, outages, downtime, incident severity, and regional performance."
"NETWORKOPERATIONS-00200","2025-04-09","2025-04","Northern","Site CT-337","Critical","Transmission","Open","NOC Radio","1","7984.21","1117.79","96","48.1","Yes","At Risk","SYNTHETIC DEMO DATA — Network sites, availability, outages, downtime, incident severity, and regional performance."
"NETWORKOPERATIONS-00201","2025-04-22","2025-04","Central","Site CT-452","High","Power","Monitoring","Regional NOC","10","11039.2","1677.96","97","50.96","Yes","Controlled","SYNTHETIC DEMO DATA — Network sites, availability, outages, downtime, incident severity, and regional performance."
"NETWORKOPERATIONS-00202","2025-05-05","2025-05","Eastern","Site CT-589","Medium","Backhaul","Resolved","NOC Radio","7","11402.31","1869.98","98","53.82","Yes","Controlled","SYNTHETIC DEMO DATA — Network sites, availability, outages, downtime, incident severity, and regional performance."
"NETWORKOPERATIONS-00203","2025-05-18","2025-05","Southern","Site CT-101","Low","Radio","Resolved","Regional NOC","4","9610.87","1691.51","99","56.68","Yes","Controlled","SYNTHETIC DEMO DATA — Network sites, availability, outages, downtime, incident severity, and regional performance."
"NETWORKOPERATIONS-00204","2025-05-31","2025-05","Western","Site CT-214","Critical","Transmission","Open","NOC Radio","1","13208.35","2483.17","100","59.54","Yes","At Risk","SYNTHETIC DEMO DATA — Network sites, availability, outages, downtime, incident severity, and regional performance."
"NETWORKOPERATIONS-00205","2025-06-13","2025-06","Northern","Site CT-337","High","Power","Monitoring","Regional NOC","10","11958.28","1674.16","100","62.4","Yes","Controlled","SYNTHETIC DEMO DATA — Network sites, availability, outages, downtime, incident severity, and regional performance."
"NETWORKOPERATIONS-00206","2025-06-26","2025-06","Central","Site CT-452","Medium","Backhaul","Resolved","NOC Radio","7","16278.15","2474.28","100","65.26","Yes","Controlled","SYNTHETIC DEMO DATA — Network sites, availability, outages, downtime, incident severity, and regional performance."
"NETWORKOPERATIONS-00207","2025-07-09","2025-07","Eastern","Site CT-589","Low","Radio","Resolved","Regional NOC","4","9933.77","1629.14","100","68.12","No","At Risk","SYNTHETIC DEMO DATA — Network sites, availability, outages, downtime, incident severity, and regional performance."
"NETWORKOPERATIONS-00208","2025-07-22","2025-07","Southern","Site CT-101","Critical","Transmission","Open","NOC Radio","1","8514.48","1498.55","100","33.8","No","At Risk","SYNTHETIC DEMO DATA — Network sites, availability, outages, downtime, incident severity, and regional performance."
"NETWORKOPERATIONS-00209","2025-08-04","2025-08","Western","Site CT-214","High","Power","Monitoring","Regional NOC","10","12500.59","2350.11","95","36.66","Yes","Controlled","SYNTHETIC DEMO DATA — Network sites, availability, outages, downtime, incident severity, and regional performance."
"NETWORKOPERATIONS-00210","2025-08-17","2025-08","Northern","Site CT-337","Medium","Backhaul","Resolved","NOC Radio","7","10829.77","1516.17","96","39.52","Yes","Controlled","SYNTHETIC DEMO DATA — Network sites, availability, outages, downtime, incident severity, and regional performance."
"NETWORKOPERATIONS-00211","2025-08-30","2025-08","Central","Site CT-452","Low","Radio","Resolved","Regional NOC","4","14915.72","2267.19","96","42.38","Yes","Controlled","SYNTHETIC DEMO DATA — Network sites, availability, outages, downtime, incident severity, and regional performance."
"NETWORKOPERATIONS-00212","2025-09-12","2025-09","Eastern","Site CT-589","Critical","Transmission","Open","NOC Radio","1","15172.97","2488.37","97","45.24","Yes","At Risk","SYNTHETIC DEMO DATA — Network sites, availability, outages, downtime, incident severity, and regional performance."
"NETWORKOPERATIONS-00213","2025-09-25","2025-09","Southern","Site CT-101","High","Power","Monitoring","Regional NOC","10","12750.04","2244.01","98","48.1","Yes","Controlled","SYNTHETIC DEMO DATA — Network sites, availability, outages, downtime, incident severity, and regional performance."
"NETWORKOPERATIONS-00214","2025-10-08","2025-10","Western","Site CT-214","Medium","Backhaul","Resolved","NOC Radio","7","13545.21","2546.5","99","50.96","Yes","Controlled","SYNTHETIC DEMO DATA — Network sites, availability, outages, downtime, incident severity, and regional performance."
"NETWORKOPERATIONS-00215","2025-10-21","2025-10","Northern","Site CT-337","Low","Radio","Resolved","Regional NOC","4","11553.26","1617.46","100","53.82","Yes","Controlled","SYNTHETIC DEMO DATA — Network sites, availability, outages, downtime, incident severity, and regional performance."
"NETWORKOPERATIONS-00216","2025-11-03","2025-11","Central","Site CT-452","Critical","Transmission","Open","NOC Radio","1","9879.81","1501.73","100","56.68","No","At Risk","SYNTHETIC DEMO DATA — Network sites, availability, outages, downtime, incident severity, and regional performance."
"NETWORKOPERATIONS-00217","2025-11-16","2025-11","Eastern","Site CT-589","High","Power","Monitoring","Regional NOC","10","9733.29","1596.26","100","59.54","No","At Risk","SYNTHETIC DEMO DATA — Network sites, availability, outages, downtime, incident severity, and regional performance."
"NETWORKOPERATIONS-00218","2025-11-29","2025-11","Southern","Site CT-101","Medium","Backhaul","Resolved","NOC Radio","7","8300.62","1460.91","100","62.4","Yes","Controlled","SYNTHETIC DEMO DATA — Network sites, availability, outages, downtime, incident severity, and regional performance."
"NETWORKOPERATIONS-00219","2025-12-12","2025-12","Western","Site CT-214","Low","Radio","Resolved","Regional NOC","4","12204.48","2294.44","100","65.26","Yes","Controlled","SYNTHETIC DEMO DATA — Network sites, availability, outages, downtime, incident severity, and regional performance."
"NETWORKOPERATIONS-00220","2025-12-25","2025-12","Northern","Site CT-337","Critical","Transmission","Open","NOC Radio","1","10532.39","1474.53","95","68.12","Yes","At Risk","SYNTHETIC DEMO DATA — Network sites, availability, outages, downtime, incident severity, and regional performance."
"NETWORKOPERATIONS-00221","2026-01-07","2026-01","Central","Site CT-452","High","Power","Monitoring","Regional NOC","10","15520.23","2359.07","96","33.8","Yes","Controlled","SYNTHETIC DEMO DATA — Network sites, availability, outages, downtime, incident severity, and regional performance."
"NETWORKOPERATIONS-00222","2026-01-20","2026-01","Eastern","Site CT-589","Medium","Backhaul","Resolved","NOC Radio","7","14990.16","2458.39","96","36.66","Yes","Controlled","SYNTHETIC DEMO DATA — Network sites, availability, outages, downtime, incident severity, and regional performance."
"NETWORKOPERATIONS-00223","2026-02-02","2026-02","Southern","Site CT-101","Low","Radio","Resolved","Regional NOC","4","13223.01","2327.25","97","39.52","Yes","Controlled","SYNTHETIC DEMO DATA — Network sites, availability, outages, downtime, incident severity, and regional performance."
"NETWORKOPERATIONS-00224","2026-02-15","2026-02","Western","Site CT-214","Critical","Transmission","Open","NOC Radio","1","18077.8","3398.63","98","42.38","Yes","At Risk","SYNTHETIC DEMO DATA — Network sites, availability, outages, downtime, incident severity, and regional performance."
"NETWORKOPERATIONS-00225","2026-02-28","2026-02","Northern","Site CT-337","High","Power","Monitoring","Regional NOC","10","9116.82","1276.35","99","45.24","No","At Risk","SYNTHETIC DEMO DATA — Network sites, availability, outages, downtime, incident severity, and regional performance."
"NETWORKOPERATIONS-00226","2026-03-13","2026-03","Central","Site CT-452","Medium","Backhaul","Resolved","NOC Radio","7","13361.11","2030.89","100","48.1","No","At Risk","SYNTHETIC DEMO DATA — Network sites, availability, outages, downtime, incident severity, and regional performance."
"NETWORKOPERATIONS-00227","2026-03-26","2026-03","Eastern","Site CT-589","Low","Radio","Resolved","Regional NOC","4","13096.66","2147.85","100","50.96","Yes","Controlled","SYNTHETIC DEMO DATA — Network sites, availability, outages, downtime, incident severity, and regional performance."
"NETWORKOPERATIONS-00228","2026-04-08","2026-04","Southern","Site CT-101","Critical","Transmission","Open","NOC Radio","1","8614.56","1516.16","100","53.82","Yes","At Risk","SYNTHETIC DEMO DATA — Network sites, availability, outages, downtime, incident severity, and regional performance."
"NETWORKOPERATIONS-00229","2026-04-21","2026-04","Western","Site CT-214","High","Power","Monitoring","Regional NOC","10","11916.18","2240.24","100","56.68","Yes","Controlled","SYNTHETIC DEMO DATA — Network sites, availability, outages, downtime, incident severity, and regional performance."
"NETWORKOPERATIONS-00230","2026-05-04","2026-05","Northern","Site CT-337","Medium","Backhaul","Resolved","NOC Radio","7","10888.91","1524.45","100","59.54","Yes","Controlled","SYNTHETIC DEMO DATA — Network sites, availability, outages, downtime, incident severity, and regional performance."
"NETWORKOPERATIONS-00231","2026-05-17","2026-05","Central","Site CT-452","Low","Radio","Resolved","Regional NOC","4","14900.18","2264.83","95","62.4","Yes","Controlled","SYNTHETIC DEMO DATA — Network sites, availability, outages, downtime, incident severity, and regional performance."
"NETWORKOPERATIONS-00232","2026-05-30","2026-05","Eastern","Site CT-589","Critical","Transmission","Open","NOC Radio","1","14351.79","2353.69","96","65.26","Yes","At Risk","SYNTHETIC DEMO DATA — Network sites, availability, outages, downtime, incident severity, and regional performance."
"NETWORKOPERATIONS-00233","2026-06-12","2026-06","Southern","Site CT-101","High","Power","Monitoring","Regional NOC","10","12702.82","2235.7","96","68.12","Yes","Controlled","SYNTHETIC DEMO DATA — Network sites, availability, outages, downtime, incident severity, and regional performance."
"NETWORKOPERATIONS-00234","2025-01-01","2025-01","Western","Site CT-214","Medium","Backhaul","Resolved","NOC Radio","7","9943.72","1869.42","97","33.8","No","At Risk","SYNTHETIC DEMO DATA — Network sites, availability, outages, downtime, incident severity, and regional performance."
"NETWORKOPERATIONS-00235","2025-01-14","2025-01","Northern","Site CT-337","Low","Radio","Resolved","Regional NOC","4","8696.44","1217.5","98","36.66","No","At Risk","SYNTHETIC DEMO DATA — Network sites, availability, outages, downtime, incident severity, and regional performance."
"NETWORKOPERATIONS-00236","2025-01-27","2025-01","Central","Site CT-452","Critical","Transmission","Open","NOC Radio","1","12076.98","1835.7","99","39.52","Yes","At Risk","SYNTHETIC DEMO DATA — Network sites, availability, outages, downtime, incident severity, and regional performance."
"NETWORKOPERATIONS-00237","2025-02-09","2025-02","Eastern","Site CT-589","High","Power","Monitoring","Regional NOC","10","12406.28","2034.63","100","42.38","Yes","Controlled","SYNTHETIC DEMO DATA — Network sites, availability, outages, downtime, incident severity, and regional performance."
"NETWORKOPERATIONS-00238","2025-02-22","2025-02","Southern","Site CT-101","Medium","Backhaul","Resolved","NOC Radio","7","10493.03","1846.77","100","45.24","Yes","Controlled","SYNTHETIC DEMO DATA — Network sites, availability, outages, downtime, incident severity, and regional performance."
"NETWORKOPERATIONS-00239","2025-03-07","2025-03","Western","Site CT-214","Low","Radio","Resolved","Regional NOC","4","15188.16","2855.37","100","48.1","Yes","Controlled","SYNTHETIC DEMO DATA — Network sites, availability, outages, downtime, incident severity, and regional performance."
"NETWORKOPERATIONS-00240","2025-03-20","2025-03","Northern","Site CT-337","Critical","Transmission","Open","NOC Radio","1","13022.51","1823.15","100","50.96","Yes","At Risk","SYNTHETIC DEMO DATA — Network sites, availability, outages, downtime, incident severity, and regional performance."
"NETWORKOPERATIONS-00241","2025-04-02","2025-04","Central","Site CT-452","High","Power","Monitoring","Regional NOC","10","13783.41","2095.08","100","53.82","Yes","Controlled","SYNTHETIC DEMO DATA — Network sites, availability, outages, downtime, incident severity, and regional performance."
"NETWORKOPERATIONS-00242","2025-04-15","2025-04","Eastern","Site CT-589","Medium","Backhaul","Resolved","NOC Radio","7","13243.24","2171.89","95","56.68","Yes","Controlled","SYNTHETIC DEMO DATA — Network sites, availability, outages, downtime, incident severity, and regional performance."
"NETWORKOPERATIONS-00243","2025-04-28","2025-04","Southern","Site CT-101","Low","Radio","Resolved","Regional NOC","4","6545.51","1152.01","96","59.54","No","At Risk","SYNTHETIC DEMO DATA — Network sites, availability, outages, downtime, incident severity, and regional performance."
"NETWORKOPERATIONS-00244","2025-05-11","2025-05","Western","Site CT-214","Critical","Transmission","Open","NOC Radio","1","9749.02","1832.82","96","62.4","No","At Risk","SYNTHETIC DEMO DATA — Network sites, availability, outages, downtime, incident severity, and regional performance."
"NETWORKOPERATIONS-00245","2025-05-24","2025-05","Northern","Site CT-337","High","Power","Monitoring","Regional NOC","10","8483.22","1187.65","97","65.26","Yes","Controlled","SYNTHETIC DEMO DATA — Network sites, availability, outages, downtime, incident severity, and regional performance."
"NETWORKOPERATIONS-00246","2025-06-06","2025-06","Central","Site CT-452","Medium","Backhaul","Resolved","NOC Radio","7","12419.1","1887.7","98","68.12","Yes","Controlled","SYNTHETIC DEMO DATA — Network sites, availability, outages, downtime, incident severity, and regional performance."
"NETWORKOPERATIONS-00247","2025-06-19","2025-06","Eastern","Site CT-589","Low","Radio","Resolved","Regional NOC","4","12073.04","1979.98","99","33.8","Yes","Controlled","SYNTHETIC DEMO DATA — Network sites, availability, outages, downtime, incident severity, and regional performance."
"NETWORKOPERATIONS-00248","2025-07-02","2025-07","Southern","Site CT-101","Critical","Transmission","Open","NOC Radio","1","10931.5","1923.94","100","36.66","Yes","At Risk","SYNTHETIC DEMO DATA — Network sites, availability, outages, downtime, incident severity, and regional performance."
"NETWORKOPERATIONS-00249","2025-07-15","2025-07","Western","Site CT-214","High","Power","Monitoring","Regional NOC","10","15023.3","2824.38","100","39.52","Yes","Controlled","SYNTHETIC DEMO DATA — Network sites, availability, outages, downtime, incident severity, and regional performance."
"NETWORKOPERATIONS-00250","2025-07-28","2025-07","Northern","Site CT-337","Medium","Backhaul","Resolved","NOC Radio","7","12845.82","1798.41","100","42.38","Yes","Controlled","SYNTHETIC DEMO DATA — Network sites, availability, outages, downtime, incident severity, and regional performance."
"NETWORKOPERATIONS-00251","2025-08-10","2025-08","Central","Site CT-452","Low","Radio","Resolved","Regional NOC","4","18406.64","2797.81","100","45.24","Yes","Controlled","SYNTHETIC DEMO DATA — Network sites, availability, outages, downtime, incident severity, and regional performance."
"NETWORKOPERATIONS-00252","2025-08-23","2025-08","Eastern","Site CT-589","Critical","Transmission","Open","NOC Radio","1","10456.6","1714.88","100","48.1","No","At Risk","SYNTHETIC DEMO DATA — Network sites, availability, outages, downtime, incident severity, and regional performance."
"NETWORKOPERATIONS-00253","2025-09-05","2025-09","Southern","Site CT-101","High","Power","Monitoring","Regional NOC","10","9410.74","1656.29","95","50.96","No","At Risk","SYNTHETIC DEMO DATA — Network sites, availability, outages, downtime, incident severity, and regional performance."
"NETWORKOPERATIONS-00254","2025-09-18","2025-09","Western","Site CT-214","Medium","Backhaul","Resolved","NOC Radio","7","13125.62","2467.62","96","53.82","Yes","Controlled","SYNTHETIC DEMO DATA — Network sites, availability, outages, downtime, incident severity, and regional performance."
"NETWORKOPERATIONS-00255","2025-10-01","2025-10","Northern","Site CT-337","Low","Radio","Resolved","Regional NOC","4","8814.34","1234.01","96","56.68","Yes","Controlled","SYNTHETIC DEMO DATA — Network sites, availability, outages, downtime, incident severity, and regional performance."
"NETWORKOPERATIONS-00256","2025-10-14","2025-10","Central","Site CT-452","Critical","Transmission","Open","NOC Radio","1","12139.9","1845.26","97","59.54","Yes","At Risk","SYNTHETIC DEMO DATA — Network sites, availability, outages, downtime, incident severity, and regional performance."
"NETWORKOPERATIONS-00257","2025-10-27","2025-10","Eastern","Site CT-589","High","Power","Monitoring","Regional NOC","10","11761.21","1928.84","98","62.4","Yes","Controlled","SYNTHETIC DEMO DATA — Network sites, availability, outages, downtime, incident severity, and regional performance."
"NETWORKOPERATIONS-00258","2025-11-09","2025-11","Southern","Site CT-101","Medium","Backhaul","Resolved","NOC Radio","7","10500.79","1848.14","99","65.26","Yes","Controlled","SYNTHETIC DEMO DATA — Network sites, availability, outages, downtime, incident severity, and regional performance."
"NETWORKOPERATIONS-00259","2025-11-22","2025-11","Western","Site CT-214","Low","Radio","Resolved","Regional NOC","4","14391.78","2705.65","100","68.12","Yes","Controlled","SYNTHETIC DEMO DATA — Network sites, availability, outages, downtime, incident severity, and regional performance."
"NETWORKOPERATIONS-00260","2025-12-05","2025-12","Northern","Site CT-337","Critical","Transmission","Open","NOC Radio","1","12997.42","1819.64","100","33.8","Yes","At Risk","SYNTHETIC DEMO DATA — Network sites, availability, outages, downtime, incident severity, and regional performance."
"NETWORKOPERATIONS-00261","2025-12-18","2025-12","Central","Site CT-452","High","Power","Monitoring","Regional NOC","10","10460.98","1590.07","100","36.66","No","At Risk","SYNTHETIC DEMO DATA — Network sites, availability, outages, downtime, incident severity, and regional performance."
"NETWORKOPERATIONS-00262","2025-12-31","2025-12","Eastern","Site CT-589","Medium","Backhaul","Resolved","NOC Radio","7","10481.84","1719.02","100","39.52","No","At Risk","SYNTHETIC DEMO DATA — Network sites, availability, outages, downtime, incident severity, and regional performance."
"NETWORKOPERATIONS-00263","2026-01-13","2026-01","Southern","Site CT-101","Low","Radio","Resolved","Regional NOC","4","9435.6","1660.67","100","42.38","Yes","Controlled","SYNTHETIC DEMO DATA — Network sites, availability, outages, downtime, incident severity, and regional performance."
"NETWORKOPERATIONS-00264","2026-01-26","2026-01","Western","Site CT-214","Critical","Transmission","Open","NOC Radio","1","13102.51","2463.27","95","45.24","Yes","At Risk","SYNTHETIC DEMO DATA — Network sites, availability, outages, downtime, incident severity, and regional performance."
"NETWORKOPERATIONS-00265","2026-02-08","2026-02","Northern","Site CT-337","High","Power","Monitoring","Regional NOC","10","11902.51","1666.35","96","48.1","Yes","Controlled","SYNTHETIC DEMO DATA — Network sites, availability, outages, downtime, incident severity, and regional performance."
"NETWORKOPERATIONS-00266","2026-02-21","2026-02","Central","Site CT-452","Medium","Backhaul","Resolved","NOC Radio","7","16337.08","2483.24","96","50.96","Yes","Controlled","SYNTHETIC DEMO DATA — Network sites, availability, outages, downtime, incident severity, and regional performance."
"NETWORKOPERATIONS-00267","2026-03-06","2026-03","Eastern","Site CT-589","Low","Radio","Resolved","Regional NOC","4","16568.07","2717.16","97","53.82","Yes","Controlled","SYNTHETIC DEMO DATA — Network sites, availability, outages, downtime, incident severity, and regional performance."
"NETWORKOPERATIONS-00268","2026-03-19","2026-03","Southern","Site CT-101","Critical","Transmission","Open","NOC Radio","1","13884.16","2443.61","98","56.68","Yes","At Risk","SYNTHETIC DEMO DATA — Network sites, availability, outages, downtime, incident severity, and regional performance."
"NETWORKOPERATIONS-00269","2026-04-01","2026-04","Western","Site CT-214","High","Power","Monitoring","Regional NOC","10","14705.07","2764.55","99","59.54","Yes","Controlled","SYNTHETIC DEMO DATA — Network sites, availability, outages, downtime, incident severity, and regional performance."
"NETWORKOPERATIONS-00270","2026-04-14","2026-04","Northern","Site CT-337","Medium","Backhaul","Resolved","NOC Radio","7","7415.92","1038.23","100","62.4","No","At Risk","SYNTHETIC DEMO DATA — Network sites, availability, outages, downtime, incident severity, and regional performance."
"NETWORKOPERATIONS-00271","2026-04-27","2026-04","Central","Site CT-452","Low","Radio","Resolved","Regional NOC","4","10350.82","1573.32","100","65.26","No","At Risk","SYNTHETIC DEMO DATA — Network sites, availability, outages, downtime, incident severity, and regional performance."
"NETWORKOPERATIONS-00272","2026-05-10","2026-05","Eastern","Site CT-589","Critical","Transmission","Open","NOC Radio","1","10780.08","1767.93","100","68.12","Yes","At Risk","SYNTHETIC DEMO DATA — Network sites, availability, outages, downtime, incident severity, and regional performance."
"NETWORKOPERATIONS-00273","2026-05-23","2026-05","Southern","Site CT-101","High","Power","Monitoring","Regional NOC","10","9152.97","1610.92","100","33.8","Yes","Controlled","SYNTHETIC DEMO DATA — Network sites, availability, outages, downtime, incident severity, and regional performance."
"NETWORKOPERATIONS-00274","2026-06-05","2026-06","Western","Site CT-214","Medium","Backhaul","Resolved","NOC Radio","7","13405.7","2520.27","100","36.66","Yes","Controlled","SYNTHETIC DEMO DATA — Network sites, availability, outages, downtime, incident severity, and regional performance."
"NETWORKOPERATIONS-00275","2026-06-18","2026-06","Northern","Site CT-337","Low","Radio","Resolved","Regional NOC","4","11529.44","1614.12","95","39.52","Yes","Controlled","SYNTHETIC DEMO DATA — Network sites, availability, outages, downtime, incident severity, and regional performance."
"NETWORKOPERATIONS-00276","2025-01-07","2025-01","Central","Site CT-452","Critical","Transmission","Open","NOC Radio","1","15278.11","2322.27","96","42.38","Yes","At Risk","SYNTHETIC DEMO DATA — Network sites, availability, outages, downtime, incident severity, and regional performance."
"NETWORKOPERATIONS-00277","2025-01-20","2025-01","Eastern","Site CT-589","High","Power","Monitoring","Regional NOC","10","14715.82","2413.39","96","45.24","Yes","Controlled","SYNTHETIC DEMO DATA — Network sites, availability, outages, downtime, incident severity, and regional performance."
"NETWORKOPERATIONS-00278","2025-02-02","2025-02","Southern","Site CT-101","Medium","Backhaul","Resolved","NOC Radio","7","12948.85","2279","97","48.1","Yes","Controlled","SYNTHETIC DEMO DATA — Network sites, availability, outages, downtime, incident severity, and regional performance."
"NETWORKOPERATIONS-00279","2025-02-15","2025-02","Western","Site CT-214","Low","Radio","Resolved","Regional NOC","4","10467.07","1967.81","98","50.96","No","At Risk","SYNTHETIC DEMO DATA — Network sites, availability, outages, downtime, incident severity, and regional performance."
"NETWORKOPERATIONS-00280","2025-02-28","2025-02","Northern","Site CT-337","Critical","Transmission","Open","NOC Radio","1","9154.14","1281.58","99","53.82","No","At Risk","SYNTHETIC DEMO DATA — Network sites, availability, outages, downtime, incident severity, and regional performance."
"NETWORKOPERATIONS-00281","2025-03-13","2025-03","Central","Site CT-452","High","Power","Monitoring","Regional NOC","10","13348.24","2028.93","100","56.68","Yes","Controlled","SYNTHETIC DEMO DATA — Network sites, availability, outages, downtime, incident severity, and regional performance."
"NETWORKOPERATIONS-00282","2025-03-26","2025-03","Eastern","Site CT-589","Medium","Backhaul","Resolved","NOC Radio","7","13026.6","2136.36","100","59.54","Yes","Controlled","SYNTHETIC DEMO DATA — Network sites, availability, outages, downtime, incident severity, and regional performance."
"NETWORKOPERATIONS-00283","2025-04-08","2025-04","Southern","Site CT-101","Low","Radio","Resolved","Regional NOC","4","8545.53","1504.01","100","62.4","Yes","Controlled","SYNTHETIC DEMO DATA — Network sites, availability, outages, downtime, incident severity, and regional performance."
"NETWORKOPERATIONS-00284","2025-04-21","2025-04","Western","Site CT-214","Critical","Transmission","Open","NOC Radio","1","11780.22","2214.68","100","65.26","Yes","At Risk","SYNTHETIC DEMO DATA — Network sites, availability, outages, downtime, incident severity, and regional performance."
"NETWORKOPERATIONS-00285","2025-05-04","2025-05","Northern","Site CT-337","High","Power","Monitoring","Regional NOC","10","10731.79","1502.45","100","68.12","Yes","Controlled","SYNTHETIC DEMO DATA — Network sites, availability, outages, downtime, incident severity, and regional performance."
"NETWORKOPERATIONS-00286","2025-05-17","2025-05","Central","Site CT-452","Medium","Backhaul","Resolved","NOC Radio","7","14644.88","2226.02","95","33.8","Yes","Controlled","SYNTHETIC DEMO DATA — Network sites, availability, outages, downtime, incident severity, and regional performance."
"NETWORKOPERATIONS-00287","2025-05-30","2025-05","Eastern","Site CT-589","Low","Radio","Resolved","Regional NOC","4","14070.94","2307.63","96","36.66","Yes","Controlled","SYNTHETIC DEMO DATA — Network sites, availability, outages, downtime, incident severity, and regional performance."
"NETWORKOPERATIONS-00288","2025-06-12","2025-06","Southern","Site CT-101","Critical","Transmission","Open","NOC Radio","1","7363.7","1296.01","96","39.52","No","At Risk","SYNTHETIC DEMO DATA — Network sites, availability, outages, downtime, incident severity, and regional performance."
"NETWORKOPERATIONS-00289","2025-06-25","2025-06","Western","Site CT-214","High","Power","Monitoring","Regional NOC","10","10322.5","1940.63","97","42.38","No","At Risk","SYNTHETIC DEMO DATA — Network sites, availability, outages, downtime, incident severity, and regional performance."
"NETWORKOPERATIONS-00290","2025-07-08","2025-07","Northern","Site CT-337","Medium","Backhaul","Resolved","NOC Radio","7","9648.89","1350.84","98","45.24","Yes","Controlled","SYNTHETIC DEMO DATA — Network sites, availability, outages, downtime, incident severity, and regional performance."
"NETWORKOPERATIONS-00291","2025-07-21","2025-07","Central","Site CT-452","Low","Radio","Resolved","Regional NOC","4","13340.84","2027.81","99","48.1","Yes","Controlled","SYNTHETIC DEMO DATA — Network sites, availability, outages, downtime, incident severity, and regional performance."
"NETWORKOPERATIONS-00292","2025-08-03","2025-08","Eastern","Site CT-589","Critical","Transmission","Open","NOC Radio","1","13651.68","2238.88","100","50.96","Yes","At Risk","SYNTHETIC DEMO DATA — Network sites, availability, outages, downtime, incident severity, and regional performance."
"NETWORKOPERATIONS-00293","2025-08-16","2025-08","Southern","Site CT-101","High","Power","Monitoring","Regional NOC","10","11506.84","2025.2","100","53.82","Yes","Controlled","SYNTHETIC DEMO DATA — Network sites, availability, outages, downtime, incident severity, and regional performance."
"NETWORKOPERATIONS-00294","2025-08-29","2025-08","Western","Site CT-214","Medium","Backhaul","Resolved","NOC Radio","7","15814","2973.03","100","56.68","Yes","Controlled","SYNTHETIC DEMO DATA — Network sites, availability, outages, downtime, incident severity, and regional performance."
"NETWORKOPERATIONS-00295","2025-09-11","2025-09","Northern","Site CT-337","Low","Radio","Resolved","Regional NOC","4","14198.01","1987.72","100","59.54","Yes","Controlled","SYNTHETIC DEMO DATA — Network sites, availability, outages, downtime, incident severity, and regional performance."
"NETWORKOPERATIONS-00296","2025-09-24","2025-09","Central","Site CT-452","Critical","Transmission","Open","NOC Radio","1","19326.97","2937.7","100","62.4","Yes","At Risk","SYNTHETIC DEMO DATA — Network sites, availability, outages, downtime, incident severity, and regional performance."
"NETWORKOPERATIONS-00297","2025-10-07","2025-10","Eastern","Site CT-589","High","Power","Monitoring","Regional NOC","10","8510.63","1395.74","95","65.26","No","At Risk","SYNTHETIC DEMO DATA — Network sites, availability, outages, downtime, incident severity, and regional performance."
"NETWORKOPERATIONS-00298","2025-10-20","2025-10","Southern","Site CT-101","Medium","Backhaul","Resolved","NOC Radio","7","7294.67","1283.86","96","68.12","No","At Risk","SYNTHETIC DEMO DATA — Network sites, availability, outages, downtime, incident severity, and regional performance."
"NETWORKOPERATIONS-00299","2025-11-02","2025-11","Western","Site CT-214","Low","Radio","Resolved","Regional NOC","4","10810.12","2032.3","96","33.8","Yes","Controlled","SYNTHETIC DEMO DATA — Network sites, availability, outages, downtime, incident severity, and regional performance."
"NETWORKOPERATIONS-00300","2025-11-15","2025-11","Northern","Site CT-337","Critical","Transmission","Open","NOC Radio","1","9365.24","1311.13","97","36.66","Yes","At Risk","SYNTHETIC DEMO DATA — Network sites, availability, outages, downtime, incident severity, and regional performance."
"NETWORKOPERATIONS-00301","2025-11-28","2025-11","Central","Site CT-452","High","Power","Monitoring","Regional NOC","10","12898.64","1960.59","98","39.52","Yes","Controlled","SYNTHETIC DEMO DATA — Network sites, availability, outages, downtime, incident severity, and regional performance."
"NETWORKOPERATIONS-00302","2025-12-11","2025-12","Eastern","Site CT-589","Medium","Backhaul","Resolved","NOC Radio","7","13231.36","2169.94","99","42.38","Yes","Controlled","SYNTHETIC DEMO DATA — Network sites, availability, outages, downtime, incident severity, and regional performance."
"NETWORKOPERATIONS-00303","2025-12-24","2025-12","Southern","Site CT-101","Low","Radio","Resolved","Regional NOC","4","11118.48","1956.85","100","45.24","Yes","Controlled","SYNTHETIC DEMO DATA — Network sites, availability, outages, downtime, incident severity, and regional performance."
"NETWORKOPERATIONS-00304","2026-01-06","2026-01","Western","Site CT-214","Critical","Transmission","Open","NOC Radio","1","16359.63","3075.61","100","48.1","Yes","At Risk","SYNTHETIC DEMO DATA — Network sites, availability, outages, downtime, incident severity, and regional performance."
"NETWORKOPERATIONS-00305","2026-01-19","2026-01","Northern","Site CT-337","High","Power","Monitoring","Regional NOC","10","13953.8","1953.53","100","50.96","Yes","Controlled","SYNTHETIC DEMO DATA — Network sites, availability, outages, downtime, incident severity, and regional performance."
"NETWORKOPERATIONS-00306","2026-02-01","2026-02","Central","Site CT-452","Medium","Backhaul","Resolved","NOC Radio","7","11821.81","1796.92","100","53.82","No","At Risk","SYNTHETIC DEMO DATA — Network sites, availability, outages, downtime, incident severity, and regional performance."
"NETWORKOPERATIONS-00307","2026-02-14","2026-02","Eastern","Site CT-589","Low","Radio","Resolved","Regional NOC","4","11646.49","1910.02","100","56.68","No","At Risk","SYNTHETIC DEMO DATA — Network sites, availability, outages, downtime, incident severity, and regional performance."
"NETWORKOPERATIONS-00308","2026-02-27","2026-02","Southern","Site CT-101","Critical","Transmission","Open","NOC Radio","1","9932.21","1748.07","95","59.54","Yes","At Risk","SYNTHETIC DEMO DATA — Network sites, availability, outages, downtime, incident severity, and regional performance."
"NETWORKOPERATIONS-00309","2026-03-12","2026-03","Western","Site CT-214","High","Power","Monitoring","Regional NOC","10","14481.72","2722.56","96","62.4","Yes","Controlled","SYNTHETIC DEMO DATA — Network sites, availability, outages, downtime, incident severity, and regional performance."
"NETWORKOPERATIONS-00310","2026-03-25","2026-03","Northern","Site CT-337","Medium","Backhaul","Resolved","NOC Radio","7","12497.64","1749.67","96","65.26","Yes","Controlled","SYNTHETIC DEMO DATA — Network sites, availability, outages, downtime, incident severity, and regional performance."
"NETWORKOPERATIONS-00311","2026-04-07","2026-04","Central","Site CT-452","Low","Radio","Resolved","Regional NOC","4","13289.12","2019.95","97","68.12","Yes","Controlled","SYNTHETIC DEMO DATA — Network sites, availability, outages, downtime, incident severity, and regional performance."
"NETWORKOPERATIONS-00312","2026-04-20","2026-04","Eastern","Site CT-589","Critical","Transmission","Open","NOC Radio","1","12835.25","2104.98","98","33.8","Yes","At Risk","SYNTHETIC DEMO DATA — Network sites, availability, outages, downtime, incident severity, and regional performance."
"NETWORKOPERATIONS-00313","2026-05-03","2026-05","Southern","Site CT-101","High","Power","Monitoring","Regional NOC","10","11428.28","2011.38","99","36.66","Yes","Controlled","SYNTHETIC DEMO DATA — Network sites, availability, outages, downtime, incident severity, and regional performance."
"NETWORKOPERATIONS-00314","2026-05-16","2026-05","Western","Site CT-214","Medium","Backhaul","Resolved","NOC Radio","7","15624.14","2937.34","100","39.52","Yes","Controlled","SYNTHETIC DEMO DATA — Network sites, availability, outages, downtime, incident severity, and regional performance."
"NETWORKOPERATIONS-00315","2026-05-29","2026-05","Northern","Site CT-337","Low","Radio","Resolved","Regional NOC","4","7879.42","1103.12","100","42.38","No","At Risk","SYNTHETIC DEMO DATA — Network sites, availability, outages, downtime, incident severity, and regional performance."
"NETWORKOPERATIONS-00316","2026-06-11","2026-06","Central","Site CT-452","Critical","Transmission","Open","NOC Radio","1","11644.68","1769.99","100","45.24","No","At Risk","SYNTHETIC DEMO DATA — Network sites, availability, outages, downtime, incident severity, and regional performance."
"NETWORKOPERATIONS-00317","2026-06-24","2026-06","Eastern","Site CT-589","High","Power","Monitoring","Regional NOC","10","11414.2","1871.93","100","48.1","Yes","Controlled","SYNTHETIC DEMO DATA — Network sites, availability, outages, downtime, incident severity, and regional performance."
"NETWORKOPERATIONS-00318","2025-01-13","2025-01","Southern","Site CT-101","Medium","Backhaul","Resolved","NOC Radio","7","9385.12","1651.78","100","50.96","Yes","Controlled","SYNTHETIC DEMO DATA — Network sites, availability, outages, downtime, incident severity, and regional performance."
"NETWORKOPERATIONS-00319","2025-01-26","2025-01","Western","Site CT-214","Low","Radio","Resolved","Regional NOC","4","12982.08","2440.63","95","53.82","Yes","Controlled","SYNTHETIC DEMO DATA — Network sites, availability, outages, downtime, incident severity, and regional performance."
"NETWORKOPERATIONS-00320","2025-02-08","2025-02","Northern","Site CT-337","Critical","Transmission","Open","NOC Radio","1","11752.74","1645.38","96","56.68","Yes","At Risk","SYNTHETIC DEMO DATA — Network sites, availability, outages, downtime, incident severity, and regional performance."
"NETWORKOPERATIONS-00321","2025-02-21","2025-02","Central","Site CT-452","High","Power","Monitoring","Regional NOC","10","16082.22","2444.5","96","59.54","Yes","Controlled","SYNTHETIC DEMO DATA — Network sites, availability, outages, downtime, incident severity, and regional performance."
"NETWORKOPERATIONS-00322","2025-03-06","2025-03","Eastern","Site CT-589","Medium","Backhaul","Resolved","NOC Radio","7","16264.85","2667.44","97","62.4","Yes","Controlled","SYNTHETIC DEMO DATA — Network sites, availability, outages, downtime, incident severity, and regional performance."
"NETWORKOPERATIONS-00323","2025-03-19","2025-03","Southern","Site CT-101","Low","Radio","Resolved","Regional NOC","4","13596.29","2392.95","98","65.26","Yes","Controlled","SYNTHETIC DEMO DATA — Network sites, availability, outages, downtime, incident severity, and regional performance."
"NETWORKOPERATIONS-00324","2025-04-01","2025-04","Western","Site CT-214","Critical","Transmission","Open","NOC Radio","1","8524.38","1602.58","99","68.12","No","At Risk","SYNTHETIC DEMO DATA — Network sites, availability, outages, downtime, incident severity, and regional performance."
"NETWORKOPERATIONS-00325","2025-04-14","2025-04","Northern","Site CT-337","High","Power","Monitoring","Regional NOC","10","7455.14","1043.72","100","33.8","No","At Risk","SYNTHETIC DEMO DATA — Network sites, availability, outages, downtime, incident severity, and regional performance."
"NETWORKOPERATIONS-00326","2025-04-27","2025-04","Central","Site CT-452","Medium","Backhaul","Resolved","NOC Radio","7","10353.15","1573.68","100","36.66","Yes","Controlled","SYNTHETIC DEMO DATA — Network sites, availability, outages, downtime, incident severity, and regional performance."
"NETWORKOPERATIONS-00327","2025-05-10","2025-05","Eastern","Site CT-589","Low","Radio","Resolved","Regional NOC","4","10735.16","1760.57","100","39.52","Yes","Controlled","SYNTHETIC DEMO DATA — Network sites, availability, outages, downtime, incident severity, and regional performance."
"NETWORKOPERATIONS-00328","2025-05-23","2025-05","Southern","Site CT-101","Critical","Transmission","Open","NOC Radio","1","9079.62","1598.01","100","42.38","Yes","At Risk","SYNTHETIC DEMO DATA — Network sites, availability, outages, downtime, incident severity, and regional performance."
"NETWORKOPERATIONS-00329","2025-06-05","2025-06","Western","Site CT-214","High","Power","Monitoring","Regional NOC","10","13252.75","2491.52","100","45.24","Yes","Controlled","SYNTHETIC DEMO DATA — Network sites, availability, outages, downtime, incident severity, and regional performance."
"NETWORKOPERATIONS-00330","2025-06-18","2025-06","Northern","Site CT-337","Medium","Backhaul","Resolved","NOC Radio","7","11363.07","1590.83","95","48.1","Yes","Controlled","SYNTHETIC DEMO DATA — Network sites, availability, outages, downtime, incident severity, and regional performance."
"NETWORKOPERATIONS-00331","2025-07-01","2025-07","Central","Site CT-452","Low","Radio","Resolved","Regional NOC","4","16657.21","2531.9","96","50.96","Yes","Controlled","SYNTHETIC DEMO DATA — Network sites, availability, outages, downtime, incident severity, and regional performance."
"NETWORKOPERATIONS-00332","2025-07-14","2025-07","Eastern","Site CT-589","Critical","Transmission","Open","NOC Radio","1","16004.41","2624.72","96","53.82","Yes","At Risk","SYNTHETIC DEMO DATA — Network sites, availability, outages, downtime, incident severity, and regional performance."
"NETWORKOPERATIONS-00333","2025-07-27","2025-07","Southern","Site CT-101","High","Power","Monitoring","Regional NOC","10","7910.23","1392.2","97","56.68","No","At Risk","SYNTHETIC DEMO DATA — Network sites, availability, outages, downtime, incident severity, and regional performance."
"NETWORKOPERATIONS-00334","2025-08-09","2025-08","Western","Site CT-214","Medium","Backhaul","Resolved","NOC Radio","7","11672.24","2194.38","98","59.54","No","At Risk","SYNTHETIC DEMO DATA — Network sites, availability, outages, downtime, incident severity, and regional performance."
"NETWORKOPERATIONS-00335","2025-08-22","2025-08","Northern","Site CT-337","Low","Radio","Resolved","Regional NOC","4","10156.73","1421.94","99","62.4","Yes","Controlled","SYNTHETIC DEMO DATA — Network sites, availability, outages, downtime, incident severity, and regional performance."
"NETWORKOPERATIONS-00336","2025-09-04","2025-09","Central","Site CT-452","Critical","Transmission","Open","NOC Radio","1","14745.14","2241.26","100","65.26","Yes","At Risk","SYNTHETIC DEMO DATA — Network sites, availability, outages, downtime, incident severity, and regional performance."
"NETWORKOPERATIONS-00337","2025-09-17","2025-09","Eastern","Site CT-589","High","Power","Monitoring","Regional NOC","10","14334.26","2350.82","100","68.12","Yes","Controlled","SYNTHETIC DEMO DATA — Network sites, availability, outages, downtime, incident severity, and regional performance."
"NETWORKOPERATIONS-00338","2025-09-30","2025-09","Southern","Site CT-101","Medium","Backhaul","Resolved","NOC Radio","7","12292.1","2163.41","100","33.8","Yes","Controlled","SYNTHETIC DEMO DATA — Network sites, availability, outages, downtime, incident severity, and regional performance."
"NETWORKOPERATIONS-00339","2025-10-13","2025-10","Western","Site CT-214","Low","Radio","Resolved","Regional NOC","4","12871.01","2419.75","100","36.66","Yes","Controlled","SYNTHETIC DEMO DATA — Network sites, availability, outages, downtime, incident severity, and regional performance."
"NETWORKOPERATIONS-00340","2025-10-26","2025-10","Northern","Site CT-337","Critical","Transmission","Open","NOC Radio","1","11005.48","1540.77","100","39.52","Yes","At Risk","SYNTHETIC DEMO DATA — Network sites, availability, outages, downtime, incident severity, and regional performance."
"NETWORKOPERATIONS-00341","2025-11-08","2025-11","Central","Site CT-452","High","Power","Monitoring","Regional NOC","10","15917.48","2419.46","95","42.38","Yes","Controlled","SYNTHETIC DEMO DATA — Network sites, availability, outages, downtime, incident severity, and regional performance."
"NETWORKOPERATIONS-00342","2025-11-21","2025-11","Eastern","Site CT-589","Medium","Backhaul","Resolved","NOC Radio","7","9042.54","1482.98","96","45.24","No","At Risk","SYNTHETIC DEMO DATA — Network sites, availability, outages, downtime, incident severity, and regional performance."
"NETWORKOPERATIONS-00343","2025-12-04","2025-12","Southern","Site CT-101","Low","Radio","Resolved","Regional NOC","4","8206.5","1444.34","96","48.1","No","At Risk","SYNTHETIC DEMO DATA — Network sites, availability, outages, downtime, incident severity, and regional performance."
"NETWORKOPERATIONS-00344","2025-12-17","2025-12","Western","Site CT-214","Critical","Transmission","Open","NOC Radio","1","11446","2151.85","97","50.96","Yes","At Risk","SYNTHETIC DEMO DATA — Network sites, availability, outages, downtime, incident severity, and regional performance."
"NETWORKOPERATIONS-00345","2025-12-30","2025-12","Northern","Site CT-337","High","Power","Monitoring","Regional NOC","10","10085.48","1411.97","98","53.82","Yes","Controlled","SYNTHETIC DEMO DATA — Network sites, availability, outages, downtime, incident severity, and regional performance."
"NETWORKOPERATIONS-00346","2026-01-12","2026-01","Central","Site CT-452","Medium","Backhaul","Resolved","NOC Radio","7","14662.33","2228.67","99","56.68","Yes","Controlled","SYNTHETIC DEMO DATA — Network sites, availability, outages, downtime, incident severity, and regional performance."
"NETWORKOPERATIONS-00347","2026-01-25","2026-01","Eastern","Site CT-589","Low","Radio","Resolved","Regional NOC","4","14204.96","2329.61","100","59.54","Yes","Controlled","SYNTHETIC DEMO DATA — Network sites, availability, outages, downtime, incident severity, and regional performance."
"NETWORKOPERATIONS-00348","2026-02-07","2026-02","Southern","Site CT-101","Critical","Transmission","Open","NOC Radio","1","12564.85","2211.41","100","62.4","Yes","At Risk","SYNTHETIC DEMO DATA — Network sites, availability, outages, downtime, incident severity, and regional performance."
"NETWORKOPERATIONS-00349","2026-02-20","2026-02","Western","Site CT-214","High","Power","Monitoring","Regional NOC","10","17220.66","3237.48","100","65.26","Yes","Controlled","SYNTHETIC DEMO DATA — Network sites, availability, outages, downtime, incident severity, and regional performance."
"NETWORKOPERATIONS-00350","2026-03-05","2026-03","Northern","Site CT-337","Medium","Backhaul","Resolved","NOC Radio","7","15422.62","2159.17","100","68.12","Yes","Controlled","SYNTHETIC DEMO DATA — Network sites, availability, outages, downtime, incident severity, and regional performance."
"NETWORKOPERATIONS-00351","2026-03-18","2026-03","Central","Site CT-452","Low","Radio","Resolved","Regional NOC","4","12412.9","1886.76","100","33.8","No","At Risk","SYNTHETIC DEMO DATA — Network sites, availability, outages, downtime, incident severity, and regional performance."
"NETWORKOPERATIONS-00352","2026-03-31","2026-03","Eastern","Site CT-589","Critical","Transmission","Open","NOC Radio","1","12434.15","2039.2","95","36.66","No","At Risk","SYNTHETIC DEMO DATA — Network sites, availability, outages, downtime, incident severity, and regional performance."
"NETWORKOPERATIONS-00353","2026-04-13","2026-04","Southern","Site CT-101","High","Power","Monitoring","Regional NOC","10","8079.19","1421.94","96","39.52","Yes","Controlled","SYNTHETIC DEMO DATA — Network sites, availability, outages, downtime, incident severity, and regional performance."
"NETWORKOPERATIONS-00354","2026-04-26","2026-04","Western","Site CT-214","Medium","Backhaul","Resolved","NOC Radio","7","11218.96","2109.16","96","42.38","Yes","Controlled","SYNTHETIC DEMO DATA — Network sites, availability, outages, downtime, incident severity, and regional performance."
"NETWORKOPERATIONS-00355","2026-05-09","2026-05","Northern","Site CT-337","Low","Radio","Resolved","Regional NOC","4","10287.01","1440.18","97","45.24","Yes","Controlled","SYNTHETIC DEMO DATA — Network sites, availability, outages, downtime, incident severity, and regional performance."
"NETWORKOPERATIONS-00356","2026-05-22","2026-05","Central","Site CT-452","Critical","Transmission","Open","NOC Radio","1","14119.69","2146.19","98","48.1","Yes","At Risk","SYNTHETIC DEMO DATA — Network sites, availability, outages, downtime, incident severity, and regional performance."
"NETWORKOPERATIONS-00357","2026-06-04","2026-06","Eastern","Site CT-589","High","Power","Monitoring","Regional NOC","10","14439.65","2368.1","99","50.96","Yes","Controlled","SYNTHETIC DEMO DATA — Network sites, availability, outages, downtime, incident severity, and regional performance."
"NETWORKOPERATIONS-00358","2026-06-17","2026-06","Southern","Site CT-101","Medium","Backhaul","Resolved","NOC Radio","7","12100.53","2129.69","100","53.82","Yes","Controlled","SYNTHETIC DEMO DATA — Network sites, availability, outages, downtime, incident severity, and regional performance."
"NETWORKOPERATIONS-00359","2025-01-06","2025-01","Western","Site CT-214","Low","Radio","Resolved","Regional NOC","4","16020.44","3011.84","100","56.68","Yes","Controlled","SYNTHETIC DEMO DATA — Network sites, availability, outages, downtime, incident severity, and regional performance."
"NETWORKOPERATIONS-00360","2025-01-19","2025-01","Northern","Site CT-337","Critical","Transmission","Open","NOC Radio","1","8079.27","1131.1","100","59.54","No","At Risk","SYNTHETIC DEMO DATA — Network sites, availability, outages, downtime, incident severity, and regional performance."
"NETWORKOPERATIONS-00361","2025-02-01","2025-02","Central","Site CT-452","High","Power","Monitoring","Regional NOC","10","11870.21","1804.27","100","62.4","No","At Risk","SYNTHETIC DEMO DATA — Network sites, availability, outages, downtime, incident severity, and regional performance."
"NETWORKOPERATIONS-00362","2025-02-14","2025-02","Eastern","Site CT-589","Medium","Backhaul","Resolved","NOC Radio","7","11635.27","1908.18","100","65.26","Yes","Controlled","SYNTHETIC DEMO DATA — Network sites, availability, outages, downtime, incident severity, and regional performance."
"NETWORKOPERATIONS-00363","2025-02-27","2025-02","Southern","Site CT-101","Low","Radio","Resolved","Regional NOC","4","9879.08","1738.72","95","68.12","Yes","Controlled","SYNTHETIC DEMO DATA — Network sites, availability, outages, downtime, incident severity, and regional performance."
"NETWORKOPERATIONS-00364","2025-03-12","2025-03","Western","Site CT-214","Critical","Transmission","Open","NOC Radio","1","14348.61","2697.54","96","33.8","Yes","At Risk","SYNTHETIC DEMO DATA — Network sites, availability, outages, downtime, incident severity, and regional performance."
"NETWORKOPERATIONS-00365","2025-03-25","2025-03","Northern","Site CT-337","High","Power","Monitoring","Regional NOC","10","12340.38","1727.65","96","36.66","Yes","Controlled","SYNTHETIC DEMO DATA — Network sites, availability, outages, downtime, incident severity, and regional performance."
"NETWORKOPERATIONS-00366","2025-04-07","2025-04","Central","Site CT-452","Medium","Backhaul","Resolved","NOC Radio","7","13097.36","1990.8","97","39.52","Yes","Controlled","SYNTHETIC DEMO DATA — Network sites, availability, outages, downtime, incident severity, and regional performance."
"NETWORKOPERATIONS-00367","2025-04-20","2025-04","Eastern","Site CT-589","Low","Radio","Resolved","Regional NOC","4","12615.33","2068.91","98","42.38","Yes","Controlled","SYNTHETIC DEMO DATA — Network sites, availability, outages, downtime, incident severity, and regional performance."
"NETWORKOPERATIONS-00368","2025-05-03","2025-05","Southern","Site CT-101","Critical","Transmission","Open","NOC Radio","1","11204.64","1972.02","99","45.24","Yes","At Risk","SYNTHETIC DEMO DATA — Network sites, availability, outages, downtime, incident severity, and regional performance."
"NETWORKOPERATIONS-00369","2025-05-16","2025-05","Western","Site CT-214","High","Power","Monitoring","Regional NOC","10","9057.16","1702.75","100","48.1","No","At Risk","SYNTHETIC DEMO DATA — Network sites, availability, outages, downtime, incident severity, and regional performance."
"NETWORKOPERATIONS-00370","2025-05-29","2025-05","Northern","Site CT-337","Medium","Backhaul","Resolved","NOC Radio","7","7921.08","1108.95","100","50.96","No","At Risk","SYNTHETIC DEMO DATA — Network sites, availability, outages, downtime, incident severity, and regional performance."
"NETWORKOPERATIONS-00371","2025-06-11","2025-06","Central","Site CT-452","Low","Radio","Resolved","Regional NOC","4","11647.3","1770.39","100","53.82","Yes","Controlled","SYNTHETIC DEMO DATA — Network sites, availability, outages, downtime, incident severity, and regional performance."
"NETWORKOPERATIONS-00372","2025-06-24","2025-06","Eastern","Site CT-589","Critical","Transmission","Open","NOC Radio","1","11366.64","1864.13","100","56.68","Yes","At Risk","SYNTHETIC DEMO DATA — Network sites, availability, outages, downtime, incident severity, and regional performance."
"NETWORKOPERATIONS-00373","2025-07-07","2025-07","Southern","Site CT-101","High","Power","Monitoring","Regional NOC","10","10327.24","1817.59","100","59.54","Yes","Controlled","SYNTHETIC DEMO DATA — Network sites, availability, outages, downtime, incident severity, and regional performance."
"NETWORKOPERATIONS-00374","2025-07-20","2025-07","Western","Site CT-214","Medium","Backhaul","Resolved","NOC Radio","7","14236.37","2676.44","95","62.4","Yes","Controlled","SYNTHETIC DEMO DATA — Network sites, availability, outages, downtime, incident severity, and regional performance."
"NETWORKOPERATIONS-00375","2025-08-02","2025-08","Northern","Site CT-337","Low","Radio","Resolved","Regional NOC","4","12848.88","1798.84","96","65.26","Yes","Controlled","SYNTHETIC DEMO DATA — Network sites, availability, outages, downtime, incident severity, and regional performance."
"NETWORKOPERATIONS-00376","2025-08-15","2025-08","Central","Site CT-452","Critical","Transmission","Open","NOC Radio","1","17533.91","2665.15","96","68.12","Yes","At Risk","SYNTHETIC DEMO DATA — Network sites, availability, outages, downtime, incident severity, and regional performance."
"NETWORKOPERATIONS-00377","2025-08-28","2025-08","Eastern","Site CT-589","High","Power","Monitoring","Regional NOC","10","16846.75","2762.87","97","33.8","Yes","Controlled","SYNTHETIC DEMO DATA — Network sites, availability, outages, downtime, incident severity, and regional performance."
"NETWORKOPERATIONS-00378","2025-09-10","2025-09","Southern","Site CT-101","Medium","Backhaul","Resolved","NOC Radio","7","8742.88","1538.75","98","36.66","No","At Risk","SYNTHETIC DEMO DATA — Network sites, availability, outages, downtime, incident severity, and regional performance."
"NETWORKOPERATIONS-00379","2025-09-23","2025-09","Western","Site CT-214","Low","Radio","Resolved","Regional NOC","4","12255.85","2304.1","99","39.52","No","At Risk","SYNTHETIC DEMO DATA — Network sites, availability, outages, downtime, incident severity, and regional performance."
"NETWORKOPERATIONS-00380","2025-10-06","2025-10","Northern","Site CT-337","Critical","Transmission","Open","NOC Radio","1","8266.56","1157.32","100","42.38","Yes","At Risk","SYNTHETIC DEMO DATA — Network sites, availability, outages, downtime, incident severity, and regional performance."
"NETWORKOPERATIONS-00381","2025-10-19","2025-10","Central","Site CT-452","High","Power","Monitoring","Regional NOC","10","11429.59","1737.3","100","45.24","Yes","Controlled","SYNTHETIC DEMO DATA — Network sites, availability, outages, downtime, incident severity, and regional performance."
"NETWORKOPERATIONS-00382","2025-11-01","2025-11","Eastern","Site CT-589","Medium","Backhaul","Resolved","NOC Radio","7","11805.54","1936.11","100","48.1","Yes","Controlled","SYNTHETIC DEMO DATA — Network sites, availability, outages, downtime, incident severity, and regional performance."
"NETWORKOPERATIONS-00383","2025-11-14","2025-11","Southern","Site CT-101","Low","Radio","Resolved","Regional NOC","4","9950.75","1751.33","100","50.96","Yes","Controlled","SYNTHETIC DEMO DATA — Network sites, availability, outages, downtime, incident severity, and regional performance."
"NETWORKOPERATIONS-00384","2025-11-27","2025-11","Western","Site CT-214","Critical","Transmission","Open","NOC Radio","1","13675.45","2570.98","100","53.82","Yes","At Risk","SYNTHETIC DEMO DATA — Network sites, availability, outages, downtime, incident severity, and regional performance."
"NETWORKOPERATIONS-00385","2025-12-10","2025-12","Northern","Site CT-337","High","Power","Monitoring","Regional NOC","10","12381.16","1733.36","95","56.68","Yes","Controlled","SYNTHETIC DEMO DATA — Network sites, availability, outages, downtime, incident severity, and regional performance."
"NETWORKOPERATIONS-00386","2025-12-23","2025-12","Central","Site CT-452","Medium","Backhaul","Resolved","NOC Radio","7","16853.8","2561.78","96","59.54","Yes","Controlled","SYNTHETIC DEMO DATA — Network sites, availability, outages, downtime, incident severity, and regional performance."
"NETWORKOPERATIONS-00387","2026-01-05","2026-01","Eastern","Site CT-589","Low","Radio","Resolved","Regional NOC","4","10278.96","1685.75","96","62.4","No","At Risk","SYNTHETIC DEMO DATA — Network sites, availability, outages, downtime, incident severity, and regional performance."
"NETWORKOPERATIONS-00388","2026-01-18","2026-01","Southern","Site CT-101","Critical","Transmission","Open","NOC Radio","1","8810.35","1550.62","97","65.26","No","At Risk","SYNTHETIC DEMO DATA — Network sites, availability, outages, downtime, incident severity, and regional performance."
"NETWORKOPERATIONS-00389","2026-01-31","2026-01","Western","Site CT-214","High","Power","Monitoring","Regional NOC","10","12288.23","2310.19","98","68.12","Yes","Controlled","SYNTHETIC DEMO DATA — Network sites, availability, outages, downtime, incident severity, and regional performance."
"NETWORKOPERATIONS-00390","2026-02-13","2026-02","Northern","Site CT-337","Medium","Backhaul","Resolved","NOC Radio","7","11206.09","1568.85","99","33.8","Yes","Controlled","SYNTHETIC DEMO DATA — Network sites, availability, outages, downtime, incident severity, and regional performance."
"NETWORKOPERATIONS-00391","2026-02-26","2026-02","Central","Site CT-452","Low","Radio","Resolved","Regional NOC","4","15434.03","2345.97","100","36.66","Yes","Controlled","SYNTHETIC DEMO DATA — Network sites, availability, outages, downtime, incident severity, and regional performance."
"NETWORKOPERATIONS-00392","2026-03-11","2026-03","Eastern","Site CT-589","Critical","Transmission","Open","NOC Radio","1","15700.22","2574.84","100","39.52","Yes","At Risk","SYNTHETIC DEMO DATA — Network sites, availability, outages, downtime, incident severity, and regional performance."
"NETWORKOPERATIONS-00393","2026-03-24","2026-03","Southern","Site CT-101","High","Power","Monitoring","Regional NOC","10","13193.09","2321.98","100","42.38","Yes","Controlled","SYNTHETIC DEMO DATA — Network sites, availability, outages, downtime, incident severity, and regional performance."
"NETWORKOPERATIONS-00394","2026-04-06","2026-04","Western","Site CT-214","Medium","Backhaul","Resolved","NOC Radio","7","14007.85","2633.48","100","45.24","Yes","Controlled","SYNTHETIC DEMO DATA — Network sites, availability, outages, downtime, incident severity, and regional performance."
"NETWORKOPERATIONS-00395","2026-04-19","2026-04","Northern","Site CT-337","Low","Radio","Resolved","Regional NOC","4","11947.87","1672.7","100","48.1","Yes","Controlled","SYNTHETIC DEMO DATA — Network sites, availability, outages, downtime, incident severity, and regional performance."
"NETWORKOPERATIONS-00396","2026-05-02","2026-05","Central","Site CT-452","Critical","Transmission","Open","NOC Radio","1","10217.26","1553.02","95","50.96","No","At Risk","SYNTHETIC DEMO DATA — Network sites, availability, outages, downtime, incident severity, and regional performance."
"NETWORKOPERATIONS-00397","2026-05-15","2026-05","Eastern","Site CT-589","High","Power","Monitoring","Regional NOC","10","10065.74","1650.78","96","53.82","No","At Risk","SYNTHETIC DEMO DATA — Network sites, availability, outages, downtime, incident severity, and regional performance."
"NETWORKOPERATIONS-00398","2026-05-28","2026-05","Southern","Site CT-101","Medium","Backhaul","Resolved","NOC Radio","7","8584.14","1510.81","96","56.68","Yes","Controlled","SYNTHETIC DEMO DATA — Network sites, availability, outages, downtime, incident severity, and regional performance."
"NETWORKOPERATIONS-00399","2026-06-10","2026-06","Western","Site CT-214","Low","Radio","Resolved","Regional NOC","4","12621.33","2372.81","97","59.54","Yes","Controlled","SYNTHETIC DEMO DATA — Network sites, availability, outages, downtime, incident severity, and regional performance."
"NETWORKOPERATIONS-00400","2026-06-23","2026-06","Northern","Site CT-337","Critical","Transmission","Open","NOC Radio","1","10892.13","1524.9","98","62.4","Yes","At Risk","SYNTHETIC DEMO DATA — Network sites, availability, outages, downtime, incident severity, and regional performance."
"NETWORKOPERATIONS-00401","2025-01-12","2025-01","Central","Site CT-452","High","Power","Monitoring","Regional NOC","10","14477.83","2200.63","99","65.26","Yes","Controlled","SYNTHETIC DEMO DATA — Network sites, availability, outages, downtime, incident severity, and regional performance."
"NETWORKOPERATIONS-00402","2025-01-25","2025-01","Eastern","Site CT-589","Medium","Backhaul","Resolved","NOC Radio","7","13983.35","2293.27","100","68.12","Yes","Controlled","SYNTHETIC DEMO DATA — Network sites, availability, outages, downtime, incident severity, and regional performance."
"NETWORKOPERATIONS-00403","2025-02-07","2025-02","Southern","Site CT-101","Low","Radio","Resolved","Regional NOC","4","12334.89","2170.94","100","33.8","Yes","Controlled","SYNTHETIC DEMO DATA — Network sites, availability, outages, downtime, incident severity, and regional performance."
"NETWORKOPERATIONS-00404","2025-02-20","2025-02","Western","Site CT-214","Critical","Transmission","Open","NOC Radio","1","16863.62","3170.36","100","36.66","Yes","At Risk","SYNTHETIC DEMO DATA — Network sites, availability, outages, downtime, incident severity, and regional performance."
"NETWORKOPERATIONS-00405","2025-03-05","2025-03","Northern","Site CT-337","High","Power","Monitoring","Regional NOC","10","8929.72","1250.16","100","39.52","No","At Risk","SYNTHETIC DEMO DATA — Network sites, availability, outages, downtime, incident severity, and regional performance."
"NETWORKOPERATIONS-00406","2025-03-18","2025-03","Central","Site CT-452","Medium","Backhaul","Resolved","NOC Radio","7","12463.72","1894.49","100","42.38","No","At Risk","SYNTHETIC DEMO DATA — Network sites, availability, outages, downtime, incident severity, and regional performance."
"NETWORKOPERATIONS-00407","2025-03-31","2025-03","Eastern","Site CT-589","Low","Radio","Resolved","Regional NOC","4","12217.04","2003.59","95","45.24","Yes","Controlled","SYNTHETIC DEMO DATA — Network sites, availability, outages, downtime, incident severity, and regional performance."
"NETWORKOPERATIONS-00408","2025-04-13","2025-04","Southern","Site CT-101","Critical","Transmission","Open","NOC Radio","1","8045.52","1416.01","96","48.1","Yes","At Risk","SYNTHETIC DEMO DATA — Network sites, availability, outages, downtime, incident severity, and regional performance."
"NETWORKOPERATIONS-00409","2025-04-26","2025-04","Western","Site CT-214","High","Power","Monitoring","Regional NOC","10","11129.06","2092.26","96","50.96","Yes","Controlled","SYNTHETIC DEMO DATA — Network sites, availability, outages, downtime, incident severity, and regional performance."
"NETWORKOPERATIONS-00410","2025-05-09","2025-05","Northern","Site CT-337","Medium","Backhaul","Resolved","NOC Radio","7","10169.65","1423.75","97","53.82","Yes","Controlled","SYNTHETIC DEMO DATA — Network sites, availability, outages, downtime, incident severity, and regional performance."
"NETWORKOPERATIONS-00411","2025-05-22","2025-05","Central","Site CT-452","Low","Radio","Resolved","Regional NOC","4","13915.94","2115.22","98","56.68","Yes","Controlled","SYNTHETIC DEMO DATA — Network sites, availability, outages, downtime, incident severity, and regional performance."
"NETWORKOPERATIONS-00412","2025-06-04","2025-06","Eastern","Site CT-589","Critical","Transmission","Open","NOC Radio","1","14192.24","2327.53","99","59.54","Yes","At Risk","SYNTHETIC DEMO DATA — Network sites, availability, outages, downtime, incident severity, and regional performance."
"NETWORKOPERATIONS-00413","2025-06-17","2025-06","Southern","Site CT-101","High","Power","Monitoring","Regional NOC","10","11863.73","2088.02","100","62.4","Yes","Controlled","SYNTHETIC DEMO DATA — Network sites, availability, outages, downtime, incident severity, and regional performance."
"NETWORKOPERATIONS-00414","2025-06-30","2025-06","Western","Site CT-214","Medium","Backhaul","Resolved","NOC Radio","7","9759.5","1834.79","100","65.26","No","At Risk","SYNTHETIC DEMO DATA — Network sites, availability, outages, downtime, incident severity, and regional performance."
"NETWORKOPERATIONS-00415","2025-07-13","2025-07","Northern","Site CT-337","Low","Radio","Resolved","Regional NOC","4","9009.51","1261.33","100","68.12","No","At Risk","SYNTHETIC DEMO DATA — Network sites, availability, outages, downtime, incident severity, and regional performance."
"NETWORKOPERATIONS-00416","2025-07-26","2025-07","Central","Site CT-452","Critical","Transmission","Open","NOC Radio","1","12511.75","1901.79","100","33.8","Yes","At Risk","SYNTHETIC DEMO DATA — Network sites, availability, outages, downtime, incident severity, and regional performance."
"NETWORKOPERATIONS-00417","2025-08-08","2025-08","Eastern","Site CT-589","High","Power","Monitoring","Regional NOC","10","12852.91","2107.88","100","36.66","Yes","Controlled","SYNTHETIC DEMO DATA — Network sites, availability, outages, downtime, incident severity, and regional performance."
"NETWORKOPERATIONS-00418","2025-08-21","2025-08","Southern","Site CT-101","Medium","Backhaul","Resolved","NOC Radio","7","10870.78","1913.26","95","39.52","Yes","Controlled","SYNTHETIC DEMO DATA — Network sites, availability, outages, downtime, incident severity, and regional performance."
"NETWORKOPERATIONS-00419","2025-09-03","2025-09","Western","Site CT-214","Low","Radio","Resolved","Regional NOC","4","15734.93","2958.17","96","42.38","Yes","Controlled","SYNTHETIC DEMO DATA — Network sites, availability, outages, downtime, incident severity, and regional performance."
"NETWORKOPERATIONS-00420","2025-09-16","2025-09","Northern","Site CT-337","Critical","Transmission","Open","NOC Radio","1","13491.32","1888.78","96","45.24","Yes","At Risk","SYNTHETIC DEMO DATA — Network sites, availability, outages, downtime, incident severity, and regional performance."
"NETWORKOPERATIONS-00421","2025-09-29","2025-09","Central","Site CT-452","High","Power","Monitoring","Regional NOC","10","18730.48","2847.03","97","48.1","Yes","Controlled","SYNTHETIC DEMO DATA — Network sites, availability, outages, downtime, incident severity, and regional performance."
"NETWORKOPERATIONS-00422","2025-10-12","2025-10","Eastern","Site CT-589","Medium","Backhaul","Resolved","NOC Radio","7","13711.57","2248.7","98","50.96","Yes","Controlled","SYNTHETIC DEMO DATA — Network sites, availability, outages, downtime, incident severity, and regional performance."
"NETWORKOPERATIONS-00423","2025-10-25","2025-10","Southern","Site CT-101","Low","Radio","Resolved","Regional NOC","4","6776.98","1192.75","99","53.82","No","At Risk","SYNTHETIC DEMO DATA — Network sites, availability, outages, downtime, incident severity, and regional performance."
"NETWORKOPERATIONS-00424","2025-11-07","2025-11","Western","Site CT-214","Critical","Transmission","Open","NOC Radio","1","10093.78","1897.63","100","56.68","No","At Risk","SYNTHETIC DEMO DATA — Network sites, availability, outages, downtime, incident severity, and regional performance."
"NETWORKOPERATIONS-00425","2025-11-20","2025-11","Northern","Site CT-337","High","Power","Monitoring","Regional NOC","10","8783.22","1229.65","100","59.54","Yes","Controlled","SYNTHETIC DEMO DATA — Network sites, availability, outages, downtime, incident severity, and regional performance."
"NETWORKOPERATIONS-00426","2025-12-03","2025-12","Central","Site CT-452","Medium","Backhaul","Resolved","NOC Radio","7","12858.29","1954.46","100","62.4","Yes","Controlled","SYNTHETIC DEMO DATA — Network sites, availability, outages, downtime, incident severity, and regional performance."
"NETWORKOPERATIONS-00427","2025-12-16","2025-12","Eastern","Site CT-589","Low","Radio","Resolved","Regional NOC","4","12499.98","2050","100","65.26","Yes","Controlled","SYNTHETIC DEMO DATA — Network sites, availability, outages, downtime, incident severity, and regional performance."
"NETWORKOPERATIONS-00428","2025-12-29","2025-12","Southern","Site CT-101","Critical","Transmission","Open","NOC Radio","1","10716.02","1886.02","100","68.12","Yes","At Risk","SYNTHETIC DEMO DATA — Network sites, availability, outages, downtime, incident severity, and regional performance."
"NETWORKOPERATIONS-00429","2026-01-11","2026-01","Western","Site CT-214","High","Power","Monitoring","Regional NOC","10","15545.35","2922.53","95","33.8","Yes","Controlled","SYNTHETIC DEMO DATA — Network sites, availability, outages, downtime, incident severity, and regional performance."
"NETWORKOPERATIONS-00430","2026-01-24","2026-01","Northern","Site CT-337","Medium","Backhaul","Resolved","NOC Radio","7","13292.2","1860.91","96","36.66","Yes","Controlled","SYNTHETIC DEMO DATA — Network sites, availability, outages, downtime, incident severity, and regional performance."
"NETWORKOPERATIONS-00431","2026-02-06","2026-02","Central","Site CT-452","Low","Radio","Resolved","Regional NOC","4","19046.25","2895.03","96","39.52","Yes","Controlled","SYNTHETIC DEMO DATA — Network sites, availability, outages, downtime, incident severity, and regional performance."
"NETWORKOPERATIONS-00432","2026-02-19","2026-02","Eastern","Site CT-589","Critical","Transmission","Open","NOC Radio","1","10819.96","1774.47","97","42.38","No","At Risk","SYNTHETIC DEMO DATA — Network sites, availability, outages, downtime, incident severity, and regional performance."
"NETWORKOPERATIONS-00433","2026-03-04","2026-03","Southern","Site CT-101","High","Power","Monitoring","Regional NOC","10","9737.76","1713.85","98","45.24","No","At Risk","SYNTHETIC DEMO DATA — Network sites, availability, outages, downtime, incident severity, and regional performance."
"NETWORKOPERATIONS-00434","2026-03-17","2026-03","Western","Site CT-214","Medium","Backhaul","Resolved","NOC Radio","7","13581.72","2553.36","99","48.1","Yes","Controlled","SYNTHETIC DEMO DATA — Network sites, availability, outages, downtime, incident severity, and regional performance."
"NETWORKOPERATIONS-00435","2026-03-30","2026-03","Northern","Site CT-337","Low","Radio","Resolved","Regional NOC","4","11963.97","1674.96","100","50.96","Yes","Controlled","SYNTHETIC DEMO DATA — Network sites, availability, outages, downtime, incident severity, and regional performance."
"NETWORKOPERATIONS-00436","2026-04-12","2026-04","Central","Site CT-452","Critical","Transmission","Open","NOC Radio","1","12554.55","1908.29","100","53.82","Yes","At Risk","SYNTHETIC DEMO DATA — Network sites, availability, outages, downtime, incident severity, and regional performance."
"NETWORKOPERATIONS-00437","2026-04-25","2026-04","Eastern","Site CT-589","High","Power","Monitoring","Regional NOC","10","12162.92","1994.72","100","56.68","Yes","Controlled","SYNTHETIC DEMO DATA — Network sites, availability, outages, downtime, incident severity, and regional performance."
"NETWORKOPERATIONS-00438","2026-05-08","2026-05","Southern","Site CT-101","Medium","Backhaul","Resolved","NOC Radio","7","10859.45","1911.26","100","59.54","Yes","Controlled","SYNTHETIC DEMO DATA — Network sites, availability, outages, downtime, incident severity, and regional performance."
"NETWORKOPERATIONS-00439","2026-05-21","2026-05","Western","Site CT-214","Low","Radio","Resolved","Regional NOC","4","14883.34","2798.07","100","62.4","Yes","Controlled","SYNTHETIC DEMO DATA — Network sites, availability, outages, downtime, incident severity, and regional performance."
"NETWORKOPERATIONS-00440","2026-06-03","2026-06","Northern","Site CT-337","Critical","Transmission","Open","NOC Radio","1","13441.36","1881.79","95","65.26","Yes","At Risk","SYNTHETIC DEMO DATA — Network sites, availability, outages, downtime, incident severity, and regional performance."
"NETWORKOPERATIONS-00441","2026-06-16","2026-06","Central","Site CT-452","High","Power","Monitoring","Regional NOC","10","10818.28","1644.38","96","68.12","No","At Risk","SYNTHETIC DEMO DATA — Network sites, availability, outages, downtime, incident severity, and regional performance."
"NETWORKOPERATIONS-00442","2025-01-05","2025-01","Eastern","Site CT-589","Medium","Backhaul","Resolved","NOC Radio","7","10321.05","1692.65","96","33.8","No","At Risk","SYNTHETIC DEMO DATA — Network sites, availability, outages, downtime, incident severity, and regional performance."
"NETWORKOPERATIONS-00443","2025-01-18","2025-01","Southern","Site CT-101","Low","Radio","Resolved","Regional NOC","4","8801.87","1549.13","97","36.66","Yes","Controlled","SYNTHETIC DEMO DATA — Network sites, availability, outages, downtime, incident severity, and regional performance."
"NETWORKOPERATIONS-00444","2025-01-31","2025-01","Western","Site CT-214","Critical","Transmission","Open","NOC Radio","1","12222.49","2297.83","98","39.52","Yes","At Risk","SYNTHETIC DEMO DATA — Network sites, availability, outages, downtime, incident severity, and regional performance."
"NETWORKOPERATIONS-00445","2025-02-13","2025-02","Northern","Site CT-337","High","Power","Monitoring","Regional NOC","10","11103.09","1554.43","99","42.38","Yes","Controlled","SYNTHETIC DEMO DATA — Network sites, availability, outages, downtime, incident severity, and regional performance."
"NETWORKOPERATIONS-00446","2025-02-26","2025-02","Central","Site CT-452","Medium","Backhaul","Resolved","NOC Radio","7","15239.82","2316.45","100","45.24","Yes","Controlled","SYNTHETIC DEMO DATA — Network sites, availability, outages, downtime, incident severity, and regional performance."
"NETWORKOPERATIONS-00447","2025-03-11","2025-03","Eastern","Site CT-589","Low","Radio","Resolved","Regional NOC","4","15455.29","2534.67","100","48.1","Yes","Controlled","SYNTHETIC DEMO DATA — Network sites, availability, outages, downtime, incident severity, and regional performance."
"NETWORKOPERATIONS-00448","2025-03-24","2025-03","Southern","Site CT-101","Critical","Transmission","Open","NOC Radio","1","12951.64","2279.49","100","50.96","Yes","At Risk","SYNTHETIC DEMO DATA — Network sites, availability, outages, downtime, incident severity, and regional performance."
"NETWORKOPERATIONS-00449","2025-04-06","2025-04","Western","Site CT-214","High","Power","Monitoring","Regional NOC","10","13733.73","2581.94","100","53.82","Yes","Controlled","SYNTHETIC DEMO DATA — Network sites, availability, outages, downtime, incident severity, and regional performance."
"NETWORKOPERATIONS-00450","2025-04-19","2025-04","Northern","Site CT-337","Medium","Backhaul","Resolved","NOC Radio","7","6926.06","969.65","100","56.68","No","At Risk","SYNTHETIC DEMO DATA — Network sites, availability, outages, downtime, incident severity, and regional performance."
"NETWORKOPERATIONS-00451","2025-05-02","2025-05","Central","Site CT-452","Low","Radio","Resolved","Regional NOC","4","10271.29","1561.24","95","59.54","No","At Risk","SYNTHETIC DEMO DATA — Network sites, availability, outages, downtime, incident severity, and regional performance."
"NETWORKOPERATIONS-00452","2025-05-15","2025-05","Eastern","Site CT-589","Critical","Transmission","Open","NOC Radio","1","10068","1651.15","96","62.4","Yes","At Risk","SYNTHETIC DEMO DATA — Network sites, availability, outages, downtime, incident severity, and regional performance."
"NETWORKOPERATIONS-00453","2025-05-28","2025-05","Southern","Site CT-101","High","Power","Monitoring","Regional NOC","10","8548.37","1504.51","96","65.26","Yes","Controlled","SYNTHETIC DEMO DATA — Network sites, availability, outages, downtime, incident severity, and regional performance."
"NETWORKOPERATIONS-00454","2025-06-10","2025-06","Western","Site CT-214","Medium","Backhaul","Resolved","NOC Radio","7","12520.19","2353.8","97","68.12","Yes","Controlled","SYNTHETIC DEMO DATA — Network sites, availability, outages, downtime, incident severity, and regional performance."
"NETWORKOPERATIONS-00455","2025-06-23","2025-06","Northern","Site CT-337","Low","Radio","Resolved","Regional NOC","4","10767.86","1507.5","98","33.8","Yes","Controlled","SYNTHETIC DEMO DATA — Network sites, availability, outages, downtime, incident severity, and regional performance."
"NETWORKOPERATIONS-00456","2025-07-06","2025-07","Central","Site CT-452","Critical","Transmission","Open","NOC Radio","1","15828.12","2405.87","99","36.66","Yes","At Risk","SYNTHETIC DEMO DATA — Network sites, availability, outages, downtime, incident severity, and regional performance."
"NETWORKOPERATIONS-00457","2025-07-19","2025-07","Eastern","Site CT-589","High","Power","Monitoring","Regional NOC","10","15245.58","2500.28","100","39.52","Yes","Controlled","SYNTHETIC DEMO DATA — Network sites, availability, outages, downtime, incident severity, and regional performance."
"NETWORKOPERATIONS-00458","2025-08-01","2025-08","Southern","Site CT-101","Medium","Backhaul","Resolved","NOC Radio","7","13415.01","2361.04","100","42.38","Yes","Controlled","SYNTHETIC DEMO DATA — Network sites, availability, outages, downtime, incident severity, and regional performance."
"NETWORKOPERATIONS-00459","2025-08-14","2025-08","Western","Site CT-214","Low","Radio","Resolved","Regional NOC","4","10843.89","2038.65","100","45.24","No","At Risk","SYNTHETIC DEMO DATA — Network sites, availability, outages, downtime, incident severity, and regional performance."
"NETWORKOPERATIONS-00460","2025-08-27","2025-08","Northern","Site CT-337","Critical","Transmission","Open","NOC Radio","1","9483.69","1327.72","100","48.1","No","At Risk","SYNTHETIC DEMO DATA — Network sites, availability, outages, downtime, incident severity, and regional performance."
"NETWORKOPERATIONS-00461","2025-09-09","2025-09","Central","Site CT-452","High","Power","Monitoring","Regional NOC","10","13828.78","2101.97","100","50.96","Yes","Controlled","SYNTHETIC DEMO DATA — Network sites, availability, outages, downtime, incident severity, and regional performance."
"NETWORKOPERATIONS-00462","2025-09-22","2025-09","Eastern","Site CT-589","Medium","Backhaul","Resolved","NOC Radio","7","13495.56","2213.27","95","53.82","Yes","Controlled","SYNTHETIC DEMO DATA — Network sites, availability, outages, downtime, incident severity, and regional performance."
"NETWORKOPERATIONS-00463","2025-10-05","2025-10","Southern","Site CT-101","Low","Radio","Resolved","Regional NOC","4","8847.72","1557.2","96","56.68","Yes","Controlled","SYNTHETIC DEMO DATA — Network sites, availability, outages, downtime, incident severity, and regional performance."
"NETWORKOPERATIONS-00464","2025-10-18","2025-10","Western","Site CT-214","Critical","Transmission","Open","NOC Radio","1","12196.81","2293","96","59.54","Yes","At Risk","SYNTHETIC DEMO DATA — Network sites, availability, outages, downtime, incident severity, and regional performance."
"NETWORKOPERATIONS-00465","2025-10-31","2025-10","Northern","Site CT-337","High","Power","Monitoring","Regional NOC","10","10457.7","1464.08","97","62.4","Yes","Controlled","SYNTHETIC DEMO DATA — Network sites, availability, outages, downtime, incident severity, and regional performance."
"NETWORKOPERATIONS-00466","2025-11-13","2025-11","Central","Site CT-452","Medium","Backhaul","Resolved","NOC Radio","7","15162.77","2304.74","98","65.26","Yes","Controlled","SYNTHETIC DEMO DATA — Network sites, availability, outages, downtime, incident severity, and regional performance."
"NETWORKOPERATIONS-00467","2025-11-26","2025-11","Eastern","Site CT-589","Low","Radio","Resolved","Regional NOC","4","14568.54","2389.24","99","68.12","Yes","Controlled","SYNTHETIC DEMO DATA — Network sites, availability, outages, downtime, incident severity, and regional performance."
"NETWORKOPERATIONS-00468","2025-12-09","2025-12","Southern","Site CT-101","Critical","Transmission","Open","NOC Radio","1","7624.1","1341.84","100","33.8","No","At Risk","SYNTHETIC DEMO DATA — Network sites, availability, outages, downtime, incident severity, and regional performance."
"NETWORKOPERATIONS-00469","2025-12-22","2025-12","Western","Site CT-214","High","Power","Monitoring","Regional NOC","10","10687.53","2009.26","100","36.66","No","At Risk","SYNTHETIC DEMO DATA — Network sites, availability, outages, downtime, incident severity, and regional performance."
"NETWORKOPERATIONS-00470","2026-01-04","2026-01","Northern","Site CT-337","Medium","Backhaul","Resolved","NOC Radio","7","9984.18","1397.79","100","39.52","Yes","Controlled","SYNTHETIC DEMO DATA — Network sites, availability, outages, downtime, incident severity, and regional performance."
"NETWORKOPERATIONS-00471","2026-01-17","2026-01","Central","Site CT-452","Low","Radio","Resolved","Regional NOC","4","13804.43","2098.27","100","42.38","Yes","Controlled","SYNTHETIC DEMO DATA — Network sites, availability, outages, downtime, incident severity, and regional performance."
"NETWORKOPERATIONS-00472","2026-01-30","2026-01","Eastern","Site CT-589","Critical","Transmission","Open","NOC Radio","1","13419.76","2200.84","100","45.24","Yes","At Risk","SYNTHETIC DEMO DATA — Network sites, availability, outages, downtime, incident severity, and regional performance."
"NETWORKOPERATIONS-00473","2026-02-12","2026-02","Southern","Site CT-101","High","Power","Monitoring","Regional NOC","10","11906.69","2095.58","95","48.1","Yes","Controlled","SYNTHETIC DEMO DATA — Network sites, availability, outages, downtime, incident severity, and regional performance."
"NETWORKOPERATIONS-00474","2026-02-25","2026-02","Western","Site CT-214","Medium","Backhaul","Resolved","NOC Radio","7","16363.52","3076.34","96","50.96","Yes","Controlled","SYNTHETIC DEMO DATA — Network sites, availability, outages, downtime, incident severity, and regional performance."
"NETWORKOPERATIONS-00475","2026-03-10","2026-03","Northern","Site CT-337","Low","Radio","Resolved","Regional NOC","4","14691.38","2056.79","96","53.82","Yes","Controlled","SYNTHETIC DEMO DATA — Network sites, availability, outages, downtime, incident severity, and regional performance."
"NETWORKOPERATIONS-00476","2026-03-23","2026-03","Central","Site CT-452","Critical","Transmission","Open","NOC Radio","1","19998.56","3039.78","97","56.68","Yes","At Risk","SYNTHETIC DEMO DATA — Network sites, availability, outages, downtime, incident severity, and regional performance."
"NETWORKOPERATIONS-00477","2026-04-05","2026-04","Eastern","Site CT-589","High","Power","Monitoring","Regional NOC","10","8801.31","1443.41","98","59.54","No","At Risk","SYNTHETIC DEMO DATA — Network sites, availability, outages, downtime, incident severity, and regional performance."
"NETWORKOPERATIONS-00478","2026-04-18","2026-04","Southern","Site CT-101","Medium","Backhaul","Resolved","NOC Radio","7","7543.82","1327.71","99","62.4","No","At Risk","SYNTHETIC DEMO DATA — Network sites, availability, outages, downtime, incident severity, and regional performance."
"NETWORKOPERATIONS-00479","2026-05-01","2026-05","Western","Site CT-214","Low","Radio","Resolved","Regional NOC","4","11179.34","2101.72","100","65.26","Yes","Controlled","SYNTHETIC DEMO DATA — Network sites, availability, outages, downtime, incident severity, and regional performance."
"NETWORKOPERATIONS-00480","2026-05-14","2026-05","Northern","Site CT-337","Critical","Transmission","Open","NOC Radio","1","9685.11","1355.92","100","68.12","Yes","At Risk","SYNTHETIC DEMO DATA — Network sites, availability, outages, downtime, incident severity, and regional performance."
"NETWORKOPERATIONS-00481","2026-05-27","2026-05","Central","Site CT-452","High","Power","Monitoring","Regional NOC","10","13339.21","2027.56","100","33.8","Yes","Controlled","SYNTHETIC DEMO DATA — Network sites, availability, outages, downtime, incident severity, and regional performance."
"NETWORKOPERATIONS-00482","2026-06-09","2026-06","Eastern","Site CT-589","Medium","Backhaul","Resolved","NOC Radio","7","13683.29","2244.06","100","36.66","Yes","Controlled","SYNTHETIC DEMO DATA — Network sites, availability, outages, downtime, incident severity, and regional performance."
"NETWORKOPERATIONS-00483","2026-06-22","2026-06","Southern","Site CT-101","Low","Radio","Resolved","Regional NOC","4","11498.24","2023.69","100","39.52","Yes","Controlled","SYNTHETIC DEMO DATA — Network sites, availability, outages, downtime, incident severity, and regional performance."
"NETWORKOPERATIONS-00484","2025-01-11","2025-01","Western","Site CT-214","Critical","Transmission","Open","NOC Radio","1","15260.85","2869.04","95","42.38","Yes","At Risk","SYNTHETIC DEMO DATA — Network sites, availability, outages, downtime, incident severity, and regional performance."
"NETWORKOPERATIONS-00485","2025-01-24","2025-01","Northern","Site CT-337","High","Power","Monitoring","Regional NOC","10","13016.6","1822.32","96","45.24","Yes","Controlled","SYNTHETIC DEMO DATA — Network sites, availability, outages, downtime, incident severity, and regional performance."
"NETWORKOPERATIONS-00486","2025-02-06","2025-02","Central","Site CT-452","Medium","Backhaul","Resolved","NOC Radio","7","11027.81","1676.23","96","48.1","No","At Risk","SYNTHETIC DEMO DATA — Network sites, availability, outages, downtime, incident severity, and regional performance."
"NETWORKOPERATIONS-00487","2025-02-19","2025-02","Eastern","Site CT-589","Low","Radio","Resolved","Regional NOC","4","10864.26","1781.74","97","50.96","No","At Risk","SYNTHETIC DEMO DATA — Network sites, availability, outages, downtime, incident severity, and regional performance."
"NETWORKOPERATIONS-00488","2025-03-04","2025-03","Southern","Site CT-101","Critical","Transmission","Open","NOC Radio","1","9728.38","1712.19","98","53.82","Yes","At Risk","SYNTHETIC DEMO DATA — Network sites, availability, outages, downtime, incident severity, and regional performance."
"NETWORKOPERATIONS-00489","2025-03-17","2025-03","Western","Site CT-214","High","Power","Monitoring","Regional NOC","10","13509.06","2539.7","99","56.68","Yes","Controlled","SYNTHETIC DEMO DATA — Network sites, availability, outages, downtime, incident severity, and regional performance."
"NETWORKOPERATIONS-00490","2025-03-30","2025-03","Northern","Site CT-337","Medium","Backhaul","Resolved","NOC Radio","7","11658.25","1632.16","100","59.54","Yes","Controlled","SYNTHETIC DEMO DATA — Network sites, availability, outages, downtime, incident severity, and regional performance."
"NETWORKOPERATIONS-00491","2025-04-12","2025-04","Central","Site CT-452","Low","Radio","Resolved","Regional NOC","4","12411.31","1886.52","100","62.4","Yes","Controlled","SYNTHETIC DEMO DATA — Network sites, availability, outages, downtime, incident severity, and regional performance."
"NETWORKOPERATIONS-00492","2025-04-25","2025-04","Eastern","Site CT-589","Critical","Transmission","Open","NOC Radio","1","11987.41","1965.94","100","65.26","Yes","At Risk","SYNTHETIC DEMO DATA — Network sites, availability, outages, downtime, incident severity, and regional performance."
"NETWORKOPERATIONS-00493","2025-05-08","2025-05","Southern","Site CT-101","High","Power","Monitoring","Regional NOC","10","10673.38","1878.51","100","68.12","Yes","Controlled","SYNTHETIC DEMO DATA — Network sites, availability, outages, downtime, incident severity, and regional performance."
"NETWORKOPERATIONS-00494","2025-05-21","2025-05","Western","Site CT-214","Medium","Backhaul","Resolved","NOC Radio","7","14592.09","2743.31","100","33.8","Yes","Controlled","SYNTHETIC DEMO DATA — Network sites, availability, outages, downtime, incident severity, and regional performance."
"NETWORKOPERATIONS-00495","2025-06-03","2025-06","Northern","Site CT-337","Low","Radio","Resolved","Regional NOC","4","7791.82","1090.85","95","36.66","No","At Risk","SYNTHETIC DEMO DATA — Network sites, availability, outages, downtime, incident severity, and regional performance."
"NETWORKOPERATIONS-00496","2025-06-16","2025-06","Central","Site CT-452","Critical","Transmission","Open","NOC Radio","1","10875.49","1653.07","96","39.52","No","At Risk","SYNTHETIC DEMO DATA — Network sites, availability, outages, downtime, incident severity, and regional performance."
"NETWORKOPERATIONS-00497","2025-06-29","2025-06","Eastern","Site CT-589","High","Power","Monitoring","Regional NOC","10","10660.24","1748.28","96","42.38","Yes","Controlled","SYNTHETIC DEMO DATA — Network sites, availability, outages, downtime, incident severity, and regional performance."
"NETWORKOPERATIONS-00498","2025-07-12","2025-07","Southern","Site CT-101","Medium","Backhaul","Resolved","NOC Radio","7","9722.99","1711.25","97","45.24","Yes","Controlled","SYNTHETIC DEMO DATA — Network sites, availability, outages, downtime, incident severity, and regional performance."
"NETWORKOPERATIONS-00499","2025-07-25","2025-07","Western","Site CT-214","Low","Radio","Resolved","Regional NOC","4","13449.43","2528.49","98","48.1","Yes","Controlled","SYNTHETIC DEMO DATA — Network sites, availability, outages, downtime, incident severity, and regional performance."
"NETWORKOPERATIONS-00500","2025-08-07","2025-08","Northern","Site CT-337","Critical","Transmission","Open","NOC Radio","1","12175.84","1704.62","99","50.96","Yes","At Risk","SYNTHETIC DEMO DATA — Network sites, availability, outages, downtime, incident severity, and regional performance."
"NETWORKOPERATIONS-00501","2025-08-20","2025-08","Central","Site CT-452","High","Power","Monitoring","Regional NOC","10","16661.18","2532.5","100","53.82","Yes","Controlled","SYNTHETIC DEMO DATA — Network sites, availability, outages, downtime, incident severity, and regional performance."
"NETWORKOPERATIONS-00502","2025-09-02","2025-09","Eastern","Site CT-589","Medium","Backhaul","Resolved","NOC Radio","7","16850.38","2763.46","100","56.68","Yes","Controlled","SYNTHETIC DEMO DATA — Network sites, availability, outages, downtime, incident severity, and regional performance."
"NETWORKOPERATIONS-00503","2025-09-15","2025-09","Southern","Site CT-101","Low","Radio","Resolved","Regional NOC","4","14085.76","2479.09","100","59.54","Yes","Controlled","SYNTHETIC DEMO DATA — Network sites, availability, outages, downtime, incident severity, and regional performance."
"NETWORKOPERATIONS-00504","2025-09-28","2025-09","Western","Site CT-214","Critical","Transmission","Open","NOC Radio","1","11583.91","2177.78","100","62.4","No","At Risk","SYNTHETIC DEMO DATA — Network sites, availability, outages, downtime, incident severity, and regional performance."
"NETWORKOPERATIONS-00505","2025-10-11","2025-10","Northern","Site CT-337","High","Power","Monitoring","Regional NOC","10","7718.78","1080.63","100","65.26","No","At Risk","SYNTHETIC DEMO DATA — Network sites, availability, outages, downtime, incident severity, and regional performance."
"NETWORKOPERATIONS-00506","2025-10-24","2025-10","Central","Site CT-452","Medium","Backhaul","Resolved","NOC Radio","7","10719.27","1629.33","95","68.12","Yes","Controlled","SYNTHETIC DEMO DATA — Network sites, availability, outages, downtime, incident severity, and regional performance."
"NETWORKOPERATIONS-00507","2025-11-06","2025-11","Eastern","Site CT-589","Low","Radio","Resolved","Regional NOC","4","11114.79","1822.83","96","33.8","Yes","Controlled","SYNTHETIC DEMO DATA — Network sites, availability, outages, downtime, incident severity, and regional performance."
"NETWORKOPERATIONS-00508","2025-11-19","2025-11","Southern","Site CT-101","Critical","Transmission","Open","NOC Radio","1","9400.71","1654.52","96","36.66","Yes","At Risk","SYNTHETIC DEMO DATA — Network sites, availability, outages, downtime, incident severity, and regional performance."
"NETWORKOPERATIONS-00509","2025-12-02","2025-12","Western","Site CT-214","High","Power","Monitoring","Regional NOC","10","13721.42","2579.63","97","39.52","Yes","Controlled","SYNTHETIC DEMO DATA — Network sites, availability, outages, downtime, incident severity, and regional performance."
"NETWORKOPERATIONS-00510","2025-12-15","2025-12","Northern","Site CT-337","Medium","Backhaul","Resolved","NOC Radio","7","11764.91","1647.09","98","42.38","Yes","Controlled","SYNTHETIC DEMO DATA — Network sites, availability, outages, downtime, incident severity, and regional performance."
"NETWORKOPERATIONS-00511","2025-12-28","2025-12","Central","Site CT-452","Low","Radio","Resolved","Regional NOC","4","16328.88","2481.99","99","45.24","Yes","Controlled","SYNTHETIC DEMO DATA — Network sites, availability, outages, downtime, incident severity, and regional performance."
"NETWORKOPERATIONS-00512","2026-01-10","2026-01","Eastern","Site CT-589","Critical","Transmission","Open","NOC Radio","1","16560.55","2715.93","100","48.1","Yes","At Risk","SYNTHETIC DEMO DATA — Network sites, availability, outages, downtime, incident severity, and regional performance."
"NETWORKOPERATIONS-00513","2026-01-23","2026-01","Southern","Site CT-101","High","Power","Monitoring","Regional NOC","10","8185.1","1440.58","100","50.96","No","At Risk","SYNTHETIC DEMO DATA — Network sites, availability, outages, downtime, incident severity, and regional performance."
"NETWORKOPERATIONS-00514","2026-02-05","2026-02","Western","Site CT-214","Medium","Backhaul","Resolved","NOC Radio","7","12077.84","2270.63","100","53.82","No","At Risk","SYNTHETIC DEMO DATA — Network sites, availability, outages, downtime, incident severity, and regional performance."
"NETWORKOPERATIONS-00515","2026-02-18","2026-02","Northern","Site CT-337","Low","Radio","Resolved","Regional NOC","4","10509.67","1471.35","100","56.68","Yes","Controlled","SYNTHETIC DEMO DATA — Network sites, availability, outages, downtime, incident severity, and regional performance."
"NETWORKOPERATIONS-00516","2026-03-03","2026-03","Central","Site CT-452","Critical","Transmission","Open","NOC Radio","1","15257.52","2319.14","100","59.54","Yes","At Risk","SYNTHETIC DEMO DATA — Network sites, availability, outages, downtime, incident severity, and regional performance."
"NETWORKOPERATIONS-00517","2026-03-16","2026-03","Eastern","Site CT-589","High","Power","Monitoring","Regional NOC","10","14832.36","2432.51","95","62.4","Yes","Controlled","SYNTHETIC DEMO DATA — Network sites, availability, outages, downtime, incident severity, and regional performance."
"NETWORKOPERATIONS-00518","2026-03-29","2026-03","Southern","Site CT-101","Medium","Backhaul","Resolved","NOC Radio","7","12711.95","2237.3","96","65.26","Yes","Controlled","SYNTHETIC DEMO DATA — Network sites, availability, outages, downtime, incident severity, and regional performance."
"NETWORKOPERATIONS-00519","2026-04-11","2026-04","Western","Site CT-214","Low","Radio","Resolved","Regional NOC","4","13310.63","2502.4","96","68.12","Yes","Controlled","SYNTHETIC DEMO DATA — Network sites, availability, outages, downtime, incident severity, and regional performance."
"NETWORKOPERATIONS-00520","2026-04-24","2026-04","Northern","Site CT-337","Critical","Transmission","Open","NOC Radio","1","11381.38","1593.39","97","33.8","Yes","At Risk","SYNTHETIC DEMO DATA — Network sites, availability, outages, downtime, incident severity, and regional performance."
"NETWORKOPERATIONS-00521","2026-05-07","2026-05","Central","Site CT-452","High","Power","Monitoring","Regional NOC","10","16461.15","2502.09","98","36.66","Yes","Controlled","SYNTHETIC DEMO DATA — Network sites, availability, outages, downtime, incident severity, and regional performance."
"NETWORKOPERATIONS-00522","2026-05-20","2026-05","Eastern","Site CT-589","Medium","Backhaul","Resolved","NOC Radio","7","9351.39","1533.63","99","39.52","No","At Risk","SYNTHETIC DEMO DATA — Network sites, availability, outages, downtime, incident severity, and regional performance."
"NETWORKOPERATIONS-00523","2026-06-02","2026-06","Southern","Site CT-101","Low","Radio","Resolved","Regional NOC","4","8486.8","1493.68","100","42.38","No","At Risk","SYNTHETIC DEMO DATA — Network sites, availability, outages, downtime, incident severity, and regional performance."
"NETWORKOPERATIONS-00524","2026-06-15","2026-06","Western","Site CT-214","Critical","Transmission","Open","NOC Radio","1","11836.95","2225.35","100","45.24","Yes","At Risk","SYNTHETIC DEMO DATA — Network sites, availability, outages, downtime, incident severity, and regional performance."
"NETWORKOPERATIONS-00525","2025-01-04","2025-01","Northern","Site CT-337","High","Power","Monitoring","Regional NOC","10","9930.77","1390.31","100","48.1","Yes","Controlled","SYNTHETIC DEMO DATA — Network sites, availability, outages, downtime, incident severity, and regional performance."
"NETWORKOPERATIONS-00526","2025-01-17","2025-01","Central","Site CT-452","Medium","Backhaul","Resolved","NOC Radio","7","13677.55","2078.99","100","50.96","Yes","Controlled","SYNTHETIC DEMO DATA — Network sites, availability, outages, downtime, incident severity, and regional performance."
"NETWORKOPERATIONS-00527","2025-01-30","2025-01","Eastern","Site CT-589","Low","Radio","Resolved","Regional NOC","4","13250.89","2173.15","100","53.82","Yes","Controlled","SYNTHETIC DEMO DATA — Network sites, availability, outages, downtime, incident severity, and regional performance."
"NETWORKOPERATIONS-00528","2025-02-12","2025-02","Southern","Site CT-101","Critical","Transmission","Open","NOC Radio","1","11720.94","2062.89","95","56.68","Yes","At Risk","SYNTHETIC DEMO DATA — Network sites, availability, outages, downtime, incident severity, and regional performance."
"NETWORKOPERATIONS-00529","2025-02-25","2025-02","Western","Site CT-214","High","Power","Monitoring","Regional NOC","10","16064.05","3020.04","96","59.54","Yes","Controlled","SYNTHETIC DEMO DATA — Network sites, availability, outages, downtime, incident severity, and regional performance."
"NETWORKOPERATIONS-00530","2025-03-10","2025-03","Northern","Site CT-337","Medium","Backhaul","Resolved","NOC Radio","7","14386.77","2014.15","96","62.4","Yes","Controlled","SYNTHETIC DEMO DATA — Network sites, availability, outages, downtime, incident severity, and regional performance."
"NETWORKOPERATIONS-00531","2025-03-23","2025-03","Central","Site CT-452","Low","Radio","Resolved","Regional NOC","4","11579.2","1760.04","97","65.26","No","At Risk","SYNTHETIC DEMO DATA — Network sites, availability, outages, downtime, incident severity, and regional performance."
"NETWORKOPERATIONS-00532","2025-04-05","2025-04","Eastern","Site CT-589","Critical","Transmission","Open","NOC Radio","1","8847.85","1451.05","98","68.12","No","At Risk","SYNTHETIC DEMO DATA — Network sites, availability, outages, downtime, incident severity, and regional performance."
"NETWORKOPERATIONS-00533","2025-04-18","2025-04","Southern","Site CT-101","High","Power","Monitoring","Regional NOC","10","7545.52","1328.01","99","33.8","Yes","Controlled","SYNTHETIC DEMO DATA — Network sites, availability, outages, downtime, incident severity, and regional performance."
"NETWORKOPERATIONS-00534","2025-05-01","2025-05","Western","Site CT-214","Medium","Backhaul","Resolved","NOC Radio","7","11132.76","2092.96","100","36.66","Yes","Controlled","SYNTHETIC DEMO DATA — Network sites, availability, outages, downtime, incident severity, and regional performance."
"NETWORKOPERATIONS-00535","2025-05-14","2025-05","Northern","Site CT-337","Low","Radio","Resolved","Regional NOC","4","9607.51","1345.05","100","39.52","Yes","Controlled","SYNTHETIC DEMO DATA — Network sites, availability, outages, downtime, incident severity, and regional performance."
"NETWORKOPERATIONS-00536","2025-05-27","2025-05","Central","Site CT-452","Critical","Transmission","Open","NOC Radio","1","13187.01","2004.43","100","42.38","Yes","At Risk","SYNTHETIC DEMO DATA — Network sites, availability, outages, downtime, incident severity, and regional performance."
"NETWORKOPERATIONS-00537","2025-06-09","2025-06","Eastern","Site CT-589","High","Power","Monitoring","Regional NOC","10","13485.84","2211.68","100","45.24","Yes","Controlled","SYNTHETIC DEMO DATA — Network sites, availability, outages, downtime, incident severity, and regional performance."
"NETWORKOPERATIONS-00538","2025-06-22","2025-06","Southern","Site CT-101","Medium","Backhaul","Resolved","NOC Radio","7","11301.23","1989.02","100","48.1","Yes","Controlled","SYNTHETIC DEMO DATA — Network sites, availability, outages, downtime, incident severity, and regional performance."
"NETWORKOPERATIONS-00539","2025-07-05","2025-07","Western","Site CT-214","Low","Radio","Resolved","Regional NOC","4","16597.17","3120.27","95","50.96","Yes","Controlled","SYNTHETIC DEMO DATA — Network sites, availability, outages, downtime, incident severity, and regional performance."
"NETWORKOPERATIONS-00540","2025-07-18","2025-07","Northern","Site CT-337","Critical","Transmission","Open","NOC Radio","1","8370.12","1171.82","96","53.82","No","At Risk","SYNTHETIC DEMO DATA — Network sites, availability, outages, downtime, incident severity, and regional performance."
"NETWORKOPERATIONS-00541","2025-07-31","2025-07","Central","Site CT-452","High","Power","Monitoring","Regional NOC","10","11682.66","1775.76","96","56.68","No","At Risk","SYNTHETIC DEMO DATA — Network sites, availability, outages, downtime, incident severity, and regional performance."
"NETWORKOPERATIONS-00542","2025-08-13","2025-08","Eastern","Site CT-589","Medium","Backhaul","Resolved","NOC Radio","7","12054.14","1976.88","97","59.54","Yes","Controlled","SYNTHETIC DEMO DATA — Network sites, availability, outages, downtime, incident severity, and regional performance."
"NETWORKOPERATIONS-00543","2025-08-26","2025-08","Southern","Site CT-101","Low","Radio","Resolved","Regional NOC","4","10234.72","1801.31","98","62.4","Yes","Controlled","SYNTHETIC DEMO DATA — Network sites, availability, outages, downtime, incident severity, and regional performance."
"NETWORKOPERATIONS-00544","2025-09-08","2025-09","Western","Site CT-214","Critical","Transmission","Open","NOC Radio","1","14865.16","2794.65","99","65.26","Yes","At Risk","SYNTHETIC DEMO DATA — Network sites, availability, outages, downtime, incident severity, and regional performance."
"NETWORKOPERATIONS-00545","2025-09-21","2025-09","Northern","Site CT-337","High","Power","Monitoring","Regional NOC","10","12784.63","1789.85","100","68.12","Yes","Controlled","SYNTHETIC DEMO DATA — Network sites, availability, outages, downtime, incident severity, and regional performance."
"NETWORKOPERATIONS-00546","2025-10-04","2025-10","Central","Site CT-452","Medium","Backhaul","Resolved","NOC Radio","7","13560.53","2061.2","100","33.8","Yes","Controlled","SYNTHETIC DEMO DATA — Network sites, availability, outages, downtime, incident severity, and regional performance."
"NETWORKOPERATIONS-00547","2025-10-17","2025-10","Eastern","Site CT-589","Low","Radio","Resolved","Regional NOC","4","13061.45","2142.08","100","36.66","Yes","Controlled","SYNTHETIC DEMO DATA — Network sites, availability, outages, downtime, incident severity, and regional performance."
"NETWORKOPERATIONS-00548","2025-10-30","2025-10","Southern","Site CT-101","Critical","Transmission","Open","NOC Radio","1","10918.47","1921.65","100","39.52","Yes","At Risk","SYNTHETIC DEMO DATA — Network sites, availability, outages, downtime, incident severity, and regional performance."
"NETWORKOPERATIONS-00549","2025-11-12","2025-11","Western","Site CT-214","High","Power","Monitoring","Regional NOC","10","9377.45","1762.96","100","42.38","No","At Risk","SYNTHETIC DEMO DATA — Network sites, availability, outages, downtime, incident severity, and regional performance."
"NETWORKOPERATIONS-00550","2025-11-25","2025-11","Northern","Site CT-337","Medium","Backhaul","Resolved","NOC Radio","7","8201.2","1148.17","95","45.24","No","At Risk","SYNTHETIC DEMO DATA — Network sites, availability, outages, downtime, incident severity, and regional performance."
"NETWORKOPERATIONS-00551","2025-12-08","2025-12","Central","Site CT-452","Low","Radio","Resolved","Regional NOC","4","12059.18","1833","96","48.1","Yes","Controlled","SYNTHETIC DEMO DATA — Network sites, availability, outages, downtime, incident severity, and regional performance."
"NETWORKOPERATIONS-00552","2025-12-21","2025-12","Eastern","Site CT-589","Critical","Transmission","Open","NOC Radio","1","11768.6","1930.05","96","50.96","Yes","At Risk","SYNTHETIC DEMO DATA — Network sites, availability, outages, downtime, incident severity, and regional performance."
"NETWORKOPERATIONS-00553","2026-01-03","2026-01","Southern","Site CT-101","High","Power","Monitoring","Regional NOC","10","10686.1","1880.75","97","53.82","Yes","Controlled","SYNTHETIC DEMO DATA — Network sites, availability, outages, downtime, incident severity, and regional performance."
"NETWORKOPERATIONS-00554","2026-01-16","2026-01","Western","Site CT-214","Medium","Backhaul","Resolved","NOC Radio","7","14731.07","2769.44","98","56.68","Yes","Controlled","SYNTHETIC DEMO DATA — Network sites, availability, outages, downtime, incident severity, and regional performance."
"NETWORKOPERATIONS-00555","2026-01-29","2026-01","Northern","Site CT-337","Low","Radio","Resolved","Regional NOC","4","12630.59","1768.28","99","59.54","Yes","Controlled","SYNTHETIC DEMO DATA — Network sites, availability, outages, downtime, incident severity, and regional performance."
"NETWORKOPERATIONS-00556","2026-02-11","2026-02","Central","Site CT-452","Critical","Transmission","Open","NOC Radio","1","18143.19","2757.76","100","62.4","Yes","At Risk","SYNTHETIC DEMO DATA — Network sites, availability, outages, downtime, incident severity, and regional performance."
"NETWORKOPERATIONS-00557","2026-02-24","2026-02","Eastern","Site CT-589","High","Power","Monitoring","Regional NOC","10","17432.16","2858.87","100","65.26","Yes","Controlled","SYNTHETIC DEMO DATA — Network sites, availability, outages, downtime, incident severity, and regional performance."
"NETWORKOPERATIONS-00558","2026-03-09","2026-03","Southern","Site CT-101","Medium","Backhaul","Resolved","NOC Radio","7","9046.69","1592.22","100","68.12","No","At Risk","SYNTHETIC DEMO DATA — Network sites, availability, outages, downtime, incident severity, and regional performance."
"NETWORKOPERATIONS-00559","2026-03-22","2026-03","Western","Site CT-214","Low","Radio","Resolved","Regional NOC","4","12681.73","2384.17","100","33.8","No","At Risk","SYNTHETIC DEMO DATA — Network sites, availability, outages, downtime, incident severity, and regional performance."
"NETWORKOPERATIONS-00560","2026-04-04","2026-04","Northern","Site CT-337","Critical","Transmission","Open","NOC Radio","1","8548.91","1196.85","100","36.66","Yes","At Risk","SYNTHETIC DEMO DATA — Network sites, availability, outages, downtime, incident severity, and regional performance."
"NETWORKOPERATIONS-00561","2026-04-17","2026-04","Central","Site CT-452","High","Power","Monitoring","Regional NOC","10","11819.97","1796.64","95","39.52","Yes","Controlled","SYNTHETIC DEMO DATA — Network sites, availability, outages, downtime, incident severity, and regional performance."
"NETWORKOPERATIONS-00562","2026-04-30","2026-04","Eastern","Site CT-589","Medium","Backhaul","Resolved","NOC Radio","7","11490.6","1884.46","96","42.38","Yes","Controlled","SYNTHETIC DEMO DATA — Network sites, availability, outages, downtime, incident severity, and regional performance."
"NETWORKOPERATIONS-00563","2026-05-13","2026-05","Southern","Site CT-101","Low","Radio","Resolved","Regional NOC","4","10290.62","1811.15","96","45.24","Yes","Controlled","SYNTHETIC DEMO DATA — Network sites, availability, outages, downtime, incident severity, and regional performance."
"NETWORKOPERATIONS-00564","2026-05-26","2026-05","Western","Site CT-214","Critical","Transmission","Open","NOC Radio","1","14142.54","2658.8","97","48.1","Yes","At Risk","SYNTHETIC DEMO DATA — Network sites, availability, outages, downtime, incident severity, and regional performance."
"NETWORKOPERATIONS-00565","2026-06-08","2026-06","Northern","Site CT-337","High","Power","Monitoring","Regional NOC","10","12804.05","1792.57","98","50.96","Yes","Controlled","SYNTHETIC DEMO DATA — Network sites, availability, outages, downtime, incident severity, and regional performance."
"NETWORKOPERATIONS-00566","2026-06-21","2026-06","Central","Site CT-452","Medium","Backhaul","Resolved","NOC Radio","7","17429.45","2649.28","99","53.82","Yes","Controlled","SYNTHETIC DEMO DATA — Network sites, availability, outages, downtime, incident severity, and regional performance."
"NETWORKOPERATIONS-00567","2025-01-10","2025-01","Eastern","Site CT-589","Low","Radio","Resolved","Regional NOC","4","9588.59","1572.53","100","56.68","No","At Risk","SYNTHETIC DEMO DATA — Network sites, availability, outages, downtime, incident severity, and regional performance."
"NETWORKOPERATIONS-00568","2025-01-23","2025-01","Southern","Site CT-101","Critical","Transmission","Open","NOC Radio","1","8218.61","1446.48","100","59.54","No","At Risk","SYNTHETIC DEMO DATA — Network sites, availability, outages, downtime, incident severity, and regional performance."
"NETWORKOPERATIONS-00569","2025-02-05","2025-02","Western","Site CT-214","High","Power","Monitoring","Regional NOC","10","12066.21","2268.45","100","62.4","Yes","Controlled","SYNTHETIC DEMO DATA — Network sites, availability, outages, downtime, incident severity, and regional performance."
"NETWORKOPERATIONS-00570","2025-02-18","2025-02","Northern","Site CT-337","Medium","Backhaul","Resolved","NOC Radio","7","10453.44","1463.48","100","65.26","Yes","Controlled","SYNTHETIC DEMO DATA — Network sites, availability, outages, downtime, incident severity, and regional performance."
"NETWORKOPERATIONS-00571","2025-03-03","2025-03","Central","Site CT-452","Low","Radio","Resolved","Regional NOC","4","15117.29","2297.83","100","68.12","Yes","Controlled","SYNTHETIC DEMO DATA — Network sites, availability, outages, downtime, incident severity, and regional performance."
"NETWORKOPERATIONS-00572","2025-03-16","2025-03","Eastern","Site CT-589","Critical","Transmission","Open","NOC Radio","1","14645.72","2401.9","95","33.8","Yes","At Risk","SYNTHETIC DEMO DATA — Network sites, availability, outages, downtime, incident severity, and regional performance."
"NETWORKOPERATIONS-00573","2025-03-29","2025-03","Southern","Site CT-101","High","Power","Monitoring","Regional NOC","10","12306.99","2166.03","96","36.66","Yes","Controlled","SYNTHETIC DEMO DATA — Network sites, availability, outages, downtime, incident severity, and regional performance."
"NETWORKOPERATIONS-00574","2025-04-11","2025-04","Western","Site CT-214","Medium","Backhaul","Resolved","NOC Radio","7","13082.56","2459.52","96","39.52","Yes","Controlled","SYNTHETIC DEMO DATA — Network sites, availability, outages, downtime, incident severity, and regional performance."
"NETWORKOPERATIONS-00575","2025-04-24","2025-04","Northern","Site CT-337","Low","Radio","Resolved","Regional NOC","4","11158.65","1562.21","97","42.38","Yes","Controlled","SYNTHETIC DEMO DATA — Network sites, availability, outages, downtime, incident severity, and regional performance."
"NETWORKOPERATIONS-00576","2025-05-07","2025-05","Central","Site CT-452","Critical","Transmission","Open","NOC Radio","1","9542.36","1450.44","98","45.24","No","At Risk","SYNTHETIC DEMO DATA — Network sites, availability, outages, downtime, incident severity, and regional performance."
"NETWORKOPERATIONS-00577","2025-05-20","2025-05","Eastern","Site CT-589","High","Power","Monitoring","Regional NOC","10","9400.84","1541.74","99","48.1","No","At Risk","SYNTHETIC DEMO DATA — Network sites, availability, outages, downtime, incident severity, and regional performance."
"NETWORKOPERATIONS-00578","2025-06-02","2025-06","Southern","Site CT-101","Medium","Backhaul","Resolved","NOC Radio","7","8488.71","1494.01","100","50.96","Yes","Controlled","SYNTHETIC DEMO DATA — Network sites, availability, outages, downtime, incident severity, and regional performance."
"NETWORKOPERATIONS-00579","2025-06-15","2025-06","Western","Site CT-214","Low","Radio","Resolved","Regional NOC","4","11787.62","2216.07","100","53.82","Yes","Controlled","SYNTHETIC DEMO DATA — Network sites, availability, outages, downtime, incident severity, and regional performance."
"NETWORKOPERATIONS-00580","2025-06-28","2025-06","Northern","Site CT-337","Critical","Transmission","Open","NOC Radio","1","10172.65","1424.17","100","56.68","Yes","At Risk","SYNTHETIC DEMO DATA — Network sites, availability, outages, downtime, incident severity, and regional performance."
"NETWORKOPERATIONS-00581","2025-07-11","2025-07","Central","Site CT-452","High","Power","Monitoring","Regional NOC","10","14999.03","2279.85","100","59.54","Yes","Controlled","SYNTHETIC DEMO DATA — Network sites, availability, outages, downtime, incident severity, and regional performance."
"NETWORKOPERATIONS-00582","2025-07-24","2025-07","Eastern","Site CT-589","Medium","Backhaul","Resolved","NOC Radio","7","14486.75","2375.83","100","62.4","Yes","Controlled","SYNTHETIC DEMO DATA — Network sites, availability, outages, downtime, incident severity, and regional performance."
"NETWORKOPERATIONS-00583","2025-08-06","2025-08","Southern","Site CT-101","Low","Radio","Resolved","Regional NOC","4","12778.95","2249.1","95","65.26","Yes","Controlled","SYNTHETIC DEMO DATA — Network sites, availability, outages, downtime, incident severity, and regional performance."
"NETWORKOPERATIONS-00584","2025-08-19","2025-08","Western","Site CT-214","Critical","Transmission","Open","NOC Radio","1","17470.71","3284.49","96","68.12","Yes","At Risk","SYNTHETIC DEMO DATA — Network sites, availability, outages, downtime, incident severity, and regional performance."
"NETWORKOPERATIONS-00585","2025-09-01","2025-09","Northern","Site CT-337","High","Power","Monitoring","Regional NOC","10","9251.19","1295.17","96","33.8","No","At Risk","SYNTHETIC DEMO DATA — Network sites, availability, outages, downtime, incident severity, and regional performance."
"NETWORKOPERATIONS-00586","2025-09-14","2025-09","Central","Site CT-452","Medium","Backhaul","Resolved","NOC Radio","7","12912.41","1962.69","97","36.66","No","At Risk","SYNTHETIC DEMO DATA — Network sites, availability, outages, downtime, incident severity, and regional performance."
"NETWORKOPERATIONS-00587","2025-09-27","2025-09","Eastern","Site CT-589","Low","Radio","Resolved","Regional NOC","4","12656.85","2075.72","98","39.52","Yes","Controlled","SYNTHETIC DEMO DATA — Network sites, availability, outages, downtime, incident severity, and regional performance."
"NETWORKOPERATIONS-00588","2025-10-10","2025-10","Southern","Site CT-101","Critical","Transmission","Open","NOC Radio","1","8330.04","1466.09","99","42.38","Yes","At Risk","SYNTHETIC DEMO DATA — Network sites, availability, outages, downtime, incident severity, and regional performance."
"NETWORKOPERATIONS-00589","2025-10-23","2025-10","Western","Site CT-214","High","Power","Monitoring","Regional NOC","10","11522.62","2166.25","100","45.24","Yes","Controlled","SYNTHETIC DEMO DATA — Network sites, availability, outages, downtime, incident severity, and regional performance."
"NETWORKOPERATIONS-00590","2025-11-05","2025-11","Northern","Site CT-337","Medium","Backhaul","Resolved","NOC Radio","7","10529.28","1474.1","100","48.1","Yes","Controlled","SYNTHETIC DEMO DATA — Network sites, availability, outages, downtime, incident severity, and regional performance."
"NETWORKOPERATIONS-00591","2025-11-18","2025-11","Central","Site CT-452","Low","Radio","Resolved","Regional NOC","4","14408.06","2190.03","100","50.96","Yes","Controlled","SYNTHETIC DEMO DATA — Network sites, availability, outages, downtime, incident severity, and regional performance."
"NETWORKOPERATIONS-00592","2025-12-01","2025-12","Eastern","Site CT-589","Critical","Transmission","Open","NOC Radio","1","14694.13","2409.84","100","53.82","Yes","At Risk","SYNTHETIC DEMO DATA — Network sites, availability, outages, downtime, incident severity, and regional performance."
"NETWORKOPERATIONS-00593","2025-12-14","2025-12","Southern","Site CT-101","High","Power","Monitoring","Regional NOC","10","12283.28","2161.86","100","56.68","Yes","Controlled","SYNTHETIC DEMO DATA — Network sites, availability, outages, downtime, incident severity, and regional performance."
"NETWORKOPERATIONS-00594","2025-12-27","2025-12","Western","Site CT-214","Medium","Backhaul","Resolved","NOC Radio","7","10098.63","1898.54","95","59.54","No","At Risk","SYNTHETIC DEMO DATA — Network sites, availability, outages, downtime, incident severity, and regional performance."
"NETWORKOPERATIONS-00595","2026-01-09","2026-01","Northern","Site CT-337","Low","Radio","Resolved","Regional NOC","4","9322.58","1305.16","96","62.4","No","At Risk","SYNTHETIC DEMO DATA — Network sites, availability, outages, downtime, incident severity, and regional performance."
"NETWORKOPERATIONS-00596","2026-01-22","2026-01","Central","Site CT-452","Critical","Transmission","Open","NOC Radio","1","12946.52","1967.87","96","65.26","Yes","At Risk","SYNTHETIC DEMO DATA — Network sites, availability, outages, downtime, incident severity, and regional performance."
"NETWORKOPERATIONS-00597","2026-02-04","2026-02","Eastern","Site CT-589","High","Power","Monitoring","Regional NOC","10","13299.54","2181.12","97","68.12","Yes","Controlled","SYNTHETIC DEMO DATA — Network sites, availability, outages, downtime, incident severity, and regional performance."
"NETWORKOPERATIONS-00598","2026-02-17","2026-02","Southern","Site CT-101","Medium","Backhaul","Resolved","NOC Radio","7","11248.53","1979.74","98","33.8","Yes","Controlled","SYNTHETIC DEMO DATA — Network sites, availability, outages, downtime, incident severity, and regional performance."
"NETWORKOPERATIONS-00599","2026-03-02","2026-03","Western","Site CT-214","Low","Radio","Resolved","Regional NOC","4","16281.7","3060.96","99","36.66","Yes","Controlled","SYNTHETIC DEMO DATA — Network sites, availability, outages, downtime, incident severity, and regional performance."
"NETWORKOPERATIONS-00600","2026-03-15","2026-03","Northern","Site CT-337","Critical","Transmission","Open","NOC Radio","1","13960.13","1954.42","100","39.52","Yes","At Risk","SYNTHETIC DEMO DATA — Network sites, availability, outages, downtime, incident severity, and regional performance."
"NETWORKOPERATIONS-00040","2025-06-28","2025-06","Northern","Site CT-337","Critical","Transmission","Open","NOC Radio","1","10172.65","1424.17","100","36.66","Yes","At Risk","SYNTHETIC DEMO DATA — Network sites, availability, outages, downtime, incident severity, and regional performance."
"NETWORKOPERATIONS-00220","2025-12-25","2025-12","Northern","Site CT-337","Critical","Transmission","Open","NOC Radio","1","10532.39","1474.53","95","68.12","Yes","At Risk","SYNTHETIC DEMO DATA — Network sites, availability, outages, downtime, incident severity, and regional performance."
"NETWORKOPERATIONS-00420","2025-09-16","2025-09","Northern","Site CT-337","Critical","Transmission","Open","NOC Radio","1","13491.32","1888.78","96","45.24","Yes","At Risk","SYNTHETIC DEMO DATA — Network sites, availability, outages, downtime, incident severity, and regional performance."
