"raw_record_id","event_date","period","region_name","location","category","subcategory","status","owner_group","quantity","metric_value","metric_cost","score","cycle_hours","sla_met","risk_flag","notes"
"QUALITYPERFORMANCE-00001","2025-08-11","2025-08","Western","Cluster D","Transmission Loss","Recurring","Review","Data Governance","10","9100.39","928.24","85","50.76","No","At Risk","SYNTHETIC DEMO DATA — Data completeness, quality violations, repeated incidents, root causes, operational quality scores, and trends."
"QUALITYPERFORMANCE-00002","2025-08-24","2025-08","Northern","Cluster E","Configuration","External","Compliant","NOC Quality","7","7918.81","902.74","85","54.72","Yes","Controlled","SYNTHETIC DEMO DATA — Data completeness, quality violations, repeated incidents, root causes, operational quality scores, and trends."
"QUALITYPERFORMANCE-00003","2025-09-06","2025-09","Central","Cluster A","Data Completeness","Preventable","Compliant","Data Governance","4","11496.21","1448.52","86","58.68","Yes","Controlled","SYNTHETIC DEMO DATA — Data completeness, quality violations, repeated incidents, root causes, operational quality scores, and trends."
"QUALITYPERFORMANCE-00004","2025-09-19","2025-09","Eastern","Cluster B","Power Stability","One-time","Violation","NOC Quality","1","11175.87","1542.27","87","62.64","Yes","At Risk","SYNTHETIC DEMO DATA — Data completeness, quality violations, repeated incidents, root causes, operational quality scores, and trends."
"QUALITYPERFORMANCE-00005","2025-10-02","2025-10","Southern","Cluster C","Transmission Loss","Recurring","Review","Data Governance","10","7301.85","657.17","88","66.6","Yes","Controlled","SYNTHETIC DEMO DATA — Data completeness, quality violations, repeated incidents, root causes, operational quality scores, and trends."
"QUALITYPERFORMANCE-00006","2025-10-15","2025-10","Western","Cluster D","Configuration","External","Compliant","NOC Quality","7","10035.02","1023.57","89","70.56","Yes","Controlled","SYNTHETIC DEMO DATA — Data completeness, quality violations, repeated incidents, root causes, operational quality scores, and trends."
"QUALITYPERFORMANCE-00007","2025-10-28","2025-10","Northern","Cluster E","Data Completeness","Preventable","Compliant","Data Governance","4","8580.54","978.18","90","74.52","Yes","Controlled","SYNTHETIC DEMO DATA — Data completeness, quality violations, repeated incidents, root causes, operational quality scores, and trends."
"QUALITYPERFORMANCE-00008","2025-11-10","2025-11","Central","Cluster A","Power Stability","One-time","Violation","NOC Quality","1","12410.24","1563.69","91","78.48","Yes","At Risk","SYNTHETIC DEMO DATA — Data completeness, quality violations, repeated incidents, root causes, operational quality scores, and trends."
"QUALITYPERFORMANCE-00009","2025-11-23","2025-11","Eastern","Cluster B","Transmission Loss","Recurring","Review","Data Governance","10","7050.12","972.92","91","82.44","No","At Risk","SYNTHETIC DEMO DATA — Data completeness, quality violations, repeated incidents, root causes, operational quality scores, and trends."
"QUALITYPERFORMANCE-00010","2025-12-06","2025-12","Southern","Cluster C","Configuration","External","Compliant","NOC Quality","7","6398.29","575.85","92","86.4","No","At Risk","SYNTHETIC DEMO DATA — Data completeness, quality violations, repeated incidents, root causes, operational quality scores, and trends."
"QUALITYPERFORMANCE-00011","2025-12-19","2025-12","Western","Cluster D","Data Completeness","Preventable","Compliant","Data Governance","4","8924","910.25","84","90.36","Yes","Controlled","SYNTHETIC DEMO DATA — Data completeness, quality violations, repeated incidents, root causes, operational quality scores, and trends."
"QUALITYPERFORMANCE-00012","2026-01-01","2026-01","Northern","Cluster E","Power Stability","One-time","Violation","NOC Quality","1","8300.1","946.21","85","94.32","Yes","At Risk","SYNTHETIC DEMO DATA — Data completeness, quality violations, repeated incidents, root causes, operational quality scores, and trends."
"QUALITYPERFORMANCE-00013","2026-01-14","2026-01","Central","Cluster A","Transmission Loss","Recurring","Review","Data Governance","10","11431.65","1440.39","85","46.8","Yes","Controlled","SYNTHETIC DEMO DATA — Data completeness, quality violations, repeated incidents, root causes, operational quality scores, and trends."
"QUALITYPERFORMANCE-00014","2026-01-27","2026-01","Eastern","Cluster B","Configuration","External","Compliant","NOC Quality","7","11075.05","1528.36","86","50.76","Yes","Controlled","SYNTHETIC DEMO DATA — Data completeness, quality violations, repeated incidents, root causes, operational quality scores, and trends."
"QUALITYPERFORMANCE-00015","2026-02-09","2026-02","Southern","Cluster C","Data Completeness","Preventable","Compliant","Data Governance","4","9796.32","881.67","87","54.72","Yes","Controlled","SYNTHETIC DEMO DATA — Data completeness, quality violations, repeated incidents, root causes, operational quality scores, and trends."
"QUALITYPERFORMANCE-00016","2026-02-22","2026-02","Western","Cluster D","Power Stability","One-time","Violation","NOC Quality","1","13426.28","1369.48","88","58.68","Yes","At Risk","SYNTHETIC DEMO DATA — Data completeness, quality violations, repeated incidents, root causes, operational quality scores, and trends."
"QUALITYPERFORMANCE-00017","2026-03-07","2026-03","Northern","Cluster E","Transmission Loss","Recurring","Review","Data Governance","10","12024.42","1370.78","89","62.64","Yes","Controlled","SYNTHETIC DEMO DATA — Data completeness, quality violations, repeated incidents, root causes, operational quality scores, and trends."
"QUALITYPERFORMANCE-00018","2026-03-20","2026-03","Central","Cluster A","Configuration","External","Compliant","NOC Quality","7","9677.85","1219.41","90","66.6","No","At Risk","SYNTHETIC DEMO DATA — Data completeness, quality violations, repeated incidents, root causes, operational quality scores, and trends."
"QUALITYPERFORMANCE-00019","2026-04-02","2026-04","Eastern","Cluster B","Data Completeness","Preventable","Compliant","Data Governance","4","7386.22","1019.3","91","70.56","No","At Risk","SYNTHETIC DEMO DATA — Data completeness, quality violations, repeated incidents, root causes, operational quality scores, and trends."
"QUALITYPERFORMANCE-00020","2026-04-15","2026-04","Southern","Cluster C","Power Stability","One-time","Violation","NOC Quality","1","6299.03","566.91","91","74.52","Yes","At Risk","SYNTHETIC DEMO DATA — Data completeness, quality violations, repeated incidents, root causes, operational quality scores, and trends."
"QUALITYPERFORMANCE-00021","2026-04-28","2026-04","Western","Cluster D","Transmission Loss","Recurring","Review","Data Governance","10","8746.98","892.19","92","78.48","Yes","Controlled","SYNTHETIC DEMO DATA — Data completeness, quality violations, repeated incidents, root causes, operational quality scores, and trends."
"QUALITYPERFORMANCE-00022","2026-05-11","2026-05","Northern","Cluster E","Configuration","External","Compliant","NOC Quality","7","8020.38","914.32","84","82.44","Yes","Controlled","SYNTHETIC DEMO DATA — Data completeness, quality violations, repeated incidents, root causes, operational quality scores, and trends."
"QUALITYPERFORMANCE-00023","2026-05-24","2026-05","Central","Cluster A","Data Completeness","Preventable","Compliant","Data Governance","4","11008.57","1387.08","85","86.4","Yes","Controlled","SYNTHETIC DEMO DATA — Data completeness, quality violations, repeated incidents, root causes, operational quality scores, and trends."
"QUALITYPERFORMANCE-00024","2026-06-06","2026-06","Eastern","Cluster B","Power Stability","One-time","Violation","NOC Quality","1","11258.03","1553.61","85","90.36","Yes","At Risk","SYNTHETIC DEMO DATA — Data completeness, quality violations, repeated incidents, root causes, operational quality scores, and trends."
"QUALITYPERFORMANCE-00025","2026-06-19","2026-06","Southern","Cluster C","Transmission Loss","Recurring","Review","Data Governance","10","9434.31","849.09","86","94.32","Yes","Controlled","SYNTHETIC DEMO DATA — Data completeness, quality violations, repeated incidents, root causes, operational quality scores, and trends."
"QUALITYPERFORMANCE-00026","2025-01-08","2025-01","Western","Cluster D","Configuration","External","Compliant","NOC Quality","7","12490.51","1274.03","87","46.8","Yes","Controlled","SYNTHETIC DEMO DATA — Data completeness, quality violations, repeated incidents, root causes, operational quality scores, and trends."
"QUALITYPERFORMANCE-00027","2025-01-21","2025-01","Northern","Cluster E","Data Completeness","Preventable","Compliant","Data Governance","4","6299.09","718.1","88","50.76","No","At Risk","SYNTHETIC DEMO DATA — Data completeness, quality violations, repeated incidents, root causes, operational quality scores, and trends."
"QUALITYPERFORMANCE-00028","2025-02-03","2025-02","Central","Cluster A","Power Stability","One-time","Violation","NOC Quality","1","9254.74","1166.1","89","54.72","No","At Risk","SYNTHETIC DEMO DATA — Data completeness, quality violations, repeated incidents, root causes, operational quality scores, and trends."
"QUALITYPERFORMANCE-00029","2025-02-16","2025-02","Eastern","Cluster B","Transmission Loss","Recurring","Review","Data Governance","10","9071.57","1251.88","90","58.68","Yes","Controlled","SYNTHETIC DEMO DATA — Data completeness, quality violations, repeated incidents, root causes, operational quality scores, and trends."
"QUALITYPERFORMANCE-00030","2025-03-01","2025-03","Southern","Cluster C","Configuration","External","Compliant","NOC Quality","7","8087.45","727.87","91","62.64","Yes","Controlled","SYNTHETIC DEMO DATA — Data completeness, quality violations, repeated incidents, root causes, operational quality scores, and trends."
"QUALITYPERFORMANCE-00031","2025-03-14","2025-03","Western","Cluster D","Data Completeness","Preventable","Compliant","Data Governance","4","11187.05","1141.08","91","66.6","Yes","Controlled","SYNTHETIC DEMO DATA — Data completeness, quality violations, repeated incidents, root causes, operational quality scores, and trends."
"QUALITYPERFORMANCE-00032","2025-03-27","2025-03","Northern","Cluster E","Power Stability","One-time","Violation","NOC Quality","1","9621.31","1096.83","92","70.56","Yes","At Risk","SYNTHETIC DEMO DATA — Data completeness, quality violations, repeated incidents, root causes, operational quality scores, and trends."
"QUALITYPERFORMANCE-00033","2025-04-09","2025-04","Central","Cluster A","Transmission Loss","Recurring","Review","Data Governance","10","10211.5","1286.65","84","74.52","Yes","Controlled","SYNTHETIC DEMO DATA — Data completeness, quality violations, repeated incidents, root causes, operational quality scores, and trends."
"QUALITYPERFORMANCE-00034","2025-04-22","2025-04","Eastern","Cluster B","Configuration","External","Compliant","NOC Quality","7","9835.68","1357.32","85","78.48","Yes","Controlled","SYNTHETIC DEMO DATA — Data completeness, quality violations, repeated incidents, root causes, operational quality scores, and trends."
"QUALITYPERFORMANCE-00035","2025-05-05","2025-05","Southern","Cluster C","Data Completeness","Preventable","Compliant","Data Governance","4","8735.82","786.22","85","82.44","Yes","Controlled","SYNTHETIC DEMO DATA — Data completeness, quality violations, repeated incidents, root causes, operational quality scores, and trends."
"QUALITYPERFORMANCE-00036","2025-05-18","2025-05","Western","Cluster D","Power Stability","One-time","Violation","NOC Quality","1","7061.51","720.27","86","86.4","No","At Risk","SYNTHETIC DEMO DATA — Data completeness, quality violations, repeated incidents, root causes, operational quality scores, and trends."
"QUALITYPERFORMANCE-00037","2025-05-31","2025-05","Northern","Cluster E","Transmission Loss","Recurring","Review","Data Governance","10","6175.76","704.04","87","90.36","No","At Risk","SYNTHETIC DEMO DATA — Data completeness, quality violations, repeated incidents, root causes, operational quality scores, and trends."
"QUALITYPERFORMANCE-00038","2025-06-13","2025-06","Central","Cluster A","Configuration","External","Compliant","NOC Quality","7","9080.94","1144.2","88","94.32","Yes","Controlled","SYNTHETIC DEMO DATA — Data completeness, quality violations, repeated incidents, root causes, operational quality scores, and trends."
"QUALITYPERFORMANCE-00039","2025-06-26","2025-06","Eastern","Cluster B","Data Completeness","Preventable","Compliant","Data Governance","4","8862.12","1222.97","89","46.8","Yes","Controlled","SYNTHETIC DEMO DATA — Data completeness, quality violations, repeated incidents, root causes, operational quality scores, and trends."
"QUALITYPERFORMANCE-00040","2025-07-09","2025-07","Southern","Cluster C","Power Stability","One-time","Violation","NOC Quality","1","8051.75","724.66","90","50.76","Yes","At Risk","SYNTHETIC DEMO DATA — Data completeness, quality violations, repeated incidents, root causes, operational quality scores, and trends."
"QUALITYPERFORMANCE-00041","2025-07-22","2025-07","Western","Cluster D","Transmission Loss","Recurring","Review","Data Governance","10","11099.54","1132.15","91","54.72","Yes","Controlled","SYNTHETIC DEMO DATA — Data completeness, quality violations, repeated incidents, root causes, operational quality scores, and trends."
"QUALITYPERFORMANCE-00042","2025-08-04","2025-08","Northern","Cluster E","Configuration","External","Compliant","NOC Quality","7","10017.77","1142.03","91","58.68","Yes","Controlled","SYNTHETIC DEMO DATA — Data completeness, quality violations, repeated incidents, root causes, operational quality scores, and trends."
"QUALITYPERFORMANCE-00043","2025-08-17","2025-08","Central","Cluster A","Data Completeness","Preventable","Compliant","Data Governance","4","13670.5","1722.48","92","62.64","Yes","Controlled","SYNTHETIC DEMO DATA — Data completeness, quality violations, repeated incidents, root causes, operational quality scores, and trends."
"QUALITYPERFORMANCE-00044","2025-08-30","2025-08","Eastern","Cluster B","Power Stability","One-time","Violation","NOC Quality","1","13134.76","1812.6","84","66.6","Yes","At Risk","SYNTHETIC DEMO DATA — Data completeness, quality violations, repeated incidents, root causes, operational quality scores, and trends."
"QUALITYPERFORMANCE-00045","2025-09-12","2025-09","Southern","Cluster C","Transmission Loss","Recurring","Review","Data Governance","10","6816.49","613.48","85","70.56","No","At Risk","SYNTHETIC DEMO DATA — Data completeness, quality violations, repeated incidents, root causes, operational quality scores, and trends."
"QUALITYPERFORMANCE-00046","2025-09-25","2025-09","Western","Cluster D","Configuration","External","Compliant","NOC Quality","7","9555.41","974.65","85","74.52","No","At Risk","SYNTHETIC DEMO DATA — Data completeness, quality violations, repeated incidents, root causes, operational quality scores, and trends."
"QUALITYPERFORMANCE-00047","2025-10-08","2025-10","Northern","Cluster E","Data Completeness","Preventable","Compliant","Data Governance","4","6445.11","734.74","86","78.48","Yes","Controlled","SYNTHETIC DEMO DATA — Data completeness, quality violations, repeated incidents, root causes, operational quality scores, and trends."
"QUALITYPERFORMANCE-00048","2025-10-21","2025-10","Central","Cluster A","Power Stability","One-time","Violation","NOC Quality","1","8911.2","1122.81","87","82.44","Yes","At Risk","SYNTHETIC DEMO DATA — Data completeness, quality violations, repeated incidents, root causes, operational quality scores, and trends."
"QUALITYPERFORMANCE-00049","2025-11-03","2025-11","Eastern","Cluster B","Transmission Loss","Recurring","Review","Data Governance","10","9204.32","1270.2","88","86.4","Yes","Controlled","SYNTHETIC DEMO DATA — Data completeness, quality violations, repeated incidents, root causes, operational quality scores, and trends."
"QUALITYPERFORMANCE-00050","2025-11-16","2025-11","Southern","Cluster C","Configuration","External","Compliant","NOC Quality","7","7758.21","698.24","89","90.36","Yes","Controlled","SYNTHETIC DEMO DATA — Data completeness, quality violations, repeated incidents, root causes, operational quality scores, and trends."
"QUALITYPERFORMANCE-00051","2025-11-29","2025-11","Western","Cluster D","Data Completeness","Preventable","Compliant","Data Governance","4","10662.21","1087.55","90","94.32","Yes","Controlled","SYNTHETIC DEMO DATA — Data completeness, quality violations, repeated incidents, root causes, operational quality scores, and trends."
"QUALITYPERFORMANCE-00052","2025-12-12","2025-12","Northern","Cluster E","Power Stability","One-time","Violation","NOC Quality","1","9653.11","1100.45","91","46.8","Yes","At Risk","SYNTHETIC DEMO DATA — Data completeness, quality violations, repeated incidents, root causes, operational quality scores, and trends."
"QUALITYPERFORMANCE-00053","2025-12-25","2025-12","Central","Cluster A","Transmission Loss","Recurring","Review","Data Governance","10","13140.25","1655.67","91","50.76","Yes","Controlled","SYNTHETIC DEMO DATA — Data completeness, quality violations, repeated incidents, root causes, operational quality scores, and trends."
"QUALITYPERFORMANCE-00054","2026-01-07","2026-01","Eastern","Cluster B","Configuration","External","Compliant","NOC Quality","7","8014.11","1105.95","92","54.72","No","At Risk","SYNTHETIC DEMO DATA — Data completeness, quality violations, repeated incidents, root causes, operational quality scores, and trends."
"QUALITYPERFORMANCE-00055","2026-01-20","2026-01","Southern","Cluster C","Data Completeness","Preventable","Compliant","Data Governance","4","6869.09","618.22","84","58.68","No","At Risk","SYNTHETIC DEMO DATA — Data completeness, quality violations, repeated incidents, root causes, operational quality scores, and trends."
"QUALITYPERFORMANCE-00056","2026-02-02","2026-02","Western","Cluster D","Power Stability","One-time","Violation","NOC Quality","1","10084.9","1028.66","85","62.64","Yes","At Risk","SYNTHETIC DEMO DATA — Data completeness, quality violations, repeated incidents, root causes, operational quality scores, and trends."
"QUALITYPERFORMANCE-00057","2026-02-15","2026-02","Northern","Cluster E","Transmission Loss","Recurring","Review","Data Governance","10","8736.95","996.01","85","66.6","Yes","Controlled","SYNTHETIC DEMO DATA — Data completeness, quality violations, repeated incidents, root causes, operational quality scores, and trends."
"QUALITYPERFORMANCE-00058","2026-02-28","2026-02","Central","Cluster A","Configuration","External","Compliant","NOC Quality","7","12033.31","1516.2","86","70.56","Yes","Controlled","SYNTHETIC DEMO DATA — Data completeness, quality violations, repeated incidents, root causes, operational quality scores, and trends."
"QUALITYPERFORMANCE-00059","2026-03-13","2026-03","Eastern","Cluster B","Data Completeness","Preventable","Compliant","Data Governance","4","12240.85","1689.24","87","74.52","Yes","Controlled","SYNTHETIC DEMO DATA — Data completeness, quality violations, repeated incidents, root causes, operational quality scores, and trends."
"QUALITYPERFORMANCE-00060","2026-03-26","2026-03","Southern","Cluster C","Power Stability","One-time","Violation","NOC Quality","1","10286.14","925.75","88","78.48","Yes","At Risk","SYNTHETIC DEMO DATA — Data completeness, quality violations, repeated incidents, root causes, operational quality scores, and trends."
"QUALITYPERFORMANCE-00061","2026-04-08","2026-04","Western","Cluster D","Transmission Loss","Recurring","Review","Data Governance","10","10921.37","1113.98","89","82.44","Yes","Controlled","SYNTHETIC DEMO DATA — Data completeness, quality violations, repeated incidents, root causes, operational quality scores, and trends."
"QUALITYPERFORMANCE-00062","2026-04-21","2026-04","Northern","Cluster E","Configuration","External","Compliant","NOC Quality","7","9315.29","1061.94","90","86.4","Yes","Controlled","SYNTHETIC DEMO DATA — Data completeness, quality violations, repeated incidents, root causes, operational quality scores, and trends."
"QUALITYPERFORMANCE-00063","2026-05-04","2026-05","Central","Cluster A","Data Completeness","Preventable","Compliant","Data Governance","4","7966","1003.72","91","90.36","No","At Risk","SYNTHETIC DEMO DATA — Data completeness, quality violations, repeated incidents, root causes, operational quality scores, and trends."
"QUALITYPERFORMANCE-00064","2026-05-17","2026-05","Eastern","Cluster B","Power Stability","One-time","Violation","NOC Quality","1","7847.86","1083","91","94.32","No","At Risk","SYNTHETIC DEMO DATA — Data completeness, quality violations, repeated incidents, root causes, operational quality scores, and trends."
"QUALITYPERFORMANCE-00065","2026-05-30","2026-05","Southern","Cluster C","Transmission Loss","Recurring","Review","Data Governance","10","6692.72","602.34","92","46.8","Yes","Controlled","SYNTHETIC DEMO DATA — Data completeness, quality violations, repeated incidents, root causes, operational quality scores, and trends."
"QUALITYPERFORMANCE-00066","2026-06-12","2026-06","Western","Cluster D","Configuration","External","Compliant","NOC Quality","7","9840.36","1003.72","84","50.76","Yes","Controlled","SYNTHETIC DEMO DATA — Data completeness, quality violations, repeated incidents, root causes, operational quality scores, and trends."
"QUALITYPERFORMANCE-00067","2025-01-01","2025-01","Northern","Cluster E","Data Completeness","Preventable","Compliant","Data Governance","4","8223.82","937.52","85","54.72","Yes","Controlled","SYNTHETIC DEMO DATA — Data completeness, quality violations, repeated incidents, root causes, operational quality scores, and trends."
"QUALITYPERFORMANCE-00068","2025-01-14","2025-01","Central","Cluster A","Power Stability","One-time","Violation","NOC Quality","1","11287.8","1422.26","85","58.68","Yes","At Risk","SYNTHETIC DEMO DATA — Data completeness, quality violations, repeated incidents, root causes, operational quality scores, and trends."
"QUALITYPERFORMANCE-00069","2025-01-27","2025-01","Eastern","Cluster B","Transmission Loss","Recurring","Review","Data Governance","10","10902.28","1504.51","86","62.64","Yes","Controlled","SYNTHETIC DEMO DATA — Data completeness, quality violations, repeated incidents, root causes, operational quality scores, and trends."
"QUALITYPERFORMANCE-00070","2025-02-09","2025-02","Southern","Cluster C","Configuration","External","Compliant","NOC Quality","7","9617.04","865.53","87","66.6","Yes","Controlled","SYNTHETIC DEMO DATA — Data completeness, quality violations, repeated incidents, root causes, operational quality scores, and trends."
"QUALITYPERFORMANCE-00071","2025-02-22","2025-02","Western","Cluster D","Data Completeness","Preventable","Compliant","Data Governance","4","13147.9","1341.09","88","70.56","Yes","Controlled","SYNTHETIC DEMO DATA — Data completeness, quality violations, repeated incidents, root causes, operational quality scores, and trends."
"QUALITYPERFORMANCE-00072","2025-03-07","2025-03","Northern","Cluster E","Power Stability","One-time","Violation","NOC Quality","1","6962.16","793.69","89","74.52","No","At Risk","SYNTHETIC DEMO DATA — Data completeness, quality violations, repeated incidents, root causes, operational quality scores, and trends."
"QUALITYPERFORMANCE-00073","2025-03-20","2025-03","Central","Cluster A","Transmission Loss","Recurring","Review","Data Governance","10","9717.48","1224.4","90","78.48","No","At Risk","SYNTHETIC DEMO DATA — Data completeness, quality violations, repeated incidents, root causes, operational quality scores, and trends."
"QUALITYPERFORMANCE-00074","2025-04-02","2025-04","Eastern","Cluster B","Configuration","External","Compliant","NOC Quality","7","7387.88","1019.53","91","82.44","Yes","Controlled","SYNTHETIC DEMO DATA — Data completeness, quality violations, repeated incidents, root causes, operational quality scores, and trends."
"QUALITYPERFORMANCE-00075","2025-04-15","2025-04","Southern","Cluster C","Data Completeness","Preventable","Compliant","Data Governance","4","6272.78","564.55","91","86.4","Yes","Controlled","SYNTHETIC DEMO DATA — Data completeness, quality violations, repeated incidents, root causes, operational quality scores, and trends."
"QUALITYPERFORMANCE-00076","2025-04-28","2025-04","Western","Cluster D","Power Stability","One-time","Violation","NOC Quality","1","8676.89","885.04","92","90.36","Yes","At Risk","SYNTHETIC DEMO DATA — Data completeness, quality violations, repeated incidents, root causes, operational quality scores, and trends."
"QUALITYPERFORMANCE-00077","2025-05-11","2025-05","Northern","Cluster E","Transmission Loss","Recurring","Review","Data Governance","10","7928.88","903.89","84","94.32","Yes","Controlled","SYNTHETIC DEMO DATA — Data completeness, quality violations, repeated incidents, root causes, operational quality scores, and trends."
"QUALITYPERFORMANCE-00078","2025-05-24","2025-05","Central","Cluster A","Configuration","External","Compliant","NOC Quality","7","10849.72","1367.06","85","46.8","Yes","Controlled","SYNTHETIC DEMO DATA — Data completeness, quality violations, repeated incidents, root causes, operational quality scores, and trends."
"QUALITYPERFORMANCE-00079","2025-06-06","2025-06","Eastern","Cluster B","Data Completeness","Preventable","Compliant","Data Governance","4","11065.14","1526.99","85","50.76","Yes","Controlled","SYNTHETIC DEMO DATA — Data completeness, quality violations, repeated incidents, root causes, operational quality scores, and trends."
"QUALITYPERFORMANCE-00080","2025-06-19","2025-06","Southern","Cluster C","Power Stability","One-time","Violation","NOC Quality","1","9249.69","832.47","86","54.72","Yes","At Risk","SYNTHETIC DEMO DATA — Data completeness, quality violations, repeated incidents, root causes, operational quality scores, and trends."
"QUALITYPERFORMANCE-00081","2025-07-02","2025-07","Western","Cluster D","Transmission Loss","Recurring","Review","Data Governance","10","8031.83","819.25","87","58.68","No","At Risk","SYNTHETIC DEMO DATA — Data completeness, quality violations, repeated incidents, root causes, operational quality scores, and trends."
"QUALITYPERFORMANCE-00082","2025-07-15","2025-07","Northern","Cluster E","Configuration","External","Compliant","NOC Quality","7","7024.36","800.78","88","62.64","No","At Risk","SYNTHETIC DEMO DATA — Data completeness, quality violations, repeated incidents, root causes, operational quality scores, and trends."
"QUALITYPERFORMANCE-00083","2025-07-28","2025-07","Central","Cluster A","Data Completeness","Preventable","Compliant","Data Governance","4","9754.93","1229.12","89","66.6","Yes","Controlled","SYNTHETIC DEMO DATA — Data completeness, quality violations, repeated incidents, root causes, operational quality scores, and trends."
"QUALITYPERFORMANCE-00084","2025-08-10","2025-08","Eastern","Cluster B","Power Stability","One-time","Violation","NOC Quality","1","10020.91","1382.89","90","70.56","Yes","At Risk","SYNTHETIC DEMO DATA — Data completeness, quality violations, repeated incidents, root causes, operational quality scores, and trends."
"QUALITYPERFORMANCE-00085","2025-08-23","2025-08","Southern","Cluster C","Transmission Loss","Recurring","Review","Data Governance","10","8475.52","762.8","91","74.52","Yes","Controlled","SYNTHETIC DEMO DATA — Data completeness, quality violations, repeated incidents, root causes, operational quality scores, and trends."
"QUALITYPERFORMANCE-00086","2025-09-05","2025-09","Western","Cluster D","Configuration","External","Compliant","NOC Quality","7","12267.91","1251.33","91","78.48","Yes","Controlled","SYNTHETIC DEMO DATA — Data completeness, quality violations, repeated incidents, root causes, operational quality scores, and trends."
"QUALITYPERFORMANCE-00087","2025-09-18","2025-09","Northern","Cluster E","Data Completeness","Preventable","Compliant","Data Governance","4","10518.66","1199.13","92","82.44","Yes","Controlled","SYNTHETIC DEMO DATA — Data completeness, quality violations, repeated incidents, root causes, operational quality scores, and trends."
"QUALITYPERFORMANCE-00088","2025-10-01","2025-10","Central","Cluster A","Power Stability","One-time","Violation","NOC Quality","1","11126.42","1401.93","84","86.4","Yes","At Risk","SYNTHETIC DEMO DATA — Data completeness, quality violations, repeated incidents, root causes, operational quality scores, and trends."
"QUALITYPERFORMANCE-00089","2025-10-14","2025-10","Eastern","Cluster B","Transmission Loss","Recurring","Review","Data Governance","10","10690.37","1475.27","85","90.36","Yes","Controlled","SYNTHETIC DEMO DATA — Data completeness, quality violations, repeated incidents, root causes, operational quality scores, and trends."
"QUALITYPERFORMANCE-00090","2025-10-27","2025-10","Southern","Cluster C","Configuration","External","Compliant","NOC Quality","7","5283.75","475.54","85","94.32","No","At Risk","SYNTHETIC DEMO DATA — Data completeness, quality violations, repeated incidents, root causes, operational quality scores, and trends."
"QUALITYPERFORMANCE-00091","2025-11-09","2025-11","Western","Cluster D","Data Completeness","Preventable","Compliant","Data Governance","4","7869.73","802.71","86","46.8","No","At Risk","SYNTHETIC DEMO DATA — Data completeness, quality violations, repeated incidents, root causes, operational quality scores, and trends."
"QUALITYPERFORMANCE-00092","2025-11-22","2025-11","Northern","Cluster E","Power Stability","One-time","Violation","NOC Quality","1","6847.93","780.66","87","50.76","Yes","At Risk","SYNTHETIC DEMO DATA — Data completeness, quality violations, repeated incidents, root causes, operational quality scores, and trends."
"QUALITYPERFORMANCE-00093","2025-12-05","2025-12","Central","Cluster A","Transmission Loss","Recurring","Review","Data Governance","10","10025.1","1263.16","88","54.72","Yes","Controlled","SYNTHETIC DEMO DATA — Data completeness, quality violations, repeated incidents, root causes, operational quality scores, and trends."
"QUALITYPERFORMANCE-00094","2025-12-18","2025-12","Eastern","Cluster B","Configuration","External","Compliant","NOC Quality","7","9745.75","1344.91","89","58.68","Yes","Controlled","SYNTHETIC DEMO DATA — Data completeness, quality violations, repeated incidents, root causes, operational quality scores, and trends."
"QUALITYPERFORMANCE-00095","2025-12-31","2025-12","Southern","Cluster C","Data Completeness","Preventable","Compliant","Data Governance","4","8354.86","751.94","90","62.64","Yes","Controlled","SYNTHETIC DEMO DATA — Data completeness, quality violations, repeated incidents, root causes, operational quality scores, and trends."
"QUALITYPERFORMANCE-00096","2026-01-13","2026-01","Western","Cluster D","Power Stability","One-time","Violation","NOC Quality","1","12120.1","1236.25","91","66.6","Yes","At Risk","SYNTHETIC DEMO DATA — Data completeness, quality violations, repeated incidents, root causes, operational quality scores, and trends."
"QUALITYPERFORMANCE-00097","2026-01-26","2026-01","Northern","Cluster E","Transmission Loss","Recurring","Review","Data Governance","10","10363.41","1181.43","91","70.56","Yes","Controlled","SYNTHETIC DEMO DATA — Data completeness, quality violations, repeated incidents, root causes, operational quality scores, and trends."
"QUALITYPERFORMANCE-00098","2026-02-08","2026-02","Central","Cluster A","Configuration","External","Compliant","NOC Quality","7","14849.62","1871.05","92","74.52","Yes","Controlled","SYNTHETIC DEMO DATA — Data completeness, quality violations, repeated incidents, root causes, operational quality scores, and trends."
"QUALITYPERFORMANCE-00099","2026-02-21","2026-02","Eastern","Cluster B","Data Completeness","Preventable","Compliant","Data Governance","4","8435.9","1164.15","84","78.48","No","At Risk","SYNTHETIC DEMO DATA — Data completeness, quality violations, repeated incidents, root causes, operational quality scores, and trends."
"QUALITYPERFORMANCE-00100","2026-03-06","2026-03","Southern","Cluster C","Power Stability","One-time","Violation","NOC Quality","1","7592.15","683.29","85","82.44","No","At Risk","SYNTHETIC DEMO DATA — Data completeness, quality violations, repeated incidents, root causes, operational quality scores, and trends."
"QUALITYPERFORMANCE-00101","2026-03-19","2026-03","Western","Cluster D","Transmission Loss","Recurring","Review","Data Governance","10","10589.14","1080.09","85","86.4","Yes","Controlled","SYNTHETIC DEMO DATA — Data completeness, quality violations, repeated incidents, root causes, operational quality scores, and trends."
"QUALITYPERFORMANCE-00102","2026-04-01","2026-04","Northern","Cluster E","Configuration","External","Compliant","NOC Quality","7","7106.92","810.19","86","90.36","Yes","Controlled","SYNTHETIC DEMO DATA — Data completeness, quality violations, repeated incidents, root causes, operational quality scores, and trends."
"QUALITYPERFORMANCE-00103","2026-04-14","2026-04","Central","Cluster A","Data Completeness","Preventable","Compliant","Data Governance","4","9788.29","1233.32","87","94.32","Yes","Controlled","SYNTHETIC DEMO DATA — Data completeness, quality violations, repeated incidents, root causes, operational quality scores, and trends."
"QUALITYPERFORMANCE-00104","2026-04-27","2026-04","Eastern","Cluster B","Power Stability","One-time","Violation","NOC Quality","1","9482.96","1308.65","88","46.8","Yes","At Risk","SYNTHETIC DEMO DATA — Data completeness, quality violations, repeated incidents, root causes, operational quality scores, and trends."
"QUALITYPERFORMANCE-00105","2026-05-10","2026-05","Southern","Cluster C","Transmission Loss","Recurring","Review","Data Governance","10","8466.69","762","89","50.76","Yes","Controlled","SYNTHETIC DEMO DATA — Data completeness, quality violations, repeated incidents, root causes, operational quality scores, and trends."
"QUALITYPERFORMANCE-00106","2026-05-23","2026-05","Western","Cluster D","Configuration","External","Compliant","NOC Quality","7","11603.96","1183.6","90","54.72","Yes","Controlled","SYNTHETIC DEMO DATA — Data completeness, quality violations, repeated incidents, root causes, operational quality scores, and trends."
"QUALITYPERFORMANCE-00107","2026-06-05","2026-06","Northern","Cluster E","Data Completeness","Preventable","Compliant","Data Governance","4","10479.7","1194.69","91","58.68","Yes","Controlled","SYNTHETIC DEMO DATA — Data completeness, quality violations, repeated incidents, root causes, operational quality scores, and trends."
"QUALITYPERFORMANCE-00108","2026-06-18","2026-06","Central","Cluster A","Power Stability","One-time","Violation","NOC Quality","1","8434.59","1062.76","91","62.64","No","At Risk","SYNTHETIC DEMO DATA — Data completeness, quality violations, repeated incidents, root causes, operational quality scores, and trends."
"QUALITYPERFORMANCE-00109","2025-01-07","2025-01","Eastern","Cluster B","Transmission Loss","Recurring","Review","Data Governance","10","8046.92","1110.47","92","66.6","No","At Risk","SYNTHETIC DEMO DATA — Data completeness, quality violations, repeated incidents, root causes, operational quality scores, and trends."
"QUALITYPERFORMANCE-00110","2025-01-20","2025-01","Southern","Cluster C","Configuration","External","Compliant","NOC Quality","7","6862.47","617.62","84","70.56","Yes","Controlled","SYNTHETIC DEMO DATA — Data completeness, quality violations, repeated incidents, root causes, operational quality scores, and trends."
"QUALITYPERFORMANCE-00111","2025-02-02","2025-02","Western","Cluster D","Data Completeness","Preventable","Compliant","Data Governance","4","10030.94","1023.16","85","74.52","Yes","Controlled","SYNTHETIC DEMO DATA — Data completeness, quality violations, repeated incidents, root causes, operational quality scores, and trends."
"QUALITYPERFORMANCE-00112","2025-02-15","2025-02","Northern","Cluster E","Power Stability","One-time","Violation","NOC Quality","1","8656.65","986.86","85","78.48","Yes","At Risk","SYNTHETIC DEMO DATA — Data completeness, quality violations, repeated incidents, root causes, operational quality scores, and trends."
"QUALITYPERFORMANCE-00113","2025-02-28","2025-02","Central","Cluster A","Transmission Loss","Recurring","Review","Data Governance","10","11881.89","1497.12","86","82.44","Yes","Controlled","SYNTHETIC DEMO DATA — Data completeness, quality violations, repeated incidents, root causes, operational quality scores, and trends."
"QUALITYPERFORMANCE-00114","2025-03-13","2025-03","Eastern","Cluster B","Configuration","External","Compliant","NOC Quality","7","12049.88","1662.88","87","86.4","Yes","Controlled","SYNTHETIC DEMO DATA — Data completeness, quality violations, repeated incidents, root causes, operational quality scores, and trends."
"QUALITYPERFORMANCE-00115","2025-03-26","2025-03","Southern","Cluster C","Data Completeness","Preventable","Compliant","Data Governance","4","10097.89","908.81","88","90.36","Yes","Controlled","SYNTHETIC DEMO DATA — Data completeness, quality violations, repeated incidents, root causes, operational quality scores, and trends."
"QUALITYPERFORMANCE-00116","2025-04-08","2025-04","Western","Cluster D","Power Stability","One-time","Violation","NOC Quality","1","10707.65","1092.18","89","94.32","Yes","At Risk","SYNTHETIC DEMO DATA — Data completeness, quality violations, repeated incidents, root causes, operational quality scores, and trends."
"QUALITYPERFORMANCE-00117","2025-04-21","2025-04","Northern","Cluster E","Transmission Loss","Recurring","Review","Data Governance","10","5399.98","615.6","90","46.8","No","At Risk","SYNTHETIC DEMO DATA — Data completeness, quality violations, repeated incidents, root causes, operational quality scores, and trends."
"QUALITYPERFORMANCE-00118","2025-05-04","2025-05","Central","Cluster A","Configuration","External","Compliant","NOC Quality","7","8008.13","1009.02","91","50.76","No","At Risk","SYNTHETIC DEMO DATA — Data completeness, quality violations, repeated incidents, root causes, operational quality scores, and trends."
"QUALITYPERFORMANCE-00119","2025-05-17","2025-05","Eastern","Cluster B","Data Completeness","Preventable","Compliant","Data Governance","4","7849.63","1083.25","91","54.72","Yes","Controlled","SYNTHETIC DEMO DATA — Data completeness, quality violations, repeated incidents, root causes, operational quality scores, and trends."
"QUALITYPERFORMANCE-00120","2025-05-30","2025-05","Southern","Cluster C","Power Stability","One-time","Violation","NOC Quality","1","6664.83","599.83","92","58.68","Yes","At Risk","SYNTHETIC DEMO DATA — Data completeness, quality violations, repeated incidents, root causes, operational quality scores, and trends."
"QUALITYPERFORMANCE-00121","2025-06-12","2025-06","Western","Cluster D","Transmission Loss","Recurring","Review","Data Governance","10","9761.5","995.67","84","62.64","Yes","Controlled","SYNTHETIC DEMO DATA — Data completeness, quality violations, repeated incidents, root causes, operational quality scores, and trends."
"QUALITYPERFORMANCE-00122","2025-06-25","2025-06","Northern","Cluster E","Configuration","External","Compliant","NOC Quality","7","8395.28","957.06","85","66.6","Yes","Controlled","SYNTHETIC DEMO DATA — Data completeness, quality violations, repeated incidents, root causes, operational quality scores, and trends."
"QUALITYPERFORMANCE-00123","2025-07-08","2025-07","Central","Cluster A","Data Completeness","Preventable","Compliant","Data Governance","4","12340.57","1554.91","85","70.56","Yes","Controlled","SYNTHETIC DEMO DATA — Data completeness, quality violations, repeated incidents, root causes, operational quality scores, and trends."
"QUALITYPERFORMANCE-00124","2025-07-21","2025-07","Eastern","Cluster B","Power Stability","One-time","Violation","NOC Quality","1","11886.39","1640.32","86","74.52","Yes","At Risk","SYNTHETIC DEMO DATA — Data completeness, quality violations, repeated incidents, root causes, operational quality scores, and trends."
"QUALITYPERFORMANCE-00125","2025-08-03","2025-08","Southern","Cluster C","Transmission Loss","Recurring","Review","Data Governance","10","10459.16","941.32","87","78.48","Yes","Controlled","SYNTHETIC DEMO DATA — Data completeness, quality violations, repeated incidents, root causes, operational quality scores, and trends."
"QUALITYPERFORMANCE-00126","2025-08-16","2025-08","Western","Cluster D","Configuration","External","Compliant","NOC Quality","7","8454.56","862.37","88","82.44","No","At Risk","SYNTHETIC DEMO DATA — Data completeness, quality violations, repeated incidents, root causes, operational quality scores, and trends."
"QUALITYPERFORMANCE-00127","2025-08-29","2025-08","Northern","Cluster E","Data Completeness","Preventable","Compliant","Data Governance","4","7394.07","842.92","89","86.4","No","At Risk","SYNTHETIC DEMO DATA — Data completeness, quality violations, repeated incidents, root causes, operational quality scores, and trends."
"QUALITYPERFORMANCE-00128","2025-09-11","2025-09","Central","Cluster A","Power Stability","One-time","Violation","NOC Quality","1","10781.76","1358.5","90","90.36","Yes","At Risk","SYNTHETIC DEMO DATA — Data completeness, quality violations, repeated incidents, root causes, operational quality scores, and trends."
"QUALITYPERFORMANCE-00129","2025-09-24","2025-09","Eastern","Cluster B","Transmission Loss","Recurring","Review","Data Governance","10","10521.96","1452.03","91","94.32","Yes","Controlled","SYNTHETIC DEMO DATA — Data completeness, quality violations, repeated incidents, root causes, operational quality scores, and trends."
"QUALITYPERFORMANCE-00130","2025-10-07","2025-10","Southern","Cluster C","Configuration","External","Compliant","NOC Quality","7","6898.23","620.84","91","46.8","Yes","Controlled","SYNTHETIC DEMO DATA — Data completeness, quality violations, repeated incidents, root causes, operational quality scores, and trends."
"QUALITYPERFORMANCE-00131","2025-10-20","2025-10","Western","Cluster D","Data Completeness","Preventable","Compliant","Data Governance","4","9509.38","969.96","92","50.76","Yes","Controlled","SYNTHETIC DEMO DATA — Data completeness, quality violations, repeated incidents, root causes, operational quality scores, and trends."
"QUALITYPERFORMANCE-00132","2025-11-02","2025-11","Northern","Cluster E","Power Stability","One-time","Violation","NOC Quality","1","8663.05","987.59","84","54.72","Yes","At Risk","SYNTHETIC DEMO DATA — Data completeness, quality violations, repeated incidents, root causes, operational quality scores, and trends."
"QUALITYPERFORMANCE-00133","2025-11-15","2025-11","Central","Cluster A","Transmission Loss","Recurring","Review","Data Governance","10","11821.82","1489.55","85","58.68","Yes","Controlled","SYNTHETIC DEMO DATA — Data completeness, quality violations, repeated incidents, root causes, operational quality scores, and trends."
"QUALITYPERFORMANCE-00134","2025-11-28","2025-11","Eastern","Cluster B","Configuration","External","Compliant","NOC Quality","7","11358.52","1567.48","85","62.64","Yes","Controlled","SYNTHETIC DEMO DATA — Data completeness, quality violations, repeated incidents, root causes, operational quality scores, and trends."
"QUALITYPERFORMANCE-00135","2025-12-11","2025-12","Southern","Cluster C","Data Completeness","Preventable","Compliant","Data Governance","4","5944.22","534.98","86","66.6","No","At Risk","SYNTHETIC DEMO DATA — Data completeness, quality violations, repeated incidents, root causes, operational quality scores, and trends."
"QUALITYPERFORMANCE-00136","2025-12-24","2025-12","Western","Cluster D","Power Stability","One-time","Violation","NOC Quality","1","8332.65","849.93","87","70.56","No","At Risk","SYNTHETIC DEMO DATA — Data completeness, quality violations, repeated incidents, root causes, operational quality scores, and trends."
"QUALITYPERFORMANCE-00137","2026-01-06","2026-01","Northern","Cluster E","Transmission Loss","Recurring","Review","Data Governance","10","7784.28","887.41","88","74.52","Yes","Controlled","SYNTHETIC DEMO DATA — Data completeness, quality violations, repeated incidents, root causes, operational quality scores, and trends."
"QUALITYPERFORMANCE-00138","2026-01-19","2026-01","Central","Cluster A","Configuration","External","Compliant","NOC Quality","7","10762.77","1356.11","89","78.48","Yes","Controlled","SYNTHETIC DEMO DATA — Data completeness, quality violations, repeated incidents, root causes, operational quality scores, and trends."
"QUALITYPERFORMANCE-00139","2026-02-01","2026-02","Eastern","Cluster B","Data Completeness","Preventable","Compliant","Data Governance","4","11013.54","1519.87","90","82.44","Yes","Controlled","SYNTHETIC DEMO DATA — Data completeness, quality violations, repeated incidents, root causes, operational quality scores, and trends."
"QUALITYPERFORMANCE-00140","2026-02-14","2026-02","Southern","Cluster C","Power Stability","One-time","Violation","NOC Quality","1","9283.18","835.49","91","86.4","Yes","At Risk","SYNTHETIC DEMO DATA — Data completeness, quality violations, repeated incidents, root causes, operational quality scores, and trends."
"QUALITYPERFORMANCE-00141","2026-02-27","2026-02","Western","Cluster D","Transmission Loss","Recurring","Review","Data Governance","10","12758","1301.32","91","90.36","Yes","Controlled","SYNTHETIC DEMO DATA — Data completeness, quality violations, repeated incidents, root causes, operational quality scores, and trends."
"QUALITYPERFORMANCE-00142","2026-03-12","2026-03","Northern","Cluster E","Configuration","External","Compliant","NOC Quality","7","11454.29","1305.79","92","94.32","Yes","Controlled","SYNTHETIC DEMO DATA — Data completeness, quality violations, repeated incidents, root causes, operational quality scores, and trends."
"QUALITYPERFORMANCE-00143","2026-03-25","2026-03","Central","Cluster A","Data Completeness","Preventable","Compliant","Data Governance","4","15592.1","1964.6","84","46.8","Yes","Controlled","SYNTHETIC DEMO DATA — Data completeness, quality violations, repeated incidents, root causes, operational quality scores, and trends."
"QUALITYPERFORMANCE-00144","2026-04-07","2026-04","Eastern","Cluster B","Power Stability","One-time","Violation","NOC Quality","1","6862.04","946.96","85","50.76","No","At Risk","SYNTHETIC DEMO DATA — Data completeness, quality violations, repeated incidents, root causes, operational quality scores, and trends."
"QUALITYPERFORMANCE-00145","2026-04-20","2026-04","Southern","Cluster C","Transmission Loss","Recurring","Review","Data Governance","10","5881.62","529.35","85","54.72","No","At Risk","SYNTHETIC DEMO DATA — Data completeness, quality violations, repeated incidents, root causes, operational quality scores, and trends."
"QUALITYPERFORMANCE-00146","2026-05-03","2026-05","Western","Cluster D","Configuration","External","Compliant","NOC Quality","7","8716.1","889.04","86","58.68","Yes","Controlled","SYNTHETIC DEMO DATA — Data completeness, quality violations, repeated incidents, root causes, operational quality scores, and trends."
"QUALITYPERFORMANCE-00147","2026-05-16","2026-05","Northern","Cluster E","Data Completeness","Preventable","Compliant","Data Governance","4","7551.11","860.83","87","62.64","Yes","Controlled","SYNTHETIC DEMO DATA — Data completeness, quality violations, repeated incidents, root causes, operational quality scores, and trends."
"QUALITYPERFORMANCE-00148","2026-05-29","2026-05","Central","Cluster A","Power Stability","One-time","Violation","NOC Quality","1","10400.06","1310.41","88","66.6","Yes","At Risk","SYNTHETIC DEMO DATA — Data completeness, quality violations, repeated incidents, root causes, operational quality scores, and trends."
"QUALITYPERFORMANCE-00149","2026-06-11","2026-06","Eastern","Cluster B","Transmission Loss","Recurring","Review","Data Governance","10","10668.33","1472.23","89","70.56","Yes","Controlled","SYNTHETIC DEMO DATA — Data completeness, quality violations, repeated incidents, root causes, operational quality scores, and trends."
"QUALITYPERFORMANCE-00150","2026-06-24","2026-06","Southern","Cluster C","Configuration","External","Compliant","NOC Quality","7","8964.73","806.83","90","74.52","Yes","Controlled","SYNTHETIC DEMO DATA — Data completeness, quality violations, repeated incidents, root causes, operational quality scores, and trends."
"QUALITYPERFORMANCE-00151","2025-01-13","2025-01","Western","Cluster D","Data Completeness","Preventable","Compliant","Data Governance","4","11898.29","1213.63","91","78.48","Yes","Controlled","SYNTHETIC DEMO DATA — Data completeness, quality violations, repeated incidents, root causes, operational quality scores, and trends."
"QUALITYPERFORMANCE-00152","2025-01-26","2025-01","Northern","Cluster E","Power Stability","One-time","Violation","NOC Quality","1","10148.54","1156.93","91","82.44","Yes","At Risk","SYNTHETIC DEMO DATA — Data completeness, quality violations, repeated incidents, root causes, operational quality scores, and trends."
"QUALITYPERFORMANCE-00153","2025-02-08","2025-02","Central","Cluster A","Transmission Loss","Recurring","Review","Data Governance","10","8597.95","1083.34","92","86.4","No","At Risk","SYNTHETIC DEMO DATA — Data completeness, quality violations, repeated incidents, root causes, operational quality scores, and trends."
"QUALITYPERFORMANCE-00154","2025-02-21","2025-02","Eastern","Cluster B","Configuration","External","Compliant","NOC Quality","7","8470.44","1168.92","84","90.36","No","At Risk","SYNTHETIC DEMO DATA — Data completeness, quality violations, repeated incidents, root causes, operational quality scores, and trends."
"QUALITYPERFORMANCE-00155","2025-03-06","2025-03","Southern","Cluster C","Data Completeness","Preventable","Compliant","Data Governance","4","7584.84","682.64","85","94.32","Yes","Controlled","SYNTHETIC DEMO DATA — Data completeness, quality violations, repeated incidents, root causes, operational quality scores, and trends."
"QUALITYPERFORMANCE-00156","2025-03-19","2025-03","Western","Cluster D","Power Stability","One-time","Violation","NOC Quality","1","10532.49","1074.31","85","46.8","Yes","At Risk","SYNTHETIC DEMO DATA — Data completeness, quality violations, repeated incidents, root causes, operational quality scores, and trends."
"QUALITYPERFORMANCE-00157","2025-04-01","2025-04","Northern","Cluster E","Transmission Loss","Recurring","Review","Data Governance","10","7049.97","803.7","86","50.76","Yes","Controlled","SYNTHETIC DEMO DATA — Data completeness, quality violations, repeated incidents, root causes, operational quality scores, and trends."
"QUALITYPERFORMANCE-00158","2025-04-14","2025-04","Central","Cluster A","Configuration","External","Compliant","NOC Quality","7","9676.61","1219.25","87","54.72","Yes","Controlled","SYNTHETIC DEMO DATA — Data completeness, quality violations, repeated incidents, root causes, operational quality scores, and trends."
"QUALITYPERFORMANCE-00159","2025-04-27","2025-04","Eastern","Cluster B","Data Completeness","Preventable","Compliant","Data Governance","4","9346.12","1289.76","88","58.68","Yes","Controlled","SYNTHETIC DEMO DATA — Data completeness, quality violations, repeated incidents, root causes, operational quality scores, and trends."
"QUALITYPERFORMANCE-00160","2025-05-10","2025-05","Southern","Cluster C","Power Stability","One-time","Violation","NOC Quality","1","8321.62","748.95","89","62.64","Yes","At Risk","SYNTHETIC DEMO DATA — Data completeness, quality violations, repeated incidents, root causes, operational quality scores, and trends."
"QUALITYPERFORMANCE-00161","2025-05-23","2025-05","Western","Cluster D","Transmission Loss","Recurring","Review","Data Governance","10","11376.88","1160.44","90","66.6","Yes","Controlled","SYNTHETIC DEMO DATA — Data completeness, quality violations, repeated incidents, root causes, operational quality scores, and trends."
"QUALITYPERFORMANCE-00162","2025-06-05","2025-06","Northern","Cluster E","Configuration","External","Compliant","NOC Quality","7","6074.98","692.55","91","70.56","No","At Risk","SYNTHETIC DEMO DATA — Data completeness, quality violations, repeated incidents, root causes, operational quality scores, and trends."
"QUALITYPERFORMANCE-00163","2025-06-18","2025-06","Central","Cluster A","Data Completeness","Preventable","Compliant","Data Governance","4","8479.19","1068.38","91","74.52","No","At Risk","SYNTHETIC DEMO DATA — Data completeness, quality violations, repeated incidents, root causes, operational quality scores, and trends."
"QUALITYPERFORMANCE-00164","2025-07-01","2025-07","Eastern","Cluster B","Power Stability","One-time","Violation","NOC Quality","1","8928.24","1232.1","92","78.48","Yes","At Risk","SYNTHETIC DEMO DATA — Data completeness, quality violations, repeated incidents, root causes, operational quality scores, and trends."
"QUALITYPERFORMANCE-00165","2025-07-14","2025-07","Southern","Cluster C","Transmission Loss","Recurring","Review","Data Governance","10","7580.64","682.26","84","82.44","Yes","Controlled","SYNTHETIC DEMO DATA — Data completeness, quality violations, repeated incidents, root causes, operational quality scores, and trends."
"QUALITYPERFORMANCE-00166","2025-07-27","2025-07","Western","Cluster D","Configuration","External","Compliant","NOC Quality","7","10486","1069.57","85","86.4","Yes","Controlled","SYNTHETIC DEMO DATA — Data completeness, quality violations, repeated incidents, root causes, operational quality scores, and trends."
"QUALITYPERFORMANCE-00167","2025-08-09","2025-08","Northern","Cluster E","Data Completeness","Preventable","Compliant","Data Governance","4","9493.03","1082.21","85","90.36","Yes","Controlled","SYNTHETIC DEMO DATA — Data completeness, quality violations, repeated incidents, root causes, operational quality scores, and trends."
"QUALITYPERFORMANCE-00168","2025-08-22","2025-08","Central","Cluster A","Power Stability","One-time","Violation","NOC Quality","1","12990.07","1636.75","86","94.32","Yes","At Risk","SYNTHETIC DEMO DATA — Data completeness, quality violations, repeated incidents, root causes, operational quality scores, and trends."
"QUALITYPERFORMANCE-00169","2025-09-04","2025-09","Eastern","Cluster B","Transmission Loss","Recurring","Review","Data Governance","10","13137.59","1812.99","87","46.8","Yes","Controlled","SYNTHETIC DEMO DATA — Data completeness, quality violations, repeated incidents, root causes, operational quality scores, and trends."
"QUALITYPERFORMANCE-00170","2025-09-17","2025-09","Southern","Cluster C","Configuration","External","Compliant","NOC Quality","7","10982.12","988.39","88","50.76","Yes","Controlled","SYNTHETIC DEMO DATA — Data completeness, quality violations, repeated incidents, root causes, operational quality scores, and trends."
"QUALITYPERFORMANCE-00171","2025-09-30","2025-09","Western","Cluster D","Data Completeness","Preventable","Compliant","Data Governance","4","9031.52","921.22","89","54.72","No","At Risk","SYNTHETIC DEMO DATA — Data completeness, quality violations, repeated incidents, root causes, operational quality scores, and trends."
"QUALITYPERFORMANCE-00172","2025-10-13","2025-10","Northern","Cluster E","Power Stability","One-time","Violation","NOC Quality","1","6018.03","686.06","90","58.68","No","At Risk","SYNTHETIC DEMO DATA — Data completeness, quality violations, repeated incidents, root causes, operational quality scores, and trends."
"QUALITYPERFORMANCE-00173","2025-10-26","2025-10","Central","Cluster A","Transmission Loss","Recurring","Review","Data Governance","10","8357.4","1053.03","91","62.64","Yes","Controlled","SYNTHETIC DEMO DATA — Data completeness, quality violations, repeated incidents, root causes, operational quality scores, and trends."
"QUALITYPERFORMANCE-00174","2025-11-08","2025-11","Eastern","Cluster B","Configuration","External","Compliant","NOC Quality","7","8665.77","1195.88","91","66.6","Yes","Controlled","SYNTHETIC DEMO DATA — Data completeness, quality violations, repeated incidents, root causes, operational quality scores, and trends."
"QUALITYPERFORMANCE-00175","2025-11-21","2025-11","Southern","Cluster C","Data Completeness","Preventable","Compliant","Data Governance","4","7329.37","659.64","92","70.56","Yes","Controlled","SYNTHETIC DEMO DATA — Data completeness, quality violations, repeated incidents, root causes, operational quality scores, and trends."
"QUALITYPERFORMANCE-00176","2025-12-04","2025-12","Western","Cluster D","Power Stability","One-time","Violation","NOC Quality","1","10698.05","1091.2","84","74.52","Yes","At Risk","SYNTHETIC DEMO DATA — Data completeness, quality violations, repeated incidents, root causes, operational quality scores, and trends."
"QUALITYPERFORMANCE-00177","2025-12-17","2025-12","Northern","Cluster E","Transmission Loss","Recurring","Review","Data Governance","10","9172.64","1045.68","85","78.48","Yes","Controlled","SYNTHETIC DEMO DATA — Data completeness, quality violations, repeated incidents, root causes, operational quality scores, and trends."
"QUALITYPERFORMANCE-00178","2025-12-30","2025-12","Central","Cluster A","Configuration","External","Compliant","NOC Quality","7","12730.99","1604.1","85","82.44","Yes","Controlled","SYNTHETIC DEMO DATA — Data completeness, quality violations, repeated incidents, root causes, operational quality scores, and trends."
"QUALITYPERFORMANCE-00179","2026-01-12","2026-01","Eastern","Cluster B","Data Completeness","Preventable","Compliant","Data Governance","4","12911.62","1781.8","86","86.4","Yes","Controlled","SYNTHETIC DEMO DATA — Data completeness, quality violations, repeated incidents, root causes, operational quality scores, and trends."
"QUALITYPERFORMANCE-00180","2026-01-25","2026-01","Southern","Cluster C","Power Stability","One-time","Violation","NOC Quality","1","6381.6","574.34","87","90.36","No","At Risk","SYNTHETIC DEMO DATA — Data completeness, quality violations, repeated incidents, root causes, operational quality scores, and trends."
"QUALITYPERFORMANCE-00181","2026-02-07","2026-02","Western","Cluster D","Transmission Loss","Recurring","Review","Data Governance","10","9416.62","960.5","88","94.32","No","At Risk","SYNTHETIC DEMO DATA — Data completeness, quality violations, repeated incidents, root causes, operational quality scores, and trends."
"QUALITYPERFORMANCE-00182","2026-02-20","2026-02","Northern","Cluster E","Configuration","External","Compliant","NOC Quality","7","8193.98","934.11","89","46.8","Yes","Controlled","SYNTHETIC DEMO DATA — Data completeness, quality violations, repeated incidents, root causes, operational quality scores, and trends."
"QUALITYPERFORMANCE-00183","2026-03-05","2026-03","Central","Cluster A","Data Completeness","Preventable","Compliant","Data Governance","4","11895.7","1498.86","90","50.76","Yes","Controlled","SYNTHETIC DEMO DATA — Data completeness, quality violations, repeated incidents, root causes, operational quality scores, and trends."
"QUALITYPERFORMANCE-00184","2026-03-18","2026-03","Eastern","Cluster B","Power Stability","One-time","Violation","NOC Quality","1","11564.22","1595.86","91","54.72","Yes","At Risk","SYNTHETIC DEMO DATA — Data completeness, quality violations, repeated incidents, root causes, operational quality scores, and trends."
"QUALITYPERFORMANCE-00185","2026-03-31","2026-03","Southern","Cluster C","Transmission Loss","Recurring","Review","Data Governance","10","9911.01","891.99","91","58.68","Yes","Controlled","SYNTHETIC DEMO DATA — Data completeness, quality violations, repeated incidents, root causes, operational quality scores, and trends."
"QUALITYPERFORMANCE-00186","2026-04-13","2026-04","Western","Cluster D","Configuration","External","Compliant","NOC Quality","7","10377.78","1058.53","92","62.64","Yes","Controlled","SYNTHETIC DEMO DATA — Data completeness, quality violations, repeated incidents, root causes, operational quality scores, and trends."
"QUALITYPERFORMANCE-00187","2026-04-26","2026-04","Northern","Cluster E","Data Completeness","Preventable","Compliant","Data Governance","4","8873.62","1011.59","84","66.6","Yes","Controlled","SYNTHETIC DEMO DATA — Data completeness, quality violations, repeated incidents, root causes, operational quality scores, and trends."
"QUALITYPERFORMANCE-00188","2026-05-09","2026-05","Central","Cluster A","Power Stability","One-time","Violation","NOC Quality","1","12834.12","1617.1","85","70.56","Yes","At Risk","SYNTHETIC DEMO DATA — Data completeness, quality violations, repeated incidents, root causes, operational quality scores, and trends."
"QUALITYPERFORMANCE-00189","2026-05-22","2026-05","Eastern","Cluster B","Transmission Loss","Recurring","Review","Data Governance","10","7290.92","1006.15","85","74.52","No","At Risk","SYNTHETIC DEMO DATA — Data completeness, quality violations, repeated incidents, root causes, operational quality scores, and trends."
"QUALITYPERFORMANCE-00190","2026-06-04","2026-06","Southern","Cluster C","Configuration","External","Compliant","NOC Quality","7","6616.83","595.51","86","78.48","No","At Risk","SYNTHETIC DEMO DATA — Data completeness, quality violations, repeated incidents, root causes, operational quality scores, and trends."
"QUALITYPERFORMANCE-00191","2026-06-17","2026-06","Western","Cluster D","Data Completeness","Preventable","Compliant","Data Governance","4","9228.81","941.34","87","82.44","Yes","Controlled","SYNTHETIC DEMO DATA — Data completeness, quality violations, repeated incidents, root causes, operational quality scores, and trends."
"QUALITYPERFORMANCE-00192","2025-01-06","2025-01","Northern","Cluster E","Power Stability","One-time","Violation","NOC Quality","1","7742.63","882.66","88","86.4","Yes","At Risk","SYNTHETIC DEMO DATA — Data completeness, quality violations, repeated incidents, root causes, operational quality scores, and trends."
"QUALITYPERFORMANCE-00193","2025-01-19","2025-01","Central","Cluster A","Transmission Loss","Recurring","Review","Data Governance","10","10663.85","1343.65","89","90.36","Yes","Controlled","SYNTHETIC DEMO DATA — Data completeness, quality violations, repeated incidents, root causes, operational quality scores, and trends."
"QUALITYPERFORMANCE-00194","2025-02-01","2025-02","Eastern","Cluster B","Configuration","External","Compliant","NOC Quality","7","10874.95","1500.74","90","94.32","Yes","Controlled","SYNTHETIC DEMO DATA — Data completeness, quality violations, repeated incidents, root causes, operational quality scores, and trends."
"QUALITYPERFORMANCE-00195","2025-02-14","2025-02","Southern","Cluster C","Data Completeness","Preventable","Compliant","Data Governance","4","9138.36","822.45","91","46.8","Yes","Controlled","SYNTHETIC DEMO DATA — Data completeness, quality violations, repeated incidents, root causes, operational quality scores, and trends."
"QUALITYPERFORMANCE-00196","2025-02-27","2025-02","Western","Cluster D","Power Stability","One-time","Violation","NOC Quality","1","12524.51","1277.5","91","50.76","Yes","At Risk","SYNTHETIC DEMO DATA — Data completeness, quality violations, repeated incidents, root causes, operational quality scores, and trends."
"QUALITYPERFORMANCE-00197","2025-03-12","2025-03","Northern","Cluster E","Transmission Loss","Recurring","Review","Data Governance","10","11216.81","1278.72","92","54.72","Yes","Controlled","SYNTHETIC DEMO DATA — Data completeness, quality violations, repeated incidents, root causes, operational quality scores, and trends."
"QUALITYPERFORMANCE-00198","2025-03-25","2025-03","Central","Cluster A","Configuration","External","Compliant","NOC Quality","7","9027.85","1137.51","84","58.68","No","At Risk","SYNTHETIC DEMO DATA — Data completeness, quality violations, repeated incidents, root causes, operational quality scores, and trends."
"QUALITYPERFORMANCE-00199","2025-04-07","2025-04","Eastern","Cluster B","Data Completeness","Preventable","Compliant","Data Governance","4","6898.33","951.97","85","62.64","No","At Risk","SYNTHETIC DEMO DATA — Data completeness, quality violations, repeated incidents, root causes, operational quality scores, and trends."
"QUALITYPERFORMANCE-00200","2025-04-20","2025-04","Southern","Cluster C","Power Stability","One-time","Violation","NOC Quality","1","5882.95","529.47","85","66.6","Yes","At Risk","SYNTHETIC DEMO DATA — Data completeness, quality violations, repeated incidents, root causes, operational quality scores, and trends."
"QUALITYPERFORMANCE-00201","2025-05-03","2025-05","Western","Cluster D","Transmission Loss","Recurring","Review","Data Governance","10","8679.78","885.34","86","70.56","Yes","Controlled","SYNTHETIC DEMO DATA — Data completeness, quality violations, repeated incidents, root causes, operational quality scores, and trends."
"QUALITYPERFORMANCE-00202","2025-05-16","2025-05","Northern","Cluster E","Configuration","External","Compliant","NOC Quality","7","7490.6","853.93","87","74.52","Yes","Controlled","SYNTHETIC DEMO DATA — Data completeness, quality violations, repeated incidents, root causes, operational quality scores, and trends."
"QUALITYPERFORMANCE-00203","2025-05-29","2025-05","Central","Cluster A","Data Completeness","Preventable","Compliant","Data Governance","4","10281.4","1295.46","88","78.48","Yes","Controlled","SYNTHETIC DEMO DATA — Data completeness, quality violations, repeated incidents, root causes, operational quality scores, and trends."
"QUALITYPERFORMANCE-00204","2025-06-11","2025-06","Eastern","Cluster B","Power Stability","One-time","Violation","NOC Quality","1","10514.38","1450.98","89","82.44","Yes","At Risk","SYNTHETIC DEMO DATA — Data completeness, quality violations, repeated incidents, root causes, operational quality scores, and trends."
"QUALITYPERFORMANCE-00205","2025-06-24","2025-06","Southern","Cluster C","Transmission Loss","Recurring","Review","Data Governance","10","8811.13","793","90","86.4","Yes","Controlled","SYNTHETIC DEMO DATA — Data completeness, quality violations, repeated incidents, root causes, operational quality scores, and trends."
"QUALITYPERFORMANCE-00206","2025-07-07","2025-07","Western","Cluster D","Configuration","External","Compliant","NOC Quality","7","12940.17","1319.9","91","90.36","Yes","Controlled","SYNTHETIC DEMO DATA — Data completeness, quality violations, repeated incidents, root causes, operational quality scores, and trends."
"QUALITYPERFORMANCE-00207","2025-07-20","2025-07","Northern","Cluster E","Data Completeness","Preventable","Compliant","Data Governance","4","6525.86","743.95","91","94.32","No","At Risk","SYNTHETIC DEMO DATA — Data completeness, quality violations, repeated incidents, root causes, operational quality scores, and trends."
"QUALITYPERFORMANCE-00208","2025-08-02","2025-08","Central","Cluster A","Power Stability","One-time","Violation","NOC Quality","1","9587.91","1208.08","92","46.8","No","At Risk","SYNTHETIC DEMO DATA — Data completeness, quality violations, repeated incidents, root causes, operational quality scores, and trends."
"QUALITYPERFORMANCE-00209","2025-08-15","2025-08","Eastern","Cluster B","Transmission Loss","Recurring","Review","Data Governance","10","9398.14","1296.94","84","50.76","Yes","Controlled","SYNTHETIC DEMO DATA — Data completeness, quality violations, repeated incidents, root causes, operational quality scores, and trends."
"QUALITYPERFORMANCE-00210","2025-08-28","2025-08","Southern","Cluster C","Configuration","External","Compliant","NOC Quality","7","7979.62","718.17","85","54.72","Yes","Controlled","SYNTHETIC DEMO DATA — Data completeness, quality violations, repeated incidents, root causes, operational quality scores, and trends."
"QUALITYPERFORMANCE-00211","2025-09-10","2025-09","Western","Cluster D","Data Completeness","Preventable","Compliant","Data Governance","4","11589.79","1182.16","85","58.68","Yes","Controlled","SYNTHETIC DEMO DATA — Data completeness, quality violations, repeated incidents, root causes, operational quality scores, and trends."
"QUALITYPERFORMANCE-00212","2025-09-23","2025-09","Northern","Cluster E","Power Stability","One-time","Violation","NOC Quality","1","9967.68","1136.32","86","62.64","Yes","At Risk","SYNTHETIC DEMO DATA — Data completeness, quality violations, repeated incidents, root causes, operational quality scores, and trends."
"QUALITYPERFORMANCE-00213","2025-10-06","2025-10","Central","Cluster A","Transmission Loss","Recurring","Review","Data Governance","10","10572.61","1332.15","87","66.6","Yes","Controlled","SYNTHETIC DEMO DATA — Data completeness, quality violations, repeated incidents, root causes, operational quality scores, and trends."
"QUALITYPERFORMANCE-00214","2025-10-19","2025-10","Eastern","Cluster B","Configuration","External","Compliant","NOC Quality","7","10183.5","1405.32","88","70.56","Yes","Controlled","SYNTHETIC DEMO DATA — Data completeness, quality violations, repeated incidents, root causes, operational quality scores, and trends."
"QUALITYPERFORMANCE-00215","2025-11-01","2025-11","Southern","Cluster C","Data Completeness","Preventable","Compliant","Data Governance","4","9044.75","814.03","89","74.52","Yes","Controlled","SYNTHETIC DEMO DATA — Data completeness, quality violations, repeated incidents, root causes, operational quality scores, and trends."
"QUALITYPERFORMANCE-00216","2025-11-14","2025-11","Western","Cluster D","Power Stability","One-time","Violation","NOC Quality","1","7311.23","745.75","90","78.48","No","At Risk","SYNTHETIC DEMO DATA — Data completeness, quality violations, repeated incidents, root causes, operational quality scores, and trends."
"QUALITYPERFORMANCE-00217","2025-11-27","2025-11","Northern","Cluster E","Transmission Loss","Recurring","Review","Data Governance","10","6394.15","728.93","91","82.44","No","At Risk","SYNTHETIC DEMO DATA — Data completeness, quality violations, repeated incidents, root causes, operational quality scores, and trends."
"QUALITYPERFORMANCE-00218","2025-12-10","2025-12","Central","Cluster A","Configuration","External","Compliant","NOC Quality","7","9402.08","1184.66","91","86.4","Yes","Controlled","SYNTHETIC DEMO DATA — Data completeness, quality violations, repeated incidents, root causes, operational quality scores, and trends."
"QUALITYPERFORMANCE-00219","2025-12-23","2025-12","Eastern","Cluster B","Data Completeness","Preventable","Compliant","Data Governance","4","9175.52","1266.22","92","90.36","Yes","Controlled","SYNTHETIC DEMO DATA — Data completeness, quality violations, repeated incidents, root causes, operational quality scores, and trends."
"QUALITYPERFORMANCE-00220","2026-01-05","2026-01","Southern","Cluster C","Power Stability","One-time","Violation","NOC Quality","1","8331.54","749.84","84","94.32","Yes","At Risk","SYNTHETIC DEMO DATA — Data completeness, quality violations, repeated incidents, root causes, operational quality scores, and trends."
"QUALITYPERFORMANCE-00221","2026-01-18","2026-01","Western","Cluster D","Transmission Loss","Recurring","Review","Data Governance","10","11485.24","1171.49","85","46.8","Yes","Controlled","SYNTHETIC DEMO DATA — Data completeness, quality violations, repeated incidents, root causes, operational quality scores, and trends."
"QUALITYPERFORMANCE-00222","2026-01-31","2026-01","Northern","Cluster E","Configuration","External","Compliant","NOC Quality","7","9847.58","1122.62","85","50.76","Yes","Controlled","SYNTHETIC DEMO DATA — Data completeness, quality violations, repeated incidents, root causes, operational quality scores, and trends."
"QUALITYPERFORMANCE-00223","2026-02-13","2026-02","Central","Cluster A","Data Completeness","Preventable","Compliant","Data Governance","4","14145.54","1782.34","86","54.72","Yes","Controlled","SYNTHETIC DEMO DATA — Data completeness, quality violations, repeated incidents, root causes, operational quality scores, and trends."
"QUALITYPERFORMANCE-00224","2026-02-26","2026-02","Eastern","Cluster B","Power Stability","One-time","Violation","NOC Quality","1","13591.18","1875.58","87","58.68","Yes","At Risk","SYNTHETIC DEMO DATA — Data completeness, quality violations, repeated incidents, root causes, operational quality scores, and trends."
"QUALITYPERFORMANCE-00225","2026-03-11","2026-03","Southern","Cluster C","Transmission Loss","Recurring","Review","Data Governance","10","7053.35","634.8","88","62.64","No","At Risk","SYNTHETIC DEMO DATA — Data completeness, quality violations, repeated incidents, root causes, operational quality scores, and trends."
"QUALITYPERFORMANCE-00226","2026-03-24","2026-03","Western","Cluster D","Configuration","External","Compliant","NOC Quality","7","9887.45","1008.52","89","66.6","No","At Risk","SYNTHETIC DEMO DATA — Data completeness, quality violations, repeated incidents, root causes, operational quality scores, and trends."
"QUALITYPERFORMANCE-00227","2026-04-06","2026-04","Northern","Cluster E","Data Completeness","Preventable","Compliant","Data Governance","4","6665.25","759.84","90","70.56","Yes","Controlled","SYNTHETIC DEMO DATA — Data completeness, quality violations, repeated incidents, root causes, operational quality scores, and trends."
"QUALITYPERFORMANCE-00228","2026-04-19","2026-04","Central","Cluster A","Power Stability","One-time","Violation","NOC Quality","1","9215.57","1161.16","91","74.52","Yes","At Risk","SYNTHETIC DEMO DATA — Data completeness, quality violations, repeated incidents, root causes, operational quality scores, and trends."
"QUALITYPERFORMANCE-00229","2026-05-02","2026-05","Eastern","Cluster B","Transmission Loss","Recurring","Review","Data Governance","10","9518.7","1313.58","91","78.48","Yes","Controlled","SYNTHETIC DEMO DATA — Data completeness, quality violations, repeated incidents, root causes, operational quality scores, and trends."
"QUALITYPERFORMANCE-00230","2026-05-15","2026-05","Southern","Cluster C","Configuration","External","Compliant","NOC Quality","7","8023.2","722.09","92","82.44","Yes","Controlled","SYNTHETIC DEMO DATA — Data completeness, quality violations, repeated incidents, root causes, operational quality scores, and trends."
"QUALITYPERFORMANCE-00231","2026-05-28","2026-05","Western","Cluster D","Data Completeness","Preventable","Compliant","Data Governance","4","11026.39","1124.69","84","86.4","Yes","Controlled","SYNTHETIC DEMO DATA — Data completeness, quality violations, repeated incidents, root causes, operational quality scores, and trends."
"QUALITYPERFORMANCE-00232","2026-06-10","2026-06","Northern","Cluster E","Power Stability","One-time","Violation","NOC Quality","1","9982.82","1138.04","85","90.36","Yes","At Risk","SYNTHETIC DEMO DATA — Data completeness, quality violations, repeated incidents, root causes, operational quality scores, and trends."
"QUALITYPERFORMANCE-00233","2026-06-23","2026-06","Central","Cluster A","Transmission Loss","Recurring","Review","Data Governance","10","13589.06","1712.22","85","94.32","Yes","Controlled","SYNTHETIC DEMO DATA — Data completeness, quality violations, repeated incidents, root causes, operational quality scores, and trends."
"QUALITYPERFORMANCE-00234","2025-01-12","2025-01","Eastern","Cluster B","Configuration","External","Compliant","NOC Quality","7","7475.85","1031.67","86","46.8","No","At Risk","SYNTHETIC DEMO DATA — Data completeness, quality violations, repeated incidents, root causes, operational quality scores, and trends."
"QUALITYPERFORMANCE-00235","2025-01-25","2025-01","Southern","Cluster C","Data Completeness","Preventable","Compliant","Data Governance","4","6407.73","576.7","87","50.76","No","At Risk","SYNTHETIC DEMO DATA — Data completeness, quality violations, repeated incidents, root causes, operational quality scores, and trends."
"QUALITYPERFORMANCE-00236","2025-02-07","2025-02","Western","Cluster D","Power Stability","One-time","Violation","NOC Quality","1","9407.55","959.57","88","54.72","Yes","At Risk","SYNTHETIC DEMO DATA — Data completeness, quality violations, repeated incidents, root causes, operational quality scores, and trends."
"QUALITYPERFORMANCE-00237","2025-02-20","2025-02","Northern","Cluster E","Transmission Loss","Recurring","Review","Data Governance","10","8150.14","929.12","89","58.68","Yes","Controlled","SYNTHETIC DEMO DATA — Data completeness, quality violations, repeated incidents, root causes, operational quality scores, and trends."
"QUALITYPERFORMANCE-00238","2025-03-05","2025-03","Central","Cluster A","Configuration","External","Compliant","NOC Quality","7","11786.36","1485.08","90","62.64","Yes","Controlled","SYNTHETIC DEMO DATA — Data completeness, quality violations, repeated incidents, root causes, operational quality scores, and trends."
"QUALITYPERFORMANCE-00239","2025-03-18","2025-03","Eastern","Cluster B","Data Completeness","Preventable","Compliant","Data Governance","4","11418.7","1575.78","91","66.6","Yes","Controlled","SYNTHETIC DEMO DATA — Data completeness, quality violations, repeated incidents, root causes, operational quality scores, and trends."
"QUALITYPERFORMANCE-00240","2025-03-31","2025-03","Southern","Cluster C","Power Stability","One-time","Violation","NOC Quality","1","9595.28","863.58","91","70.56","Yes","At Risk","SYNTHETIC DEMO DATA — Data completeness, quality violations, repeated incidents, root causes, operational quality scores, and trends."
"QUALITYPERFORMANCE-00241","2025-04-13","2025-04","Western","Cluster D","Transmission Loss","Recurring","Review","Data Governance","10","10199.96","1040.4","92","74.52","Yes","Controlled","SYNTHETIC DEMO DATA — Data completeness, quality violations, repeated incidents, root causes, operational quality scores, and trends."
"QUALITYPERFORMANCE-00242","2025-04-26","2025-04","Northern","Cluster E","Configuration","External","Compliant","NOC Quality","7","8699.97","991.8","84","78.48","Yes","Controlled","SYNTHETIC DEMO DATA — Data completeness, quality violations, repeated incidents, root causes, operational quality scores, and trends."
"QUALITYPERFORMANCE-00243","2025-05-09","2025-05","Central","Cluster A","Data Completeness","Preventable","Compliant","Data Governance","4","7439.81","937.42","85","82.44","No","At Risk","SYNTHETIC DEMO DATA — Data completeness, quality violations, repeated incidents, root causes, operational quality scores, and trends."
"QUALITYPERFORMANCE-00244","2025-05-22","2025-05","Eastern","Cluster B","Power Stability","One-time","Violation","NOC Quality","1","7329.47","1011.47","85","86.4","No","At Risk","SYNTHETIC DEMO DATA — Data completeness, quality violations, repeated incidents, root causes, operational quality scores, and trends."
"QUALITYPERFORMANCE-00245","2025-06-04","2025-06","Southern","Cluster C","Transmission Loss","Recurring","Review","Data Governance","10","6618.31","595.65","86","90.36","Yes","Controlled","SYNTHETIC DEMO DATA — Data completeness, quality violations, repeated incidents, root causes, operational quality scores, and trends."
"QUALITYPERFORMANCE-00246","2025-06-17","2025-06","Western","Cluster D","Configuration","External","Compliant","NOC Quality","7","9190.35","937.42","87","94.32","Yes","Controlled","SYNTHETIC DEMO DATA — Data completeness, quality violations, repeated incidents, root causes, operational quality scores, and trends."
"QUALITYPERFORMANCE-00247","2025-06-30","2025-06","Northern","Cluster E","Data Completeness","Preventable","Compliant","Data Governance","4","8071.46","920.15","88","46.8","Yes","Controlled","SYNTHETIC DEMO DATA — Data completeness, quality violations, repeated incidents, root causes, operational quality scores, and trends."
"QUALITYPERFORMANCE-00248","2025-07-13","2025-07","Central","Cluster A","Power Stability","One-time","Violation","NOC Quality","1","11694.16","1473.46","89","50.76","Yes","At Risk","SYNTHETIC DEMO DATA — Data completeness, quality violations, repeated incidents, root causes, operational quality scores, and trends."
"QUALITYPERFORMANCE-00249","2025-07-26","2025-07","Eastern","Cluster B","Transmission Loss","Recurring","Review","Data Governance","10","11294.76","1558.68","90","54.72","Yes","Controlled","SYNTHETIC DEMO DATA — Data completeness, quality violations, repeated incidents, root causes, operational quality scores, and trends."
"QUALITYPERFORMANCE-00250","2025-08-08","2025-08","Southern","Cluster C","Configuration","External","Compliant","NOC Quality","7","9963.25","896.69","91","58.68","Yes","Controlled","SYNTHETIC DEMO DATA — Data completeness, quality violations, repeated incidents, root causes, operational quality scores, and trends."
"QUALITYPERFORMANCE-00251","2025-08-21","2025-08","Western","Cluster D","Data Completeness","Preventable","Compliant","Data Governance","4","13621.23","1389.37","91","62.64","Yes","Controlled","SYNTHETIC DEMO DATA — Data completeness, quality violations, repeated incidents, root causes, operational quality scores, and trends."
"QUALITYPERFORMANCE-00252","2025-09-03","2025-09","Northern","Cluster E","Power Stability","One-time","Violation","NOC Quality","1","7212.79","822.26","92","66.6","No","At Risk","SYNTHETIC DEMO DATA — Data completeness, quality violations, repeated incidents, root causes, operational quality scores, and trends."
"QUALITYPERFORMANCE-00253","2025-09-16","2025-09","Central","Cluster A","Transmission Loss","Recurring","Review","Data Governance","10","10067.31","1268.48","84","70.56","No","At Risk","SYNTHETIC DEMO DATA — Data completeness, quality violations, repeated incidents, root causes, operational quality scores, and trends."
"QUALITYPERFORMANCE-00254","2025-09-29","2025-09","Eastern","Cluster B","Configuration","External","Compliant","NOC Quality","7","10039.5","1385.45","85","74.52","Yes","Controlled","SYNTHETIC DEMO DATA — Data completeness, quality violations, repeated incidents, root causes, operational quality scores, and trends."
"QUALITYPERFORMANCE-00255","2025-10-12","2025-10","Southern","Cluster C","Data Completeness","Preventable","Compliant","Data Governance","4","6494.61","584.51","85","78.48","Yes","Controlled","SYNTHETIC DEMO DATA — Data completeness, quality violations, repeated incidents, root causes, operational quality scores, and trends."
"QUALITYPERFORMANCE-00256","2025-10-25","2025-10","Western","Cluster D","Power Stability","One-time","Violation","NOC Quality","1","8983.74","916.34","86","82.44","Yes","At Risk","SYNTHETIC DEMO DATA — Data completeness, quality violations, repeated incidents, root causes, operational quality scores, and trends."
"QUALITYPERFORMANCE-00257","2025-11-07","2025-11","Northern","Cluster E","Transmission Loss","Recurring","Review","Data Governance","10","8209.27","935.86","87","86.4","Yes","Controlled","SYNTHETIC DEMO DATA — Data completeness, quality violations, repeated incidents, root causes, operational quality scores, and trends."
"QUALITYPERFORMANCE-00258","2025-11-20","2025-11","Central","Cluster A","Configuration","External","Compliant","NOC Quality","7","11233.4","1415.41","88","90.36","Yes","Controlled","SYNTHETIC DEMO DATA — Data completeness, quality violations, repeated incidents, root causes, operational quality scores, and trends."
"QUALITYPERFORMANCE-00259","2025-12-03","2025-12","Eastern","Cluster B","Data Completeness","Preventable","Compliant","Data Governance","4","11456.44","1580.99","89","94.32","Yes","Controlled","SYNTHETIC DEMO DATA — Data completeness, quality violations, repeated incidents, root causes, operational quality scores, and trends."
"QUALITYPERFORMANCE-00260","2025-12-16","2025-12","Southern","Cluster C","Power Stability","One-time","Violation","NOC Quality","1","9576.79","861.91","90","46.8","Yes","At Risk","SYNTHETIC DEMO DATA — Data completeness, quality violations, repeated incidents, root causes, operational quality scores, and trends."
"QUALITYPERFORMANCE-00261","2025-12-29","2025-12","Western","Cluster D","Transmission Loss","Recurring","Review","Data Governance","10","7873.51","803.1","91","50.76","No","At Risk","SYNTHETIC DEMO DATA — Data completeness, quality violations, repeated incidents, root causes, operational quality scores, and trends."
"QUALITYPERFORMANCE-00262","2026-01-11","2026-01","Northern","Cluster E","Configuration","External","Compliant","NOC Quality","7","7268.45","828.6","91","54.72","No","At Risk","SYNTHETIC DEMO DATA — Data completeness, quality violations, repeated incidents, root causes, operational quality scores, and trends."
"QUALITYPERFORMANCE-00263","2026-01-24","2026-01","Central","Cluster A","Data Completeness","Preventable","Compliant","Data Governance","4","10093.9","1271.83","92","58.68","Yes","Controlled","SYNTHETIC DEMO DATA — Data completeness, quality violations, repeated incidents, root causes, operational quality scores, and trends."
"QUALITYPERFORMANCE-00264","2026-02-06","2026-02","Eastern","Cluster B","Power Stability","One-time","Violation","NOC Quality","1","10369.13","1430.94","84","62.64","Yes","At Risk","SYNTHETIC DEMO DATA — Data completeness, quality violations, repeated incidents, root causes, operational quality scores, and trends."
"QUALITYPERFORMANCE-00265","2026-02-19","2026-02","Southern","Cluster C","Transmission Loss","Recurring","Review","Data Governance","10","8770.04","789.3","85","66.6","Yes","Controlled","SYNTHETIC DEMO DATA — Data completeness, quality violations, repeated incidents, root causes, operational quality scores, and trends."
"QUALITYPERFORMANCE-00266","2026-03-04","2026-03","Western","Cluster D","Configuration","External","Compliant","NOC Quality","7","12694.21","1294.81","85","70.56","Yes","Controlled","SYNTHETIC DEMO DATA — Data completeness, quality violations, repeated incidents, root causes, operational quality scores, and trends."
"QUALITYPERFORMANCE-00267","2026-03-17","2026-03","Northern","Cluster E","Data Completeness","Preventable","Compliant","Data Governance","4","10884.17","1240.8","86","74.52","Yes","Controlled","SYNTHETIC DEMO DATA — Data completeness, quality violations, repeated incidents, root causes, operational quality scores, and trends."
"QUALITYPERFORMANCE-00268","2026-03-30","2026-03","Central","Cluster A","Power Stability","One-time","Violation","NOC Quality","1","15102.21","1902.88","87","78.48","Yes","At Risk","SYNTHETIC DEMO DATA — Data completeness, quality violations, repeated incidents, root causes, operational quality scores, and trends."
"QUALITYPERFORMANCE-00269","2026-04-12","2026-04","Eastern","Cluster B","Transmission Loss","Recurring","Review","Data Governance","10","11055.51","1525.66","88","82.44","Yes","Controlled","SYNTHETIC DEMO DATA — Data completeness, quality violations, repeated incidents, root causes, operational quality scores, and trends."
"QUALITYPERFORMANCE-00270","2026-04-25","2026-04","Southern","Cluster C","Configuration","External","Compliant","NOC Quality","7","5464.22","491.78","89","86.4","No","At Risk","SYNTHETIC DEMO DATA — Data completeness, quality violations, repeated incidents, root causes, operational quality scores, and trends."
"QUALITYPERFORMANCE-00271","2026-05-08","2026-05","Western","Cluster D","Data Completeness","Preventable","Compliant","Data Governance","4","8138.52","830.13","90","90.36","No","At Risk","SYNTHETIC DEMO DATA — Data completeness, quality violations, repeated incidents, root causes, operational quality scores, and trends."
"QUALITYPERFORMANCE-00272","2026-05-21","2026-05","Northern","Cluster E","Power Stability","One-time","Violation","NOC Quality","1","7081.83","807.33","91","94.32","Yes","At Risk","SYNTHETIC DEMO DATA — Data completeness, quality violations, repeated incidents, root causes, operational quality scores, and trends."
"QUALITYPERFORMANCE-00273","2026-06-03","2026-06","Central","Cluster A","Transmission Loss","Recurring","Review","Data Governance","10","10367.52","1306.31","91","46.8","Yes","Controlled","SYNTHETIC DEMO DATA — Data completeness, quality violations, repeated incidents, root causes, operational quality scores, and trends."
"QUALITYPERFORMANCE-00274","2026-06-16","2026-06","Eastern","Cluster B","Configuration","External","Compliant","NOC Quality","7","10078.62","1390.85","92","50.76","Yes","Controlled","SYNTHETIC DEMO DATA — Data completeness, quality violations, repeated incidents, root causes, operational quality scores, and trends."
"QUALITYPERFORMANCE-00275","2025-01-05","2025-01","Southern","Cluster C","Data Completeness","Preventable","Compliant","Data Governance","4","8226.7","740.4","84","54.72","Yes","Controlled","SYNTHETIC DEMO DATA — Data completeness, quality violations, repeated incidents, root causes, operational quality scores, and trends."
"QUALITYPERFORMANCE-00276","2025-01-18","2025-01","Western","Cluster D","Power Stability","One-time","Violation","NOC Quality","1","11306.06","1153.22","85","58.68","Yes","At Risk","SYNTHETIC DEMO DATA — Data completeness, quality violations, repeated incidents, root causes, operational quality scores, and trends."
"QUALITYPERFORMANCE-00277","2025-01-31","2025-01","Northern","Cluster E","Transmission Loss","Recurring","Review","Data Governance","10","9667.36","1102.08","85","62.64","Yes","Controlled","SYNTHETIC DEMO DATA — Data completeness, quality violations, repeated incidents, root causes, operational quality scores, and trends."
"QUALITYPERFORMANCE-00278","2025-02-13","2025-02","Central","Cluster A","Configuration","External","Compliant","NOC Quality","7","13852.26","1745.38","86","66.6","Yes","Controlled","SYNTHETIC DEMO DATA — Data completeness, quality violations, repeated incidents, root causes, operational quality scores, and trends."
"QUALITYPERFORMANCE-00279","2025-02-26","2025-02","Eastern","Cluster B","Data Completeness","Preventable","Compliant","Data Governance","4","7869.31","1085.96","87","70.56","No","At Risk","SYNTHETIC DEMO DATA — Data completeness, quality violations, repeated incidents, root causes, operational quality scores, and trends."
"QUALITYPERFORMANCE-00280","2025-03-11","2025-03","Southern","Cluster C","Power Stability","One-time","Violation","NOC Quality","1","7082.23","637.4","88","74.52","No","At Risk","SYNTHETIC DEMO DATA — Data completeness, quality violations, repeated incidents, root causes, operational quality scores, and trends."
"QUALITYPERFORMANCE-00281","2025-03-24","2025-03","Western","Cluster D","Transmission Loss","Recurring","Review","Data Governance","10","9877.93","1007.55","89","78.48","Yes","Controlled","SYNTHETIC DEMO DATA — Data completeness, quality violations, repeated incidents, root causes, operational quality scores, and trends."
"QUALITYPERFORMANCE-00282","2025-04-06","2025-04","Northern","Cluster E","Configuration","External","Compliant","NOC Quality","7","6637.48","756.67","90","82.44","Yes","Controlled","SYNTHETIC DEMO DATA — Data completeness, quality violations, repeated incidents, root causes, operational quality scores, and trends."
"QUALITYPERFORMANCE-00283","2025-04-19","2025-04","Central","Cluster A","Data Completeness","Preventable","Compliant","Data Governance","4","9141.72","1151.86","91","86.4","Yes","Controlled","SYNTHETIC DEMO DATA — Data completeness, quality violations, repeated incidents, root causes, operational quality scores, and trends."
"QUALITYPERFORMANCE-00284","2025-05-02","2025-05","Eastern","Cluster B","Power Stability","One-time","Violation","NOC Quality","1","9410.1","1298.59","91","90.36","Yes","At Risk","SYNTHETIC DEMO DATA — Data completeness, quality violations, repeated incidents, root causes, operational quality scores, and trends."
"QUALITYPERFORMANCE-00285","2025-05-15","2025-05","Southern","Cluster C","Transmission Loss","Recurring","Review","Data Governance","10","7907.42","711.67","92","94.32","Yes","Controlled","SYNTHETIC DEMO DATA — Data completeness, quality violations, repeated incidents, root causes, operational quality scores, and trends."
"QUALITYPERFORMANCE-00286","2025-05-28","2025-05","Western","Cluster D","Configuration","External","Compliant","NOC Quality","7","10837.46","1105.42","84","46.8","Yes","Controlled","SYNTHETIC DEMO DATA — Data completeness, quality violations, repeated incidents, root causes, operational quality scores, and trends."
"QUALITYPERFORMANCE-00287","2025-06-10","2025-06","Northern","Cluster E","Data Completeness","Preventable","Compliant","Data Governance","4","9787.46","1115.77","85","50.76","Yes","Controlled","SYNTHETIC DEMO DATA — Data completeness, quality violations, repeated incidents, root causes, operational quality scores, and trends."
"QUALITYPERFORMANCE-00288","2025-06-23","2025-06","Central","Cluster A","Power Stability","One-time","Violation","NOC Quality","1","7877.44","992.56","85","54.72","No","At Risk","SYNTHETIC DEMO DATA — Data completeness, quality violations, repeated incidents, root causes, operational quality scores, and trends."
"QUALITYPERFORMANCE-00289","2025-07-06","2025-07","Eastern","Cluster B","Transmission Loss","Recurring","Review","Data Governance","10","8336.61","1150.45","86","58.68","No","At Risk","SYNTHETIC DEMO DATA — Data completeness, quality violations, repeated incidents, root causes, operational quality scores, and trends."
"QUALITYPERFORMANCE-00290","2025-07-19","2025-07","Southern","Cluster C","Configuration","External","Compliant","NOC Quality","7","7109.52","639.86","87","62.64","Yes","Controlled","SYNTHETIC DEMO DATA — Data completeness, quality violations, repeated incidents, root causes, operational quality scores, and trends."
"QUALITYPERFORMANCE-00291","2025-08-01","2025-08","Western","Cluster D","Data Completeness","Preventable","Compliant","Data Governance","4","10392.06","1059.99","88","66.6","Yes","Controlled","SYNTHETIC DEMO DATA — Data completeness, quality violations, repeated incidents, root causes, operational quality scores, and trends."
"QUALITYPERFORMANCE-00292","2025-08-14","2025-08","Northern","Cluster E","Power Stability","One-time","Violation","NOC Quality","1","8968.29","1022.39","89","70.56","Yes","At Risk","SYNTHETIC DEMO DATA — Data completeness, quality violations, repeated incidents, root causes, operational quality scores, and trends."
"QUALITYPERFORMANCE-00293","2025-08-27","2025-08","Central","Cluster A","Transmission Loss","Recurring","Review","Data Governance","10","12309.64","1551.01","90","74.52","Yes","Controlled","SYNTHETIC DEMO DATA — Data completeness, quality violations, repeated incidents, root causes, operational quality scores, and trends."
"QUALITYPERFORMANCE-00294","2025-09-09","2025-09","Eastern","Cluster B","Configuration","External","Compliant","NOC Quality","7","12483.68","1722.75","91","78.48","Yes","Controlled","SYNTHETIC DEMO DATA — Data completeness, quality violations, repeated incidents, root causes, operational quality scores, and trends."
"QUALITYPERFORMANCE-00295","2025-09-22","2025-09","Southern","Cluster C","Data Completeness","Preventable","Compliant","Data Governance","4","10461.41","941.53","91","82.44","Yes","Controlled","SYNTHETIC DEMO DATA — Data completeness, quality violations, repeated incidents, root causes, operational quality scores, and trends."
"QUALITYPERFORMANCE-00296","2025-10-05","2025-10","Western","Cluster D","Power Stability","One-time","Violation","NOC Quality","1","11086.31","1130.8","92","86.4","Yes","At Risk","SYNTHETIC DEMO DATA — Data completeness, quality violations, repeated incidents, root causes, operational quality scores, and trends."
"QUALITYPERFORMANCE-00297","2025-10-18","2025-10","Northern","Cluster E","Transmission Loss","Recurring","Review","Data Governance","10","5590.94","637.37","84","90.36","No","At Risk","SYNTHETIC DEMO DATA — Data completeness, quality violations, repeated incidents, root causes, operational quality scores, and trends."
"QUALITYPERFORMANCE-00298","2025-10-31","2025-10","Central","Cluster A","Configuration","External","Compliant","NOC Quality","7","7803.6","983.25","85","94.32","No","At Risk","SYNTHETIC DEMO DATA — Data completeness, quality violations, repeated incidents, root causes, operational quality scores, and trends."
"QUALITYPERFORMANCE-00299","2025-11-13","2025-11","Eastern","Cluster B","Data Completeness","Preventable","Compliant","Data Governance","4","8127.22","1121.56","85","46.8","Yes","Controlled","SYNTHETIC DEMO DATA — Data completeness, quality violations, repeated incidents, root causes, operational quality scores, and trends."
"QUALITYPERFORMANCE-00300","2025-11-26","2025-11","Southern","Cluster C","Power Stability","One-time","Violation","NOC Quality","1","6900.52","621.05","86","50.76","Yes","At Risk","SYNTHETIC DEMO DATA — Data completeness, quality violations, repeated incidents, root causes, operational quality scores, and trends."
"QUALITYPERFORMANCE-00301","2025-12-09","2025-12","Western","Cluster D","Transmission Loss","Recurring","Review","Data Governance","10","10106.7","1030.88","87","54.72","Yes","Controlled","SYNTHETIC DEMO DATA — Data completeness, quality violations, repeated incidents, root causes, operational quality scores, and trends."
"QUALITYPERFORMANCE-00302","2025-12-22","2025-12","Northern","Cluster E","Configuration","External","Compliant","NOC Quality","7","8692.17","990.91","88","58.68","Yes","Controlled","SYNTHETIC DEMO DATA — Data completeness, quality violations, repeated incidents, root causes, operational quality scores, and trends."
"QUALITYPERFORMANCE-00303","2026-01-04","2026-01","Central","Cluster A","Data Completeness","Preventable","Compliant","Data Governance","4","12769.39","1608.94","89","62.64","Yes","Controlled","SYNTHETIC DEMO DATA — Data completeness, quality violations, repeated incidents, root causes, operational quality scores, and trends."
"QUALITYPERFORMANCE-00304","2026-01-17","2026-01","Eastern","Cluster B","Power Stability","One-time","Violation","NOC Quality","1","12299.43","1697.32","90","66.6","Yes","At Risk","SYNTHETIC DEMO DATA — Data completeness, quality violations, repeated incidents, root causes, operational quality scores, and trends."
"QUALITYPERFORMANCE-00305","2026-01-30","2026-01","Southern","Cluster C","Transmission Loss","Recurring","Review","Data Governance","10","10281.47","925.33","91","70.56","Yes","Controlled","SYNTHETIC DEMO DATA — Data completeness, quality violations, repeated incidents, root causes, operational quality scores, and trends."
"QUALITYPERFORMANCE-00306","2026-02-12","2026-02","Western","Cluster D","Configuration","External","Compliant","NOC Quality","7","8748.34","892.33","91","74.52","No","At Risk","SYNTHETIC DEMO DATA — Data completeness, quality violations, repeated incidents, root causes, operational quality scores, and trends."
"QUALITYPERFORMANCE-00307","2026-02-25","2026-02","Northern","Cluster E","Data Completeness","Preventable","Compliant","Data Governance","4","7651","872.21","92","78.48","No","At Risk","SYNTHETIC DEMO DATA — Data completeness, quality violations, repeated incidents, root causes, operational quality scores, and trends."
"QUALITYPERFORMANCE-00308","2026-03-10","2026-03","Central","Cluster A","Power Stability","One-time","Violation","NOC Quality","1","11156.42","1405.71","84","82.44","Yes","At Risk","SYNTHETIC DEMO DATA — Data completeness, quality violations, repeated incidents, root causes, operational quality scores, and trends."
"QUALITYPERFORMANCE-00309","2026-03-23","2026-03","Eastern","Cluster B","Transmission Loss","Recurring","Review","Data Governance","10","10887.59","1502.49","85","86.4","Yes","Controlled","SYNTHETIC DEMO DATA — Data completeness, quality violations, repeated incidents, root causes, operational quality scores, and trends."
"QUALITYPERFORMANCE-00310","2026-04-05","2026-04","Southern","Cluster C","Configuration","External","Compliant","NOC Quality","7","7133.84","642.05","85","90.36","Yes","Controlled","SYNTHETIC DEMO DATA — Data completeness, quality violations, repeated incidents, root causes, operational quality scores, and trends."
"QUALITYPERFORMANCE-00311","2026-04-18","2026-04","Western","Cluster D","Data Completeness","Preventable","Compliant","Data Governance","4","9834.18","1003.09","86","94.32","Yes","Controlled","SYNTHETIC DEMO DATA — Data completeness, quality violations, repeated incidents, root causes, operational quality scores, and trends."
"QUALITYPERFORMANCE-00312","2026-05-01","2026-05","Northern","Cluster E","Power Stability","One-time","Violation","NOC Quality","1","8958.94","1021.32","87","46.8","Yes","At Risk","SYNTHETIC DEMO DATA — Data completeness, quality violations, repeated incidents, root causes, operational quality scores, and trends."
"QUALITYPERFORMANCE-00313","2026-05-14","2026-05","Central","Cluster A","Transmission Loss","Recurring","Review","Data Governance","10","12225.6","1540.43","88","50.76","Yes","Controlled","SYNTHETIC DEMO DATA — Data completeness, quality violations, repeated incidents, root causes, operational quality scores, and trends."
"QUALITYPERFORMANCE-00314","2026-05-27","2026-05","Eastern","Cluster B","Configuration","External","Compliant","NOC Quality","7","11746.48","1621.01","89","54.72","Yes","Controlled","SYNTHETIC DEMO DATA — Data completeness, quality violations, repeated incidents, root causes, operational quality scores, and trends."
"QUALITYPERFORMANCE-00315","2026-06-09","2026-06","Southern","Cluster C","Data Completeness","Preventable","Compliant","Data Governance","4","6147.24","553.25","90","58.68","No","At Risk","SYNTHETIC DEMO DATA — Data completeness, quality violations, repeated incidents, root causes, operational quality scores, and trends."
"QUALITYPERFORMANCE-00316","2026-06-22","2026-06","Western","Cluster D","Power Stability","One-time","Violation","NOC Quality","1","8617.26","878.96","91","62.64","No","At Risk","SYNTHETIC DEMO DATA — Data completeness, quality violations, repeated incidents, root causes, operational quality scores, and trends."
"QUALITYPERFORMANCE-00317","2025-01-11","2025-01","Northern","Cluster E","Transmission Loss","Recurring","Review","Data Governance","10","7261.45","827.81","91","66.6","Yes","Controlled","SYNTHETIC DEMO DATA — Data completeness, quality violations, repeated incidents, root causes, operational quality scores, and trends."
"QUALITYPERFORMANCE-00318","2025-01-24","2025-01","Central","Cluster A","Configuration","External","Compliant","NOC Quality","7","10039.9","1265.03","92","70.56","Yes","Controlled","SYNTHETIC DEMO DATA — Data completeness, quality violations, repeated incidents, root causes, operational quality scores, and trends."
"QUALITYPERFORMANCE-00319","2025-02-06","2025-02","Eastern","Cluster B","Data Completeness","Preventable","Compliant","Data Governance","4","10273.82","1417.79","84","74.52","Yes","Controlled","SYNTHETIC DEMO DATA — Data completeness, quality violations, repeated incidents, root causes, operational quality scores, and trends."
"QUALITYPERFORMANCE-00320","2025-02-19","2025-02","Southern","Cluster C","Power Stability","One-time","Violation","NOC Quality","1","8659.68","779.37","85","78.48","Yes","At Risk","SYNTHETIC DEMO DATA — Data completeness, quality violations, repeated incidents, root causes, operational quality scores, and trends."
"QUALITYPERFORMANCE-00321","2025-03-04","2025-03","Western","Cluster D","Transmission Loss","Recurring","Review","Data Governance","10","12496.18","1274.61","85","82.44","Yes","Controlled","SYNTHETIC DEMO DATA — Data completeness, quality violations, repeated incidents, root causes, operational quality scores, and trends."
"QUALITYPERFORMANCE-00322","2025-03-17","2025-03","Northern","Cluster E","Configuration","External","Compliant","NOC Quality","7","10684.97","1218.09","86","86.4","Yes","Controlled","SYNTHETIC DEMO DATA — Data completeness, quality violations, repeated incidents, root causes, operational quality scores, and trends."
"QUALITYPERFORMANCE-00323","2025-03-30","2025-03","Central","Cluster A","Data Completeness","Preventable","Compliant","Data Governance","4","14544.87","1832.65","87","90.36","Yes","Controlled","SYNTHETIC DEMO DATA — Data completeness, quality violations, repeated incidents, root causes, operational quality scores, and trends."
"QUALITYPERFORMANCE-00324","2025-04-12","2025-04","Eastern","Cluster B","Power Stability","One-time","Violation","NOC Quality","1","6408.77","884.41","88","94.32","No","At Risk","SYNTHETIC DEMO DATA — Data completeness, quality violations, repeated incidents, root causes, operational quality scores, and trends."
"QUALITYPERFORMANCE-00325","2025-04-25","2025-04","Southern","Cluster C","Transmission Loss","Recurring","Review","Data Governance","10","5493.11","494.38","89","46.8","No","At Risk","SYNTHETIC DEMO DATA — Data completeness, quality violations, repeated incidents, root causes, operational quality scores, and trends."
"QUALITYPERFORMANCE-00326","2025-05-08","2025-05","Western","Cluster D","Configuration","External","Compliant","NOC Quality","7","8140.35","830.32","90","50.76","Yes","Controlled","SYNTHETIC DEMO DATA — Data completeness, quality violations, repeated incidents, root causes, operational quality scores, and trends."
"QUALITYPERFORMANCE-00327","2025-05-21","2025-05","Northern","Cluster E","Data Completeness","Preventable","Compliant","Data Governance","4","7052.32","803.96","91","54.72","Yes","Controlled","SYNTHETIC DEMO DATA — Data completeness, quality violations, repeated incidents, root causes, operational quality scores, and trends."
"QUALITYPERFORMANCE-00328","2025-06-03","2025-06","Central","Cluster A","Power Stability","One-time","Violation","NOC Quality","1","10284.44","1295.84","91","58.68","Yes","At Risk","SYNTHETIC DEMO DATA — Data completeness, quality violations, repeated incidents, root causes, operational quality scores, and trends."
"QUALITYPERFORMANCE-00329","2025-06-16","2025-06","Eastern","Cluster B","Transmission Loss","Recurring","Review","Data Governance","10","9963.63","1374.98","92","62.64","Yes","Controlled","SYNTHETIC DEMO DATA — Data completeness, quality violations, repeated incidents, root causes, operational quality scores, and trends."
"QUALITYPERFORMANCE-00330","2025-06-29","2025-06","Southern","Cluster C","Configuration","External","Compliant","NOC Quality","7","8372.57","753.53","84","66.6","Yes","Controlled","SYNTHETIC DEMO DATA — Data completeness, quality violations, repeated incidents, root causes, operational quality scores, and trends."
"QUALITYPERFORMANCE-00331","2025-07-12","2025-07","Western","Cluster D","Data Completeness","Preventable","Compliant","Data Governance","4","12326.62","1257.32","85","70.56","Yes","Controlled","SYNTHETIC DEMO DATA — Data completeness, quality violations, repeated incidents, root causes, operational quality scores, and trends."
"QUALITYPERFORMANCE-00332","2025-07-25","2025-07","Northern","Cluster E","Power Stability","One-time","Violation","NOC Quality","1","10513.89","1198.58","85","74.52","Yes","At Risk","SYNTHETIC DEMO DATA — Data completeness, quality violations, repeated incidents, root causes, operational quality scores, and trends."
"QUALITYPERFORMANCE-00333","2025-08-07","2025-08","Central","Cluster A","Transmission Loss","Recurring","Review","Data Governance","10","8907.48","1122.34","86","78.48","No","At Risk","SYNTHETIC DEMO DATA — Data completeness, quality violations, repeated incidents, root causes, operational quality scores, and trends."
"QUALITYPERFORMANCE-00334","2025-08-20","2025-08","Eastern","Cluster B","Configuration","External","Compliant","NOC Quality","7","8775.38","1211","87","82.44","No","At Risk","SYNTHETIC DEMO DATA — Data completeness, quality violations, repeated incidents, root causes, operational quality scores, and trends."
"QUALITYPERFORMANCE-00335","2025-09-02","2025-09","Southern","Cluster C","Data Completeness","Preventable","Compliant","Data Governance","4","7857.89","707.21","88","86.4","Yes","Controlled","SYNTHETIC DEMO DATA — Data completeness, quality violations, repeated incidents, root causes, operational quality scores, and trends."
"QUALITYPERFORMANCE-00336","2025-09-15","2025-09","Western","Cluster D","Power Stability","One-time","Violation","NOC Quality","1","10911.66","1112.99","89","90.36","Yes","At Risk","SYNTHETIC DEMO DATA — Data completeness, quality violations, repeated incidents, root causes, operational quality scores, and trends."
"QUALITYPERFORMANCE-00337","2025-09-28","2025-09","Northern","Cluster E","Transmission Loss","Recurring","Review","Data Governance","10","9580.31","1092.16","90","94.32","Yes","Controlled","SYNTHETIC DEMO DATA — Data completeness, quality violations, repeated incidents, root causes, operational quality scores, and trends."
"QUALITYPERFORMANCE-00338","2025-10-11","2025-10","Central","Cluster A","Configuration","External","Compliant","NOC Quality","7","10018.81","1262.37","91","46.8","Yes","Controlled","SYNTHETIC DEMO DATA — Data completeness, quality violations, repeated incidents, root causes, operational quality scores, and trends."
"QUALITYPERFORMANCE-00339","2025-10-24","2025-10","Eastern","Cluster B","Data Completeness","Preventable","Compliant","Data Governance","4","9676.63","1335.37","91","50.76","Yes","Controlled","SYNTHETIC DEMO DATA — Data completeness, quality violations, repeated incidents, root causes, operational quality scores, and trends."
"QUALITYPERFORMANCE-00340","2025-11-06","2025-11","Southern","Cluster C","Power Stability","One-time","Violation","NOC Quality","1","8615.9","775.43","92","54.72","Yes","At Risk","SYNTHETIC DEMO DATA — Data completeness, quality violations, repeated incidents, root causes, operational quality scores, and trends."
"QUALITYPERFORMANCE-00341","2025-11-19","2025-11","Western","Cluster D","Transmission Loss","Recurring","Review","Data Governance","10","11779.21","1201.48","84","58.68","Yes","Controlled","SYNTHETIC DEMO DATA — Data completeness, quality violations, repeated incidents, root causes, operational quality scores, and trends."
"QUALITYPERFORMANCE-00342","2025-12-02","2025-12","Northern","Cluster E","Configuration","External","Compliant","NOC Quality","7","6289.81","717.04","85","62.64","No","At Risk","SYNTHETIC DEMO DATA — Data completeness, quality violations, repeated incidents, root causes, operational quality scores, and trends."
"QUALITYPERFORMANCE-00343","2025-12-15","2025-12","Central","Cluster A","Data Completeness","Preventable","Compliant","Data Governance","4","8779.05","1106.16","85","66.6","No","At Risk","SYNTHETIC DEMO DATA — Data completeness, quality violations, repeated incidents, root causes, operational quality scores, and trends."
"QUALITYPERFORMANCE-00344","2025-12-28","2025-12","Eastern","Cluster B","Power Stability","One-time","Violation","NOC Quality","1","8752.25","1207.81","86","70.56","Yes","At Risk","SYNTHETIC DEMO DATA — Data completeness, quality violations, repeated incidents, root causes, operational quality scores, and trends."
"QUALITYPERFORMANCE-00345","2026-01-10","2026-01","Southern","Cluster C","Transmission Loss","Recurring","Review","Data Governance","10","7844.05","705.96","87","74.52","Yes","Controlled","SYNTHETIC DEMO DATA — Data completeness, quality violations, repeated incidents, root causes, operational quality scores, and trends."
"QUALITYPERFORMANCE-00346","2026-01-23","2026-01","Western","Cluster D","Configuration","External","Compliant","NOC Quality","7","10850.38","1106.74","88","78.48","Yes","Controlled","SYNTHETIC DEMO DATA — Data completeness, quality violations, repeated incidents, root causes, operational quality scores, and trends."
"QUALITYPERFORMANCE-00347","2026-02-05","2026-02","Northern","Cluster E","Data Completeness","Preventable","Compliant","Data Governance","4","9822.9","1119.81","89","82.44","Yes","Controlled","SYNTHETIC DEMO DATA — Data completeness, quality violations, repeated incidents, root causes, operational quality scores, and trends."
"QUALITYPERFORMANCE-00348","2026-02-18","2026-02","Central","Cluster A","Power Stability","One-time","Violation","NOC Quality","1","13441.46","1693.62","90","86.4","Yes","At Risk","SYNTHETIC DEMO DATA — Data completeness, quality violations, repeated incidents, root causes, operational quality scores, and trends."
"QUALITYPERFORMANCE-00349","2026-03-03","2026-03","Eastern","Cluster B","Transmission Loss","Recurring","Review","Data Governance","10","13594.11","1875.99","91","90.36","Yes","Controlled","SYNTHETIC DEMO DATA — Data completeness, quality violations, repeated incidents, root causes, operational quality scores, and trends."
"QUALITYPERFORMANCE-00350","2026-03-16","2026-03","Southern","Cluster C","Configuration","External","Compliant","NOC Quality","7","11363.73","1022.74","91","94.32","Yes","Controlled","SYNTHETIC DEMO DATA — Data completeness, quality violations, repeated incidents, root causes, operational quality scores, and trends."
"QUALITYPERFORMANCE-00351","2026-03-29","2026-03","Western","Cluster D","Data Completeness","Preventable","Compliant","Data Governance","4","9340","952.68","92","46.8","No","At Risk","SYNTHETIC DEMO DATA — Data completeness, quality violations, repeated incidents, root causes, operational quality scores, and trends."
"QUALITYPERFORMANCE-00352","2026-04-11","2026-04","Northern","Cluster E","Power Stability","One-time","Violation","NOC Quality","1","6223.58","709.49","84","50.76","No","At Risk","SYNTHETIC DEMO DATA — Data completeness, quality violations, repeated incidents, root causes, operational quality scores, and trends."
"QUALITYPERFORMANCE-00353","2026-04-24","2026-04","Central","Cluster A","Transmission Loss","Recurring","Review","Data Governance","10","8642.85","1089","85","54.72","Yes","Controlled","SYNTHETIC DEMO DATA — Data completeness, quality violations, repeated incidents, root causes, operational quality scores, and trends."
"QUALITYPERFORMANCE-00354","2026-05-07","2026-05","Eastern","Cluster B","Configuration","External","Compliant","NOC Quality","7","8961.75","1236.72","85","58.68","Yes","Controlled","SYNTHETIC DEMO DATA — Data completeness, quality violations, repeated incidents, root causes, operational quality scores, and trends."
"QUALITYPERFORMANCE-00355","2026-05-20","2026-05","Southern","Cluster C","Data Completeness","Preventable","Compliant","Data Governance","4","7579.7","682.17","86","62.64","Yes","Controlled","SYNTHETIC DEMO DATA — Data completeness, quality violations, repeated incidents, root causes, operational quality scores, and trends."
"QUALITYPERFORMANCE-00356","2026-06-02","2026-06","Western","Cluster D","Power Stability","One-time","Violation","NOC Quality","1","11063.45","1128.47","87","66.6","Yes","At Risk","SYNTHETIC DEMO DATA — Data completeness, quality violations, repeated incidents, root causes, operational quality scores, and trends."
"QUALITYPERFORMANCE-00357","2026-06-15","2026-06","Northern","Cluster E","Transmission Loss","Recurring","Review","Data Governance","10","9485.94","1081.4","88","70.56","Yes","Controlled","SYNTHETIC DEMO DATA — Data completeness, quality violations, repeated incidents, root causes, operational quality scores, and trends."
"QUALITYPERFORMANCE-00358","2025-01-04","2025-01","Central","Cluster A","Configuration","External","Compliant","NOC Quality","7","12535.69","1579.5","89","74.52","Yes","Controlled","SYNTHETIC DEMO DATA — Data completeness, quality violations, repeated incidents, root causes, operational quality scores, and trends."
"QUALITYPERFORMANCE-00359","2025-01-17","2025-01","Eastern","Cluster B","Data Completeness","Preventable","Compliant","Data Governance","4","12044.42","1662.13","90","78.48","Yes","Controlled","SYNTHETIC DEMO DATA — Data completeness, quality violations, repeated incidents, root causes, operational quality scores, and trends."
"QUALITYPERFORMANCE-00360","2025-01-30","2025-01","Southern","Cluster C","Power Stability","One-time","Violation","NOC Quality","1","5952.99","535.77","91","82.44","No","At Risk","SYNTHETIC DEMO DATA — Data completeness, quality violations, repeated incidents, root causes, operational quality scores, and trends."
"QUALITYPERFORMANCE-00361","2025-02-12","2025-02","Western","Cluster D","Transmission Loss","Recurring","Review","Data Governance","10","8784.16","895.98","91","86.4","No","At Risk","SYNTHETIC DEMO DATA — Data completeness, quality violations, repeated incidents, root causes, operational quality scores, and trends."
"QUALITYPERFORMANCE-00362","2025-02-25","2025-02","Northern","Cluster E","Configuration","External","Compliant","NOC Quality","7","7643.64","871.37","92","90.36","Yes","Controlled","SYNTHETIC DEMO DATA — Data completeness, quality violations, repeated incidents, root causes, operational quality scores, and trends."
"QUALITYPERFORMANCE-00363","2025-03-10","2025-03","Central","Cluster A","Data Completeness","Preventable","Compliant","Data Governance","4","11096.73","1398.19","84","94.32","Yes","Controlled","SYNTHETIC DEMO DATA — Data completeness, quality violations, repeated incidents, root causes, operational quality scores, and trends."
"QUALITYPERFORMANCE-00364","2025-03-23","2025-03","Eastern","Cluster B","Power Stability","One-time","Violation","NOC Quality","1","10787.52","1488.68","85","46.8","Yes","At Risk","SYNTHETIC DEMO DATA — Data completeness, quality violations, repeated incidents, root causes, operational quality scores, and trends."
"QUALITYPERFORMANCE-00365","2025-04-05","2025-04","Southern","Cluster C","Transmission Loss","Recurring","Review","Data Governance","10","7052.45","634.72","85","50.76","Yes","Controlled","SYNTHETIC DEMO DATA — Data completeness, quality violations, repeated incidents, root causes, operational quality scores, and trends."
"QUALITYPERFORMANCE-00366","2025-04-18","2025-04","Western","Cluster D","Configuration","External","Compliant","NOC Quality","7","9692.27","988.61","86","54.72","Yes","Controlled","SYNTHETIC DEMO DATA — Data completeness, quality violations, repeated incidents, root causes, operational quality scores, and trends."
"QUALITYPERFORMANCE-00367","2025-05-01","2025-05","Northern","Cluster E","Data Completeness","Preventable","Compliant","Data Governance","4","8805.44","1003.82","87","58.68","Yes","Controlled","SYNTHETIC DEMO DATA — Data completeness, quality violations, repeated incidents, root causes, operational quality scores, and trends."
"QUALITYPERFORMANCE-00368","2025-05-14","2025-05","Central","Cluster A","Power Stability","One-time","Violation","NOC Quality","1","11986.36","1510.28","88","62.64","Yes","At Risk","SYNTHETIC DEMO DATA — Data completeness, quality violations, repeated incidents, root causes, operational quality scores, and trends."
"QUALITYPERFORMANCE-00369","2025-05-27","2025-05","Eastern","Cluster B","Transmission Loss","Recurring","Review","Data Governance","10","6809.32","939.69","89","66.6","No","At Risk","SYNTHETIC DEMO DATA — Data completeness, quality violations, repeated incidents, root causes, operational quality scores, and trends."
"QUALITYPERFORMANCE-00370","2025-06-09","2025-06","Southern","Cluster C","Configuration","External","Compliant","NOC Quality","7","6179.75","556.18","90","70.56","No","At Risk","SYNTHETIC DEMO DATA — Data completeness, quality violations, repeated incidents, root causes, operational quality scores, and trends."
"QUALITYPERFORMANCE-00371","2025-06-22","2025-06","Western","Cluster D","Data Completeness","Preventable","Compliant","Data Governance","4","8619.2","879.16","91","74.52","Yes","Controlled","SYNTHETIC DEMO DATA — Data completeness, quality violations, repeated incidents, root causes, operational quality scores, and trends."
"QUALITYPERFORMANCE-00372","2025-07-05","2025-07","Northern","Cluster E","Power Stability","One-time","Violation","NOC Quality","1","8021.37","914.44","91","78.48","Yes","At Risk","SYNTHETIC DEMO DATA — Data completeness, quality violations, repeated incidents, root causes, operational quality scores, and trends."
"QUALITYPERFORMANCE-00373","2025-07-18","2025-07","Central","Cluster A","Transmission Loss","Recurring","Review","Data Governance","10","11047.75","1392.02","92","82.44","Yes","Controlled","SYNTHETIC DEMO DATA — Data completeness, quality violations, repeated incidents, root causes, operational quality scores, and trends."
"QUALITYPERFORMANCE-00374","2025-07-31","2025-07","Eastern","Cluster B","Configuration","External","Compliant","NOC Quality","7","10703.13","1477.03","84","86.4","Yes","Controlled","SYNTHETIC DEMO DATA — Data completeness, quality violations, repeated incidents, root causes, operational quality scores, and trends."
"QUALITYPERFORMANCE-00375","2025-08-13","2025-08","Southern","Cluster C","Data Completeness","Preventable","Compliant","Data Governance","4","9467.34","852.06","85","90.36","Yes","Controlled","SYNTHETIC DEMO DATA — Data completeness, quality violations, repeated incidents, root causes, operational quality scores, and trends."
"QUALITYPERFORMANCE-00376","2025-08-26","2025-08","Western","Cluster D","Power Stability","One-time","Violation","NOC Quality","1","12975.39","1323.49","85","94.32","Yes","At Risk","SYNTHETIC DEMO DATA — Data completeness, quality violations, repeated incidents, root causes, operational quality scores, and trends."
"QUALITYPERFORMANCE-00377","2025-09-08","2025-09","Northern","Cluster E","Transmission Loss","Recurring","Review","Data Governance","10","11620.61","1324.75","86","46.8","Yes","Controlled","SYNTHETIC DEMO DATA — Data completeness, quality violations, repeated incidents, root causes, operational quality scores, and trends."
"QUALITYPERFORMANCE-00378","2025-09-21","2025-09","Central","Cluster A","Configuration","External","Compliant","NOC Quality","7","9352.85","1178.46","87","50.76","No","At Risk","SYNTHETIC DEMO DATA — Data completeness, quality violations, repeated incidents, root causes, operational quality scores, and trends."
"QUALITYPERFORMANCE-00379","2025-10-04","2025-10","Eastern","Cluster B","Data Completeness","Preventable","Compliant","Data Governance","4","7142.28","985.63","88","54.72","No","At Risk","SYNTHETIC DEMO DATA — Data completeness, quality violations, repeated incidents, root causes, operational quality scores, and trends."
"QUALITYPERFORMANCE-00380","2025-10-17","2025-10","Southern","Cluster C","Power Stability","One-time","Violation","NOC Quality","1","6090.99","548.19","89","58.68","Yes","At Risk","SYNTHETIC DEMO DATA — Data completeness, quality violations, repeated incidents, root causes, operational quality scores, and trends."
"QUALITYPERFORMANCE-00381","2025-10-30","2025-10","Western","Cluster D","Transmission Loss","Recurring","Review","Data Governance","10","8458.09","862.73","90","62.64","Yes","Controlled","SYNTHETIC DEMO DATA — Data completeness, quality violations, repeated incidents, root causes, operational quality scores, and trends."
"QUALITYPERFORMANCE-00382","2025-11-12","2025-11","Northern","Cluster E","Configuration","External","Compliant","NOC Quality","7","7755.49","884.13","91","66.6","Yes","Controlled","SYNTHETIC DEMO DATA — Data completeness, quality violations, repeated incidents, root causes, operational quality scores, and trends."
"QUALITYPERFORMANCE-00383","2025-11-25","2025-11","Central","Cluster A","Data Completeness","Preventable","Compliant","Data Governance","4","10644.99","1341.27","91","70.56","Yes","Controlled","SYNTHETIC DEMO DATA — Data completeness, quality violations, repeated incidents, root causes, operational quality scores, and trends."
"QUALITYPERFORMANCE-00384","2025-12-08","2025-12","Eastern","Cluster B","Power Stability","One-time","Violation","NOC Quality","1","10886.21","1502.3","92","74.52","Yes","At Risk","SYNTHETIC DEMO DATA — Data completeness, quality violations, repeated incidents, root causes, operational quality scores, and trends."
"QUALITYPERFORMANCE-00385","2025-12-21","2025-12","Southern","Cluster C","Transmission Loss","Recurring","Review","Data Governance","10","9122.72","821.04","84","78.48","Yes","Controlled","SYNTHETIC DEMO DATA — Data completeness, quality violations, repeated incidents, root causes, operational quality scores, and trends."
"QUALITYPERFORMANCE-00386","2026-01-03","2026-01","Western","Cluster D","Configuration","External","Compliant","NOC Quality","7","13389.83","1365.76","85","82.44","Yes","Controlled","SYNTHETIC DEMO DATA — Data completeness, quality violations, repeated incidents, root causes, operational quality scores, and trends."
"QUALITYPERFORMANCE-00387","2026-01-16","2026-01","Northern","Cluster E","Data Completeness","Preventable","Compliant","Data Governance","4","6752.63","769.8","85","86.4","No","At Risk","SYNTHETIC DEMO DATA — Data completeness, quality violations, repeated incidents, root causes, operational quality scores, and trends."
"QUALITYPERFORMANCE-00388","2026-01-29","2026-01","Central","Cluster A","Power Stability","One-time","Violation","NOC Quality","1","9425.03","1187.55","86","90.36","No","At Risk","SYNTHETIC DEMO DATA — Data completeness, quality violations, repeated incidents, root causes, operational quality scores, and trends."
"QUALITYPERFORMANCE-00389","2026-02-11","2026-02","Eastern","Cluster B","Transmission Loss","Recurring","Review","Data Governance","10","9724.72","1342.01","87","94.32","Yes","Controlled","SYNTHETIC DEMO DATA — Data completeness, quality violations, repeated incidents, root causes, operational quality scores, and trends."
"QUALITYPERFORMANCE-00390","2026-02-24","2026-02","Southern","Cluster C","Configuration","External","Compliant","NOC Quality","7","8256.9","743.12","88","46.8","Yes","Controlled","SYNTHETIC DEMO DATA — Data completeness, quality violations, repeated incidents, root causes, operational quality scores, and trends."
"QUALITYPERFORMANCE-00391","2026-03-09","2026-03","Western","Cluster D","Data Completeness","Preventable","Compliant","Data Governance","4","11992.52","1223.24","89","50.76","Yes","Controlled","SYNTHETIC DEMO DATA — Data completeness, quality violations, repeated incidents, root causes, operational quality scores, and trends."
"QUALITYPERFORMANCE-00392","2026-03-22","2026-03","Northern","Cluster E","Power Stability","One-time","Violation","NOC Quality","1","10314.05","1175.8","90","54.72","Yes","At Risk","SYNTHETIC DEMO DATA — Data completeness, quality violations, repeated incidents, root causes, operational quality scores, and trends."
"QUALITYPERFORMANCE-00393","2026-04-04","2026-04","Central","Cluster A","Transmission Loss","Recurring","Review","Data Governance","10","10933.73","1377.65","91","58.68","Yes","Controlled","SYNTHETIC DEMO DATA — Data completeness, quality violations, repeated incidents, root causes, operational quality scores, and trends."
"QUALITYPERFORMANCE-00394","2026-04-17","2026-04","Eastern","Cluster B","Configuration","External","Compliant","NOC Quality","7","10531.33","1453.32","91","62.64","Yes","Controlled","SYNTHETIC DEMO DATA — Data completeness, quality violations, repeated incidents, root causes, operational quality scores, and trends."
"QUALITYPERFORMANCE-00395","2026-04-30","2026-04","Southern","Cluster C","Data Completeness","Preventable","Compliant","Data Governance","4","8803.46","792.31","92","66.6","Yes","Controlled","SYNTHETIC DEMO DATA — Data completeness, quality violations, repeated incidents, root causes, operational quality scores, and trends."
"QUALITYPERFORMANCE-00396","2026-05-13","2026-05","Western","Cluster D","Power Stability","One-time","Violation","NOC Quality","1","7560.95","771.22","84","70.56","No","At Risk","SYNTHETIC DEMO DATA — Data completeness, quality violations, repeated incidents, root causes, operational quality scores, and trends."
"QUALITYPERFORMANCE-00397","2026-05-26","2026-05","Northern","Cluster E","Transmission Loss","Recurring","Review","Data Governance","10","6612.55","753.83","85","74.52","No","At Risk","SYNTHETIC DEMO DATA — Data completeness, quality violations, repeated incidents, root causes, operational quality scores, and trends."
"QUALITYPERFORMANCE-00398","2026-06-08","2026-06","Central","Cluster A","Configuration","External","Compliant","NOC Quality","7","9723.21","1225.12","85","78.48","Yes","Controlled","SYNTHETIC DEMO DATA — Data completeness, quality violations, repeated incidents, root causes, operational quality scores, and trends."
"QUALITYPERFORMANCE-00399","2026-06-21","2026-06","Eastern","Cluster B","Data Completeness","Preventable","Compliant","Data Governance","4","9488.91","1309.47","86","82.44","Yes","Controlled","SYNTHETIC DEMO DATA — Data completeness, quality violations, repeated incidents, root causes, operational quality scores, and trends."
"QUALITYPERFORMANCE-00400","2025-01-10","2025-01","Southern","Cluster C","Power Stability","One-time","Violation","NOC Quality","1","7771.96","699.48","87","86.4","Yes","At Risk","SYNTHETIC DEMO DATA — Data completeness, quality violations, repeated incidents, root causes, operational quality scores, and trends."
"QUALITYPERFORMANCE-00401","2025-01-23","2025-01","Western","Cluster D","Transmission Loss","Recurring","Review","Data Governance","10","10713.84","1092.81","88","90.36","Yes","Controlled","SYNTHETIC DEMO DATA — Data completeness, quality violations, repeated incidents, root causes, operational quality scores, and trends."
"QUALITYPERFORMANCE-00402","2025-02-05","2025-02","Northern","Cluster E","Configuration","External","Compliant","NOC Quality","7","9669.66","1102.34","89","94.32","Yes","Controlled","SYNTHETIC DEMO DATA — Data completeness, quality violations, repeated incidents, root causes, operational quality scores, and trends."
"QUALITYPERFORMANCE-00403","2025-02-18","2025-02","Central","Cluster A","Data Completeness","Preventable","Compliant","Data Governance","4","13195.47","1662.63","90","46.8","Yes","Controlled","SYNTHETIC DEMO DATA — Data completeness, quality violations, repeated incidents, root causes, operational quality scores, and trends."
"QUALITYPERFORMANCE-00404","2025-03-03","2025-03","Eastern","Cluster B","Power Stability","One-time","Violation","NOC Quality","1","13312.25","1837.09","91","50.76","Yes","At Risk","SYNTHETIC DEMO DATA — Data completeness, quality violations, repeated incidents, root causes, operational quality scores, and trends."
"QUALITYPERFORMANCE-00405","2025-03-16","2025-03","Southern","Cluster C","Transmission Loss","Recurring","Review","Data Governance","10","6579.62","592.17","91","54.72","No","At Risk","SYNTHETIC DEMO DATA — Data completeness, quality violations, repeated incidents, root causes, operational quality scores, and trends."
"QUALITYPERFORMANCE-00406","2025-03-29","2025-03","Western","Cluster D","Configuration","External","Compliant","NOC Quality","7","9223.37","940.78","92","58.68","No","At Risk","SYNTHETIC DEMO DATA — Data completeness, quality violations, repeated incidents, root causes, operational quality scores, and trends."
"QUALITYPERFORMANCE-00407","2025-04-11","2025-04","Northern","Cluster E","Data Completeness","Preventable","Compliant","Data Governance","4","6224.98","709.65","84","62.64","Yes","Controlled","SYNTHETIC DEMO DATA — Data completeness, quality violations, repeated incidents, root causes, operational quality scores, and trends."
"QUALITYPERFORMANCE-00408","2025-04-24","2025-04","Central","Cluster A","Power Stability","One-time","Violation","NOC Quality","1","8606.84","1084.46","85","66.6","Yes","At Risk","SYNTHETIC DEMO DATA — Data completeness, quality violations, repeated incidents, root causes, operational quality scores, and trends."
"QUALITYPERFORMANCE-00409","2025-05-07","2025-05","Eastern","Cluster B","Transmission Loss","Recurring","Review","Data Governance","10","8889.94","1226.81","85","70.56","Yes","Controlled","SYNTHETIC DEMO DATA — Data completeness, quality violations, repeated incidents, root causes, operational quality scores, and trends."
"QUALITYPERFORMANCE-00410","2025-05-20","2025-05","Southern","Cluster C","Configuration","External","Compliant","NOC Quality","7","7493.22","674.39","86","74.52","Yes","Controlled","SYNTHETIC DEMO DATA — Data completeness, quality violations, repeated incidents, root causes, operational quality scores, and trends."
"QUALITYPERFORMANCE-00411","2025-06-02","2025-06","Western","Cluster D","Data Completeness","Preventable","Compliant","Data Governance","4","10903.81","1112.19","87","78.48","Yes","Controlled","SYNTHETIC DEMO DATA — Data completeness, quality violations, repeated incidents, root causes, operational quality scores, and trends."
"QUALITYPERFORMANCE-00412","2025-06-15","2025-06","Northern","Cluster E","Power Stability","One-time","Violation","NOC Quality","1","9323.4","1062.87","88","82.44","Yes","At Risk","SYNTHETIC DEMO DATA — Data completeness, quality violations, repeated incidents, root causes, operational quality scores, and trends."
"QUALITYPERFORMANCE-00413","2025-06-28","2025-06","Central","Cluster A","Transmission Loss","Recurring","Review","Data Governance","10","12691.44","1599.12","89","86.4","Yes","Controlled","SYNTHETIC DEMO DATA — Data completeness, quality violations, repeated incidents, root causes, operational quality scores, and trends."
"QUALITYPERFORMANCE-00414","2025-07-11","2025-07","Eastern","Cluster B","Configuration","External","Compliant","NOC Quality","7","7744.98","1068.81","90","90.36","No","At Risk","SYNTHETIC DEMO DATA — Data completeness, quality violations, repeated incidents, root causes, operational quality scores, and trends."
"QUALITYPERFORMANCE-00415","2025-07-24","2025-07","Southern","Cluster C","Data Completeness","Preventable","Compliant","Data Governance","4","6638.41","597.46","91","94.32","No","At Risk","SYNTHETIC DEMO DATA — Data completeness, quality violations, repeated incidents, root causes, operational quality scores, and trends."
"QUALITYPERFORMANCE-00416","2025-08-06","2025-08","Western","Cluster D","Power Stability","One-time","Violation","NOC Quality","1","9746.22","994.11","91","46.8","Yes","At Risk","SYNTHETIC DEMO DATA — Data completeness, quality violations, repeated incidents, root causes, operational quality scores, and trends."
"QUALITYPERFORMANCE-00417","2025-08-19","2025-08","Northern","Cluster E","Transmission Loss","Recurring","Review","Data Governance","10","8443.55","962.56","92","50.76","Yes","Controlled","SYNTHETIC DEMO DATA — Data completeness, quality violations, repeated incidents, root causes, operational quality scores, and trends."
"QUALITYPERFORMANCE-00418","2025-09-01","2025-09","Central","Cluster A","Configuration","External","Compliant","NOC Quality","7","12210.67","1538.54","84","54.72","Yes","Controlled","SYNTHETIC DEMO DATA — Data completeness, quality violations, repeated incidents, root causes, operational quality scores, and trends."
"QUALITYPERFORMANCE-00419","2025-09-14","2025-09","Eastern","Cluster B","Data Completeness","Preventable","Compliant","Data Governance","4","11829.77","1632.51","85","58.68","Yes","Controlled","SYNTHETIC DEMO DATA — Data completeness, quality violations, repeated incidents, root causes, operational quality scores, and trends."
"QUALITYPERFORMANCE-00420","2025-09-27","2025-09","Southern","Cluster C","Power Stability","One-time","Violation","NOC Quality","1","9940.71","894.66","85","62.64","Yes","At Risk","SYNTHETIC DEMO DATA — Data completeness, quality violations, repeated incidents, root causes, operational quality scores, and trends."
"QUALITYPERFORMANCE-00421","2025-10-10","2025-10","Western","Cluster D","Transmission Loss","Recurring","Review","Data Governance","10","10560.67","1077.19","86","66.6","Yes","Controlled","SYNTHETIC DEMO DATA — Data completeness, quality violations, repeated incidents, root causes, operational quality scores, and trends."
"QUALITYPERFORMANCE-00422","2025-10-23","2025-10","Northern","Cluster E","Configuration","External","Compliant","NOC Quality","7","9007.63","1026.87","87","70.56","Yes","Controlled","SYNTHETIC DEMO DATA — Data completeness, quality violations, repeated incidents, root causes, operational quality scores, and trends."
"QUALITYPERFORMANCE-00423","2025-11-05","2025-11","Central","Cluster A","Data Completeness","Preventable","Compliant","Data Governance","4","7702.91","970.57","88","74.52","No","At Risk","SYNTHETIC DEMO DATA — Data completeness, quality violations, repeated incidents, root causes, operational quality scores, and trends."
"QUALITYPERFORMANCE-00424","2025-11-18","2025-11","Eastern","Cluster B","Power Stability","One-time","Violation","NOC Quality","1","7588.67","1047.24","89","78.48","No","At Risk","SYNTHETIC DEMO DATA — Data completeness, quality violations, repeated incidents, root causes, operational quality scores, and trends."
"QUALITYPERFORMANCE-00425","2025-12-01","2025-12","Southern","Cluster C","Transmission Loss","Recurring","Review","Data Governance","10","6852.36","616.71","90","82.44","Yes","Controlled","SYNTHETIC DEMO DATA — Data completeness, quality violations, repeated incidents, root causes, operational quality scores, and trends."
"QUALITYPERFORMANCE-00426","2025-12-14","2025-12","Western","Cluster D","Configuration","External","Compliant","NOC Quality","7","9515.35","970.57","91","86.4","Yes","Controlled","SYNTHETIC DEMO DATA — Data completeness, quality violations, repeated incidents, root causes, operational quality scores, and trends."
"QUALITYPERFORMANCE-00427","2025-12-27","2025-12","Northern","Cluster E","Data Completeness","Preventable","Compliant","Data Governance","4","8351.93","952.12","91","90.36","Yes","Controlled","SYNTHETIC DEMO DATA — Data completeness, quality violations, repeated incidents, root causes, operational quality scores, and trends."
"QUALITYPERFORMANCE-00428","2026-01-09","2026-01","Central","Cluster A","Power Stability","One-time","Violation","NOC Quality","1","12100.52","1524.67","92","94.32","Yes","At Risk","SYNTHETIC DEMO DATA — Data completeness, quality violations, repeated incidents, root causes, operational quality scores, and trends."
"QUALITYPERFORMANCE-00429","2026-01-22","2026-01","Eastern","Cluster B","Transmission Loss","Recurring","Review","Data Governance","10","11687.24","1612.84","84","46.8","Yes","Controlled","SYNTHETIC DEMO DATA — Data completeness, quality violations, repeated incidents, root causes, operational quality scores, and trends."
"QUALITYPERFORMANCE-00430","2026-02-04","2026-02","Southern","Cluster C","Configuration","External","Compliant","NOC Quality","7","10309.46","927.85","85","50.76","Yes","Controlled","SYNTHETIC DEMO DATA — Data completeness, quality violations, repeated incidents, root causes, operational quality scores, and trends."
"QUALITYPERFORMANCE-00431","2026-02-17","2026-02","Western","Cluster D","Data Completeness","Preventable","Compliant","Data Governance","4","14094.55","1437.64","85","54.72","Yes","Controlled","SYNTHETIC DEMO DATA — Data completeness, quality violations, repeated incidents, root causes, operational quality scores, and trends."
"QUALITYPERFORMANCE-00432","2026-03-02","2026-03","Northern","Cluster E","Power Stability","One-time","Violation","NOC Quality","1","7463.43","850.83","86","58.68","No","At Risk","SYNTHETIC DEMO DATA — Data completeness, quality violations, repeated incidents, root causes, operational quality scores, and trends."
"QUALITYPERFORMANCE-00433","2026-03-15","2026-03","Central","Cluster A","Transmission Loss","Recurring","Review","Data Governance","10","10417.14","1312.56","87","62.64","No","At Risk","SYNTHETIC DEMO DATA — Data completeness, quality violations, repeated incidents, root causes, operational quality scores, and trends."
"QUALITYPERFORMANCE-00434","2026-03-28","2026-03","Eastern","Cluster B","Configuration","External","Compliant","NOC Quality","7","10382.41","1432.77","88","66.6","Yes","Controlled","SYNTHETIC DEMO DATA — Data completeness, quality violations, repeated incidents, root causes, operational quality scores, and trends."
"QUALITYPERFORMANCE-00435","2026-04-10","2026-04","Southern","Cluster C","Data Completeness","Preventable","Compliant","Data Governance","4","6716.43","604.48","89","70.56","Yes","Controlled","SYNTHETIC DEMO DATA — Data completeness, quality violations, repeated incidents, root causes, operational quality scores, and trends."
"QUALITYPERFORMANCE-00436","2026-04-23","2026-04","Western","Cluster D","Power Stability","One-time","Violation","NOC Quality","1","9290.58","947.64","90","74.52","Yes","At Risk","SYNTHETIC DEMO DATA — Data completeness, quality violations, repeated incidents, root causes, operational quality scores, and trends."
"QUALITYPERFORMANCE-00437","2026-05-06","2026-05","Northern","Cluster E","Transmission Loss","Recurring","Review","Data Governance","10","8489.66","967.82","91","78.48","Yes","Controlled","SYNTHETIC DEMO DATA — Data completeness, quality violations, repeated incidents, root causes, operational quality scores, and trends."
"QUALITYPERFORMANCE-00438","2026-05-19","2026-05","Central","Cluster A","Configuration","External","Compliant","NOC Quality","7","11617.09","1463.75","91","82.44","Yes","Controlled","SYNTHETIC DEMO DATA — Data completeness, quality violations, repeated incidents, root causes, operational quality scores, and trends."
"QUALITYPERFORMANCE-00439","2026-06-01","2026-06","Eastern","Cluster B","Data Completeness","Preventable","Compliant","Data Governance","4","11847.74","1634.99","92","86.4","Yes","Controlled","SYNTHETIC DEMO DATA — Data completeness, quality violations, repeated incidents, root causes, operational quality scores, and trends."
"QUALITYPERFORMANCE-00440","2026-06-14","2026-06","Southern","Cluster C","Power Stability","One-time","Violation","NOC Quality","1","9903.89","891.35","84","90.36","Yes","At Risk","SYNTHETIC DEMO DATA — Data completeness, quality violations, repeated incidents, root causes, operational quality scores, and trends."
"QUALITYPERFORMANCE-00441","2025-01-03","2025-01","Western","Cluster D","Transmission Loss","Recurring","Review","Data Governance","10","7752.73","790.78","85","94.32","No","At Risk","SYNTHETIC DEMO DATA — Data completeness, quality violations, repeated incidents, root causes, operational quality scores, and trends."
"QUALITYPERFORMANCE-00442","2025-01-16","2025-01","Northern","Cluster E","Configuration","External","Compliant","NOC Quality","7","6780.27","772.95","85","46.8","No","At Risk","SYNTHETIC DEMO DATA — Data completeness, quality violations, repeated incidents, root causes, operational quality scores, and trends."
"QUALITYPERFORMANCE-00443","2025-01-29","2025-01","Central","Cluster A","Data Completeness","Preventable","Compliant","Data Governance","4","9415.95","1186.41","86","50.76","Yes","Controlled","SYNTHETIC DEMO DATA — Data completeness, quality violations, repeated incidents, root causes, operational quality scores, and trends."
"QUALITYPERFORMANCE-00444","2025-02-11","2025-02","Eastern","Cluster B","Power Stability","One-time","Violation","NOC Quality","1","9672.7","1334.83","87","54.72","Yes","At Risk","SYNTHETIC DEMO DATA — Data completeness, quality violations, repeated incidents, root causes, operational quality scores, and trends."
"QUALITYPERFORMANCE-00445","2025-02-24","2025-02","Southern","Cluster C","Transmission Loss","Recurring","Review","Data Governance","10","8181.01","736.29","88","58.68","Yes","Controlled","SYNTHETIC DEMO DATA — Data completeness, quality violations, repeated incidents, root causes, operational quality scores, and trends."
"QUALITYPERFORMANCE-00446","2025-03-09","2025-03","Western","Cluster D","Configuration","External","Compliant","NOC Quality","7","11841.61","1207.84","89","62.64","Yes","Controlled","SYNTHETIC DEMO DATA — Data completeness, quality violations, repeated incidents, root causes, operational quality scores, and trends."
"QUALITYPERFORMANCE-00447","2025-03-22","2025-03","Northern","Cluster E","Data Completeness","Preventable","Compliant","Data Governance","4","10153.14","1157.46","90","66.6","Yes","Controlled","SYNTHETIC DEMO DATA — Data completeness, quality violations, repeated incidents, root causes, operational quality scores, and trends."
"QUALITYPERFORMANCE-00448","2025-04-04","2025-04","Central","Cluster A","Power Stability","One-time","Violation","NOC Quality","1","10746.39","1354.05","91","70.56","Yes","At Risk","SYNTHETIC DEMO DATA — Data completeness, quality violations, repeated incidents, root causes, operational quality scores, and trends."
"QUALITYPERFORMANCE-00449","2025-04-17","2025-04","Eastern","Cluster B","Transmission Loss","Recurring","Review","Data Governance","10","10325.24","1424.88","91","74.52","Yes","Controlled","SYNTHETIC DEMO DATA — Data completeness, quality violations, repeated incidents, root causes, operational quality scores, and trends."
"QUALITYPERFORMANCE-00450","2025-04-30","2025-04","Southern","Cluster C","Configuration","External","Compliant","NOC Quality","7","5103.28","459.3","92","78.48","No","At Risk","SYNTHETIC DEMO DATA — Data completeness, quality violations, repeated incidents, root causes, operational quality scores, and trends."
"QUALITYPERFORMANCE-00451","2025-05-13","2025-05","Western","Cluster D","Data Completeness","Preventable","Compliant","Data Governance","4","7600.93","775.29","84","82.44","No","At Risk","SYNTHETIC DEMO DATA — Data completeness, quality violations, repeated incidents, root causes, operational quality scores, and trends."
"QUALITYPERFORMANCE-00452","2025-05-26","2025-05","Northern","Cluster E","Power Stability","One-time","Violation","NOC Quality","1","6614.04","754","85","86.4","Yes","At Risk","SYNTHETIC DEMO DATA — Data completeness, quality violations, repeated incidents, root causes, operational quality scores, and trends."
"QUALITYPERFORMANCE-00453","2025-06-08","2025-06","Central","Cluster A","Transmission Loss","Recurring","Review","Data Governance","10","9682.69","1220.02","85","90.36","Yes","Controlled","SYNTHETIC DEMO DATA — Data completeness, quality violations, repeated incidents, root causes, operational quality scores, and trends."
"QUALITYPERFORMANCE-00454","2025-06-21","2025-06","Eastern","Cluster B","Configuration","External","Compliant","NOC Quality","7","9412.88","1298.98","86","94.32","Yes","Controlled","SYNTHETIC DEMO DATA — Data completeness, quality violations, repeated incidents, root causes, operational quality scores, and trends."
"QUALITYPERFORMANCE-00455","2025-07-04","2025-07","Southern","Cluster C","Data Completeness","Preventable","Compliant","Data Governance","4","8522.86","767.06","87","46.8","Yes","Controlled","SYNTHETIC DEMO DATA — Data completeness, quality violations, repeated incidents, root causes, operational quality scores, and trends."
"QUALITYPERFORMANCE-00456","2025-07-17","2025-07","Western","Cluster D","Power Stability","One-time","Violation","NOC Quality","1","11713.08","1194.73","88","50.76","Yes","At Risk","SYNTHETIC DEMO DATA — Data completeness, quality violations, repeated incidents, root causes, operational quality scores, and trends."
"QUALITYPERFORMANCE-00457","2025-07-30","2025-07","Northern","Cluster E","Transmission Loss","Recurring","Review","Data Governance","10","10015.38","1141.75","89","54.72","Yes","Controlled","SYNTHETIC DEMO DATA — Data completeness, quality violations, repeated incidents, root causes, operational quality scores, and trends."
"QUALITYPERFORMANCE-00458","2025-08-12","2025-08","Central","Cluster A","Configuration","External","Compliant","NOC Quality","7","14350.94","1808.22","90","58.68","Yes","Controlled","SYNTHETIC DEMO DATA — Data completeness, quality violations, repeated incidents, root causes, operational quality scores, and trends."
"QUALITYPERFORMANCE-00459","2025-08-25","2025-08","Eastern","Cluster B","Data Completeness","Preventable","Compliant","Data Governance","4","8152.61","1125.06","91","62.64","No","At Risk","SYNTHETIC DEMO DATA — Data completeness, quality violations, repeated incidents, root causes, operational quality scores, and trends."
"QUALITYPERFORMANCE-00460","2025-09-07","2025-09","Southern","Cluster C","Power Stability","One-time","Violation","NOC Quality","1","7337.19","660.35","91","66.6","No","At Risk","SYNTHETIC DEMO DATA — Data completeness, quality violations, repeated incidents, root causes, operational quality scores, and trends."
"QUALITYPERFORMANCE-00461","2025-09-20","2025-09","Western","Cluster D","Transmission Loss","Recurring","Review","Data Governance","10","10233.54","1043.82","92","70.56","Yes","Controlled","SYNTHETIC DEMO DATA — Data completeness, quality violations, repeated incidents, root causes, operational quality scores, and trends."
"QUALITYPERFORMANCE-00462","2025-10-03","2025-10","Northern","Cluster E","Configuration","External","Compliant","NOC Quality","7","6872.2","783.43","84","74.52","Yes","Controlled","SYNTHETIC DEMO DATA — Data completeness, quality violations, repeated incidents, root causes, operational quality scores, and trends."
"QUALITYPERFORMANCE-00463","2025-10-16","2025-10","Central","Cluster A","Data Completeness","Preventable","Compliant","Data Governance","4","9465.01","1192.59","85","78.48","Yes","Controlled","SYNTHETIC DEMO DATA — Data completeness, quality violations, repeated incidents, root causes, operational quality scores, and trends."
"QUALITYPERFORMANCE-00464","2025-10-29","2025-10","Eastern","Cluster B","Power Stability","One-time","Violation","NOC Quality","1","9169.76","1265.43","85","82.44","Yes","At Risk","SYNTHETIC DEMO DATA — Data completeness, quality violations, repeated incidents, root causes, operational quality scores, and trends."
"QUALITYPERFORMANCE-00465","2025-11-11","2025-11","Southern","Cluster C","Transmission Loss","Recurring","Review","Data Governance","10","8187.06","736.84","86","86.4","Yes","Controlled","SYNTHETIC DEMO DATA — Data completeness, quality violations, repeated incidents, root causes, operational quality scores, and trends."
"QUALITYPERFORMANCE-00466","2025-11-24","2025-11","Western","Cluster D","Configuration","External","Compliant","NOC Quality","7","11220.71","1144.51","87","90.36","Yes","Controlled","SYNTHETIC DEMO DATA — Data completeness, quality violations, repeated incidents, root causes, operational quality scores, and trends."
"QUALITYPERFORMANCE-00467","2025-12-07","2025-12","Northern","Cluster E","Data Completeness","Preventable","Compliant","Data Governance","4","10133.58","1155.23","88","94.32","Yes","Controlled","SYNTHETIC DEMO DATA — Data completeness, quality violations, repeated incidents, root causes, operational quality scores, and trends."
"QUALITYPERFORMANCE-00468","2025-12-20","2025-12","Central","Cluster A","Power Stability","One-time","Violation","NOC Quality","1","8156.02","1027.66","89","46.8","No","At Risk","SYNTHETIC DEMO DATA — Data completeness, quality violations, repeated incidents, root causes, operational quality scores, and trends."
"QUALITYPERFORMANCE-00469","2026-01-02","2026-01","Eastern","Cluster B","Transmission Loss","Recurring","Review","Data Governance","10","8626.3","1190.43","90","50.76","No","At Risk","SYNTHETIC DEMO DATA — Data completeness, quality violations, repeated incidents, root causes, operational quality scores, and trends."
"QUALITYPERFORMANCE-00470","2026-01-15","2026-01","Southern","Cluster C","Configuration","External","Compliant","NOC Quality","7","7356.57","662.09","91","54.72","Yes","Controlled","SYNTHETIC DEMO DATA — Data completeness, quality violations, repeated incidents, root causes, operational quality scores, and trends."
"QUALITYPERFORMANCE-00471","2026-01-28","2026-01","Western","Cluster D","Data Completeness","Preventable","Compliant","Data Governance","4","10215.51","1041.98","91","58.68","Yes","Controlled","SYNTHETIC DEMO DATA — Data completeness, quality violations, repeated incidents, root causes, operational quality scores, and trends."
"QUALITYPERFORMANCE-00472","2026-02-10","2026-02","Northern","Cluster E","Power Stability","One-time","Violation","NOC Quality","1","9279.93","1057.91","92","62.64","Yes","At Risk","SYNTHETIC DEMO DATA — Data completeness, quality violations, repeated incidents, root causes, operational quality scores, and trends."
"QUALITYPERFORMANCE-00473","2026-02-23","2026-02","Central","Cluster A","Transmission Loss","Recurring","Review","Data Governance","10","12737.39","1604.91","84","66.6","Yes","Controlled","SYNTHETIC DEMO DATA — Data completeness, quality violations, repeated incidents, root causes, operational quality scores, and trends."
"QUALITYPERFORMANCE-00474","2026-03-08","2026-03","Eastern","Cluster B","Configuration","External","Compliant","NOC Quality","7","12917.48","1782.61","85","70.56","Yes","Controlled","SYNTHETIC DEMO DATA — Data completeness, quality violations, repeated incidents, root causes, operational quality scores, and trends."
"QUALITYPERFORMANCE-00475","2026-03-21","2026-03","Southern","Cluster C","Data Completeness","Preventable","Compliant","Data Governance","4","10824.94","974.24","85","74.52","Yes","Controlled","SYNTHETIC DEMO DATA — Data completeness, quality violations, repeated incidents, root causes, operational quality scores, and trends."
"QUALITYPERFORMANCE-00476","2026-04-03","2026-04","Western","Cluster D","Power Stability","One-time","Violation","NOC Quality","1","11464.97","1169.43","86","78.48","Yes","At Risk","SYNTHETIC DEMO DATA — Data completeness, quality violations, repeated incidents, root causes, operational quality scores, and trends."
"QUALITYPERFORMANCE-00477","2026-04-16","2026-04","Northern","Cluster E","Transmission Loss","Recurring","Review","Data Governance","10","5781.9","659.14","87","82.44","No","At Risk","SYNTHETIC DEMO DATA — Data completeness, quality violations, repeated incidents, root causes, operational quality scores, and trends."
"QUALITYPERFORMANCE-00478","2026-04-29","2026-04","Central","Cluster A","Configuration","External","Compliant","NOC Quality","7","8070.13","1016.84","88","86.4","No","At Risk","SYNTHETIC DEMO DATA — Data completeness, quality violations, repeated incidents, root causes, operational quality scores, and trends."
"QUALITYPERFORMANCE-00479","2026-05-12","2026-05","Eastern","Cluster B","Data Completeness","Preventable","Compliant","Data Governance","4","8404.81","1159.86","89","90.36","Yes","Controlled","SYNTHETIC DEMO DATA — Data completeness, quality violations, repeated incidents, root causes, operational quality scores, and trends."
"QUALITYPERFORMANCE-00480","2026-05-25","2026-05","Southern","Cluster C","Power Stability","One-time","Violation","NOC Quality","1","7136.21","642.26","90","94.32","Yes","At Risk","SYNTHETIC DEMO DATA — Data completeness, quality violations, repeated incidents, root causes, operational quality scores, and trends."
"QUALITYPERFORMANCE-00481","2026-06-07","2026-06","Western","Cluster D","Transmission Loss","Recurring","Review","Data Governance","10","10451.9","1066.09","91","46.8","Yes","Controlled","SYNTHETIC DEMO DATA — Data completeness, quality violations, repeated incidents, root causes, operational quality scores, and trends."
"QUALITYPERFORMANCE-00482","2026-06-20","2026-06","Northern","Cluster E","Configuration","External","Compliant","NOC Quality","7","8989.05","1024.75","91","50.76","Yes","Controlled","SYNTHETIC DEMO DATA — Data completeness, quality violations, repeated incidents, root causes, operational quality scores, and trends."
"QUALITYPERFORMANCE-00483","2025-01-09","2025-01","Central","Cluster A","Data Completeness","Preventable","Compliant","Data Governance","4","11911.75","1500.88","92","54.72","Yes","Controlled","SYNTHETIC DEMO DATA — Data completeness, quality violations, repeated incidents, root causes, operational quality scores, and trends."
"QUALITYPERFORMANCE-00484","2025-01-22","2025-01","Eastern","Cluster B","Power Stability","One-time","Violation","NOC Quality","1","11473.35","1583.32","84","58.68","Yes","At Risk","SYNTHETIC DEMO DATA — Data completeness, quality violations, repeated incidents, root causes, operational quality scores, and trends."
"QUALITYPERFORMANCE-00485","2025-02-04","2025-02","Southern","Cluster C","Transmission Loss","Recurring","Review","Data Governance","10","10095.71","908.61","85","62.64","Yes","Controlled","SYNTHETIC DEMO DATA — Data completeness, quality violations, repeated incidents, root causes, operational quality scores, and trends."
"QUALITYPERFORMANCE-00486","2025-02-17","2025-02","Western","Cluster D","Configuration","External","Compliant","NOC Quality","7","8160.77","832.4","85","66.6","No","At Risk","SYNTHETIC DEMO DATA — Data completeness, quality violations, repeated incidents, root causes, operational quality scores, and trends."
"QUALITYPERFORMANCE-00487","2025-03-02","2025-03","Northern","Cluster E","Data Completeness","Preventable","Compliant","Data Governance","4","7493.99","854.31","86","70.56","No","At Risk","SYNTHETIC DEMO DATA — Data completeness, quality violations, repeated incidents, root causes, operational quality scores, and trends."
"QUALITYPERFORMANCE-00488","2025-03-15","2025-03","Central","Cluster A","Power Stability","One-time","Violation","NOC Quality","1","10407.1","1311.29","87","74.52","Yes","At Risk","SYNTHETIC DEMO DATA — Data completeness, quality violations, repeated incidents, root causes, operational quality scores, and trends."
"QUALITYPERFORMANCE-00489","2025-03-28","2025-03","Eastern","Cluster B","Transmission Loss","Recurring","Review","Data Governance","10","10156.33","1401.57","88","78.48","Yes","Controlled","SYNTHETIC DEMO DATA — Data completeness, quality violations, repeated incidents, root causes, operational quality scores, and trends."
"QUALITYPERFORMANCE-00490","2025-04-10","2025-04","Southern","Cluster C","Configuration","External","Compliant","NOC Quality","7","6662.61","599.63","89","82.44","Yes","Controlled","SYNTHETIC DEMO DATA — Data completeness, quality violations, repeated incidents, root causes, operational quality scores, and trends."
"QUALITYPERFORMANCE-00491","2025-04-23","2025-04","Western","Cluster D","Data Completeness","Preventable","Compliant","Data Governance","4","9184.58","936.83","90","86.4","Yes","Controlled","SYNTHETIC DEMO DATA — Data completeness, quality violations, repeated incidents, root causes, operational quality scores, and trends."
"QUALITYPERFORMANCE-00492","2025-05-06","2025-05","Northern","Cluster E","Power Stability","One-time","Violation","NOC Quality","1","8367.16","953.86","91","90.36","Yes","At Risk","SYNTHETIC DEMO DATA — Data completeness, quality violations, repeated incidents, root causes, operational quality scores, and trends."
"QUALITYPERFORMANCE-00493","2025-05-19","2025-05","Central","Cluster A","Transmission Loss","Recurring","Review","Data Governance","10","11418.04","1438.67","91","94.32","Yes","Controlled","SYNTHETIC DEMO DATA — Data completeness, quality violations, repeated incidents, root causes, operational quality scores, and trends."
"QUALITYPERFORMANCE-00494","2025-06-01","2025-06","Eastern","Cluster B","Configuration","External","Compliant","NOC Quality","7","11615.89","1602.99","92","46.8","Yes","Controlled","SYNTHETIC DEMO DATA — Data completeness, quality violations, repeated incidents, root causes, operational quality scores, and trends."
"QUALITYPERFORMANCE-00495","2025-06-14","2025-06","Southern","Cluster C","Data Completeness","Preventable","Compliant","Data Governance","4","5741.19","516.71","84","50.76","No","At Risk","SYNTHETIC DEMO DATA — Data completeness, quality violations, repeated incidents, root causes, operational quality scores, and trends."
"QUALITYPERFORMANCE-00496","2025-06-27","2025-06","Western","Cluster D","Power Stability","One-time","Violation","NOC Quality","1","8048.05","820.9","85","54.72","No","At Risk","SYNTHETIC DEMO DATA — Data completeness, quality violations, repeated incidents, root causes, operational quality scores, and trends."
"QUALITYPERFORMANCE-00497","2025-07-10","2025-07","Northern","Cluster E","Transmission Loss","Recurring","Review","Data Governance","10","7522.87","857.61","85","58.68","Yes","Controlled","SYNTHETIC DEMO DATA — Data completeness, quality violations, repeated incidents, root causes, operational quality scores, and trends."
"QUALITYPERFORMANCE-00498","2025-07-23","2025-07","Central","Cluster A","Configuration","External","Compliant","NOC Quality","7","10401.34","1310.57","86","62.64","Yes","Controlled","SYNTHETIC DEMO DATA — Data completeness, quality violations, repeated incidents, root causes, operational quality scores, and trends."
"QUALITYPERFORMANCE-00499","2025-08-05","2025-08","Eastern","Cluster B","Data Completeness","Preventable","Compliant","Data Governance","4","10643.68","1468.83","87","66.6","Yes","Controlled","SYNTHETIC DEMO DATA — Data completeness, quality violations, repeated incidents, root causes, operational quality scores, and trends."
"QUALITYPERFORMANCE-00500","2025-08-18","2025-08","Southern","Cluster C","Power Stability","One-time","Violation","NOC Quality","1","8971.43","807.43","88","70.56","Yes","At Risk","SYNTHETIC DEMO DATA — Data completeness, quality violations, repeated incidents, root causes, operational quality scores, and trends."
"QUALITYPERFORMANCE-00501","2025-08-31","2025-08","Western","Cluster D","Transmission Loss","Recurring","Review","Data Governance","10","12329.56","1257.62","89","74.52","Yes","Controlled","SYNTHETIC DEMO DATA — Data completeness, quality violations, repeated incidents, root causes, operational quality scores, and trends."
"QUALITYPERFORMANCE-00502","2025-09-13","2025-09","Northern","Cluster E","Configuration","External","Compliant","NOC Quality","7","11069.63","1261.94","90","78.48","Yes","Controlled","SYNTHETIC DEMO DATA — Data completeness, quality violations, repeated incidents, root causes, operational quality scores, and trends."
"QUALITYPERFORMANCE-00503","2025-09-26","2025-09","Central","Cluster A","Data Completeness","Preventable","Compliant","Data Governance","4","15068.48","1898.63","91","82.44","Yes","Controlled","SYNTHETIC DEMO DATA — Data completeness, quality violations, repeated incidents, root causes, operational quality scores, and trends."
"QUALITYPERFORMANCE-00504","2025-10-09","2025-10","Eastern","Cluster B","Power Stability","One-time","Violation","NOC Quality","1","6635.4","915.69","91","86.4","No","At Risk","SYNTHETIC DEMO DATA — Data completeness, quality violations, repeated incidents, root causes, operational quality scores, and trends."
"QUALITYPERFORMANCE-00505","2025-10-22","2025-10","Southern","Cluster C","Transmission Loss","Recurring","Review","Data Governance","10","5687.37","511.86","92","90.36","No","At Risk","SYNTHETIC DEMO DATA — Data completeness, quality violations, repeated incidents, root causes, operational quality scores, and trends."
"QUALITYPERFORMANCE-00506","2025-11-04","2025-11","Western","Cluster D","Configuration","External","Compliant","NOC Quality","7","8428.23","859.68","84","94.32","Yes","Controlled","SYNTHETIC DEMO DATA — Data completeness, quality violations, repeated incidents, root causes, operational quality scores, and trends."
"QUALITYPERFORMANCE-00507","2025-11-17","2025-11","Northern","Cluster E","Data Completeness","Preventable","Compliant","Data Governance","4","7301.71","832.39","85","46.8","Yes","Controlled","SYNTHETIC DEMO DATA — Data completeness, quality violations, repeated incidents, root causes, operational quality scores, and trends."
"QUALITYPERFORMANCE-00508","2025-11-30","2025-11","Central","Cluster A","Power Stability","One-time","Violation","NOC Quality","1","10056.57","1267.13","85","50.76","Yes","At Risk","SYNTHETIC DEMO DATA — Data completeness, quality violations, repeated incidents, root causes, operational quality scores, and trends."
"QUALITYPERFORMANCE-00509","2025-12-13","2025-12","Eastern","Cluster B","Transmission Loss","Recurring","Review","Data Governance","10","10315.98","1423.61","86","54.72","Yes","Controlled","SYNTHETIC DEMO DATA — Data completeness, quality violations, repeated incidents, root causes, operational quality scores, and trends."
"QUALITYPERFORMANCE-00510","2025-12-26","2025-12","Southern","Cluster C","Configuration","External","Compliant","NOC Quality","7","8668.65","780.18","87","58.68","Yes","Controlled","SYNTHETIC DEMO DATA — Data completeness, quality violations, repeated incidents, root causes, operational quality scores, and trends."
"QUALITYPERFORMANCE-00511","2026-01-08","2026-01","Western","Cluster D","Data Completeness","Preventable","Compliant","Data Governance","4","12754.96","1301.01","88","62.64","Yes","Controlled","SYNTHETIC DEMO DATA — Data completeness, quality violations, repeated incidents, root causes, operational quality scores, and trends."
"QUALITYPERFORMANCE-00512","2026-01-21","2026-01","Northern","Cluster E","Power Stability","One-time","Violation","NOC Quality","1","10879.23","1240.23","89","66.6","Yes","At Risk","SYNTHETIC DEMO DATA — Data completeness, quality violations, repeated incidents, root causes, operational quality scores, and trends."
"QUALITYPERFORMANCE-00513","2026-02-03","2026-02","Central","Cluster A","Transmission Loss","Recurring","Review","Data Governance","10","9217","1161.34","90","70.56","No","At Risk","SYNTHETIC DEMO DATA — Data completeness, quality violations, repeated incidents, root causes, operational quality scores, and trends."
"QUALITYPERFORMANCE-00514","2026-02-16","2026-02","Eastern","Cluster B","Configuration","External","Compliant","NOC Quality","7","9080.31","1253.08","91","74.52","No","At Risk","SYNTHETIC DEMO DATA — Data completeness, quality violations, repeated incidents, root causes, operational quality scores, and trends."
"QUALITYPERFORMANCE-00515","2026-03-01","2026-03","Southern","Cluster C","Data Completeness","Preventable","Compliant","Data Governance","4","8130.95","731.79","91","78.48","Yes","Controlled","SYNTHETIC DEMO DATA — Data completeness, quality violations, repeated incidents, root causes, operational quality scores, and trends."
"QUALITYPERFORMANCE-00516","2026-03-14","2026-03","Western","Cluster D","Power Stability","One-time","Violation","NOC Quality","1","11290.83","1151.66","92","82.44","Yes","At Risk","SYNTHETIC DEMO DATA — Data completeness, quality violations, repeated incidents, root causes, operational quality scores, and trends."
"QUALITYPERFORMANCE-00517","2026-03-27","2026-03","Northern","Cluster E","Transmission Loss","Recurring","Review","Data Governance","10","9907.53","1129.46","84","86.4","Yes","Controlled","SYNTHETIC DEMO DATA — Data completeness, quality violations, repeated incidents, root causes, operational quality scores, and trends."
"QUALITYPERFORMANCE-00518","2026-04-09","2026-04","Central","Cluster A","Configuration","External","Compliant","NOC Quality","7","10361.01","1305.49","85","90.36","Yes","Controlled","SYNTHETIC DEMO DATA — Data completeness, quality violations, repeated incidents, root causes, operational quality scores, and trends."
"QUALITYPERFORMANCE-00519","2026-04-22","2026-04","Eastern","Cluster B","Data Completeness","Preventable","Compliant","Data Governance","4","10007.14","1380.99","85","94.32","Yes","Controlled","SYNTHETIC DEMO DATA — Data completeness, quality violations, repeated incidents, root causes, operational quality scores, and trends."
"QUALITYPERFORMANCE-00520","2026-05-05","2026-05","Southern","Cluster C","Power Stability","One-time","Violation","NOC Quality","1","8910.18","801.92","86","46.8","Yes","At Risk","SYNTHETIC DEMO DATA — Data completeness, quality violations, repeated incidents, root causes, operational quality scores, and trends."
"QUALITYPERFORMANCE-00521","2026-05-18","2026-05","Western","Cluster D","Transmission Loss","Recurring","Review","Data Governance","10","12181.53","1242.52","87","50.76","Yes","Controlled","SYNTHETIC DEMO DATA — Data completeness, quality violations, repeated incidents, root causes, operational quality scores, and trends."
"QUALITYPERFORMANCE-00522","2026-05-31","2026-05","Northern","Cluster E","Configuration","External","Compliant","NOC Quality","7","6143.27","700.33","88","54.72","No","At Risk","SYNTHETIC DEMO DATA — Data completeness, quality violations, repeated incidents, root causes, operational quality scores, and trends."
"QUALITYPERFORMANCE-00523","2026-06-13","2026-06","Central","Cluster A","Data Completeness","Preventable","Compliant","Data Governance","4","9078.9","1143.94","89","58.68","No","At Risk","SYNTHETIC DEMO DATA — Data completeness, quality violations, repeated incidents, root causes, operational quality scores, and trends."
"QUALITYPERFORMANCE-00524","2025-01-02","2025-01","Eastern","Cluster B","Power Stability","One-time","Violation","NOC Quality","1","8617.99","1189.28","90","62.64","Yes","At Risk","SYNTHETIC DEMO DATA — Data completeness, quality violations, repeated incidents, root causes, operational quality scores, and trends."
"QUALITYPERFORMANCE-00525","2025-01-15","2025-01","Southern","Cluster C","Transmission Loss","Recurring","Review","Data Governance","10","7317.22","658.55","91","66.6","Yes","Controlled","SYNTHETIC DEMO DATA — Data completeness, quality violations, repeated incidents, root causes, operational quality scores, and trends."
"QUALITYPERFORMANCE-00526","2025-01-28","2025-01","Western","Cluster D","Configuration","External","Compliant","NOC Quality","7","10121.62","1032.41","91","70.56","Yes","Controlled","SYNTHETIC DEMO DATA — Data completeness, quality violations, repeated incidents, root causes, operational quality scores, and trends."
"QUALITYPERFORMANCE-00527","2025-02-10","2025-02","Northern","Cluster E","Data Completeness","Preventable","Compliant","Data Governance","4","9163.15","1044.6","92","74.52","Yes","Controlled","SYNTHETIC DEMO DATA — Data completeness, quality violations, repeated incidents, root causes, operational quality scores, and trends."
"QUALITYPERFORMANCE-00528","2025-02-23","2025-02","Central","Cluster A","Power Stability","One-time","Violation","NOC Quality","1","12538.68","1579.87","84","78.48","Yes","At Risk","SYNTHETIC DEMO DATA — Data completeness, quality violations, repeated incidents, root causes, operational quality scores, and trends."
"QUALITYPERFORMANCE-00529","2025-03-08","2025-03","Eastern","Cluster B","Transmission Loss","Recurring","Review","Data Governance","10","12681.07","1749.99","85","82.44","Yes","Controlled","SYNTHETIC DEMO DATA — Data completeness, quality violations, repeated incidents, root causes, operational quality scores, and trends."
"QUALITYPERFORMANCE-00530","2025-03-21","2025-03","Southern","Cluster C","Configuration","External","Compliant","NOC Quality","7","10600.5","954.04","85","86.4","Yes","Controlled","SYNTHETIC DEMO DATA — Data completeness, quality violations, repeated incidents, root causes, operational quality scores, and trends."
"QUALITYPERFORMANCE-00531","2025-04-03","2025-04","Western","Cluster D","Data Completeness","Preventable","Compliant","Data Governance","4","6646.13","677.91","86","90.36","No","At Risk","SYNTHETIC DEMO DATA — Data completeness, quality violations, repeated incidents, root causes, operational quality scores, and trends."
"QUALITYPERFORMANCE-00532","2025-04-16","2025-04","Northern","Cluster E","Power Stability","One-time","Violation","NOC Quality","1","5812.48","662.62","87","94.32","No","At Risk","SYNTHETIC DEMO DATA — Data completeness, quality violations, repeated incidents, root causes, operational quality scores, and trends."
"QUALITYPERFORMANCE-00533","2025-04-29","2025-04","Central","Cluster A","Transmission Loss","Recurring","Review","Data Governance","10","8071.95","1017.07","88","46.8","Yes","Controlled","SYNTHETIC DEMO DATA — Data completeness, quality violations, repeated incidents, root causes, operational quality scores, and trends."
"QUALITYPERFORMANCE-00534","2025-05-12","2025-05","Eastern","Cluster B","Configuration","External","Compliant","NOC Quality","7","8369.78","1155.03","89","50.76","Yes","Controlled","SYNTHETIC DEMO DATA — Data completeness, quality violations, repeated incidents, root causes, operational quality scores, and trends."
"QUALITYPERFORMANCE-00535","2025-05-25","2025-05","Southern","Cluster C","Data Completeness","Preventable","Compliant","Data Governance","4","7079.03","637.11","90","54.72","Yes","Controlled","SYNTHETIC DEMO DATA — Data completeness, quality violations, repeated incidents, root causes, operational quality scores, and trends."
"QUALITYPERFORMANCE-00536","2025-06-07","2025-06","Western","Cluster D","Power Stability","One-time","Violation","NOC Quality","1","10332.65","1053.93","91","58.68","Yes","At Risk","SYNTHETIC DEMO DATA — Data completeness, quality violations, repeated incidents, root causes, operational quality scores, and trends."
"QUALITYPERFORMANCE-00537","2025-06-20","2025-06","Northern","Cluster E","Transmission Loss","Recurring","Review","Data Governance","10","8859.34","1009.96","91","62.64","Yes","Controlled","SYNTHETIC DEMO DATA — Data completeness, quality violations, repeated incidents, root causes, operational quality scores, and trends."
"QUALITYPERFORMANCE-00538","2025-07-03","2025-07","Central","Cluster A","Configuration","External","Compliant","NOC Quality","7","12986.98","1636.36","92","66.6","Yes","Controlled","SYNTHETIC DEMO DATA — Data completeness, quality violations, repeated incidents, root causes, operational quality scores, and trends."
"QUALITYPERFORMANCE-00539","2025-07-16","2025-07","Eastern","Cluster B","Data Completeness","Preventable","Compliant","Data Governance","4","12478.02","1721.97","84","70.56","Yes","Controlled","SYNTHETIC DEMO DATA — Data completeness, quality violations, repeated incidents, root causes, operational quality scores, and trends."
"QUALITYPERFORMANCE-00540","2025-07-29","2025-07","Southern","Cluster C","Power Stability","One-time","Violation","NOC Quality","1","6167.3","555.06","85","74.52","No","At Risk","SYNTHETIC DEMO DATA — Data completeness, quality violations, repeated incidents, root causes, operational quality scores, and trends."
"QUALITYPERFORMANCE-00541","2025-08-11","2025-08","Western","Cluster D","Transmission Loss","Recurring","Review","Data Governance","10","9100.39","928.24","85","78.48","No","At Risk","SYNTHETIC DEMO DATA — Data completeness, quality violations, repeated incidents, root causes, operational quality scores, and trends."
"QUALITYPERFORMANCE-00542","2025-08-24","2025-08","Northern","Cluster E","Configuration","External","Compliant","NOC Quality","7","7918.81","902.74","86","82.44","Yes","Controlled","SYNTHETIC DEMO DATA — Data completeness, quality violations, repeated incidents, root causes, operational quality scores, and trends."
"QUALITYPERFORMANCE-00543","2025-09-06","2025-09","Central","Cluster A","Data Completeness","Preventable","Compliant","Data Governance","4","11496.21","1448.52","87","86.4","Yes","Controlled","SYNTHETIC DEMO DATA — Data completeness, quality violations, repeated incidents, root causes, operational quality scores, and trends."
"QUALITYPERFORMANCE-00544","2025-09-19","2025-09","Eastern","Cluster B","Power Stability","One-time","Violation","NOC Quality","1","11175.87","1542.27","88","90.36","Yes","At Risk","SYNTHETIC DEMO DATA — Data completeness, quality violations, repeated incidents, root causes, operational quality scores, and trends."
"QUALITYPERFORMANCE-00545","2025-10-02","2025-10","Southern","Cluster C","Transmission Loss","Recurring","Review","Data Governance","10","7301.85","657.17","89","94.32","Yes","Controlled","SYNTHETIC DEMO DATA — Data completeness, quality violations, repeated incidents, root causes, operational quality scores, and trends."
"QUALITYPERFORMANCE-00546","2025-10-15","2025-10","Western","Cluster D","Configuration","External","Compliant","NOC Quality","7","10035.02","1023.57","90","46.8","Yes","Controlled","SYNTHETIC DEMO DATA — Data completeness, quality violations, repeated incidents, root causes, operational quality scores, and trends."
"QUALITYPERFORMANCE-00547","2025-10-28","2025-10","Northern","Cluster E","Data Completeness","Preventable","Compliant","Data Governance","4","8580.54","978.18","91","50.76","Yes","Controlled","SYNTHETIC DEMO DATA — Data completeness, quality violations, repeated incidents, root causes, operational quality scores, and trends."
"QUALITYPERFORMANCE-00548","2025-11-10","2025-11","Central","Cluster A","Power Stability","One-time","Violation","NOC Quality","1","12410.24","1563.69","91","54.72","Yes","At Risk","SYNTHETIC DEMO DATA — Data completeness, quality violations, repeated incidents, root causes, operational quality scores, and trends."
"QUALITYPERFORMANCE-00549","2025-11-23","2025-11","Eastern","Cluster B","Transmission Loss","Recurring","Review","Data Governance","10","7050.12","972.92","92","58.68","No","At Risk","SYNTHETIC DEMO DATA — Data completeness, quality violations, repeated incidents, root causes, operational quality scores, and trends."
"QUALITYPERFORMANCE-00550","2025-12-06","2025-12","Southern","Cluster C","Configuration","External","Compliant","NOC Quality","7","6398.29","575.85","84","62.64","No","At Risk","SYNTHETIC DEMO DATA — Data completeness, quality violations, repeated incidents, root causes, operational quality scores, and trends."
"QUALITYPERFORMANCE-00551","2025-12-19","2025-12","Western","Cluster D","Data Completeness","Preventable","Compliant","Data Governance","4","8924","910.25","85","66.6","Yes","Controlled","SYNTHETIC DEMO DATA — Data completeness, quality violations, repeated incidents, root causes, operational quality scores, and trends."
"QUALITYPERFORMANCE-00552","2026-01-01","2026-01","Northern","Cluster E","Power Stability","One-time","Violation","NOC Quality","1","8300.1","946.21","85","70.56","Yes","At Risk","SYNTHETIC DEMO DATA — Data completeness, quality violations, repeated incidents, root causes, operational quality scores, and trends."
"QUALITYPERFORMANCE-00553","2026-01-14","2026-01","Central","Cluster A","Transmission Loss","Recurring","Review","Data Governance","10","11431.65","1440.39","86","74.52","Yes","Controlled","SYNTHETIC DEMO DATA — Data completeness, quality violations, repeated incidents, root causes, operational quality scores, and trends."
"QUALITYPERFORMANCE-00554","2026-01-27","2026-01","Eastern","Cluster B","Configuration","External","Compliant","NOC Quality","7","11075.05","1528.36","87","78.48","Yes","Controlled","SYNTHETIC DEMO DATA — Data completeness, quality violations, repeated incidents, root causes, operational quality scores, and trends."
"QUALITYPERFORMANCE-00555","2026-02-09","2026-02","Southern","Cluster C","Data Completeness","Preventable","Compliant","Data Governance","4","9796.32","881.67","88","82.44","Yes","Controlled","SYNTHETIC DEMO DATA — Data completeness, quality violations, repeated incidents, root causes, operational quality scores, and trends."
"QUALITYPERFORMANCE-00556","2026-02-22","2026-02","Western","Cluster D","Power Stability","One-time","Violation","NOC Quality","1","13426.28","1369.48","89","86.4","Yes","At Risk","SYNTHETIC DEMO DATA — Data completeness, quality violations, repeated incidents, root causes, operational quality scores, and trends."
"QUALITYPERFORMANCE-00557","2026-03-07","2026-03","Northern","Cluster E","Transmission Loss","Recurring","Review","Data Governance","10","12024.42","1370.78","90","90.36","Yes","Controlled","SYNTHETIC DEMO DATA — Data completeness, quality violations, repeated incidents, root causes, operational quality scores, and trends."
"QUALITYPERFORMANCE-00558","2026-03-20","2026-03","Central","Cluster A","Configuration","External","Compliant","NOC Quality","7","9677.85","1219.41","91","94.32","No","At Risk","SYNTHETIC DEMO DATA — Data completeness, quality violations, repeated incidents, root causes, operational quality scores, and trends."
"QUALITYPERFORMANCE-00559","2026-04-02","2026-04","Eastern","Cluster B","Data Completeness","Preventable","Compliant","Data Governance","4","7386.22","1019.3","91","46.8","No","At Risk","SYNTHETIC DEMO DATA — Data completeness, quality violations, repeated incidents, root causes, operational quality scores, and trends."
"QUALITYPERFORMANCE-00560","2026-04-15","2026-04","Southern","Cluster C","Power Stability","One-time","Violation","NOC Quality","1","6299.03","566.91","92","50.76","Yes","At Risk","SYNTHETIC DEMO DATA — Data completeness, quality violations, repeated incidents, root causes, operational quality scores, and trends."
"QUALITYPERFORMANCE-00561","2026-04-28","2026-04","Western","Cluster D","Transmission Loss","Recurring","Review","Data Governance","10","8746.98","892.19","84","54.72","Yes","Controlled","SYNTHETIC DEMO DATA — Data completeness, quality violations, repeated incidents, root causes, operational quality scores, and trends."
"QUALITYPERFORMANCE-00562","2026-05-11","2026-05","Northern","Cluster E","Configuration","External","Compliant","NOC Quality","7","8020.38","914.32","85","58.68","Yes","Controlled","SYNTHETIC DEMO DATA — Data completeness, quality violations, repeated incidents, root causes, operational quality scores, and trends."
"QUALITYPERFORMANCE-00563","2026-05-24","2026-05","Central","Cluster A","Data Completeness","Preventable","Compliant","Data Governance","4","11008.57","1387.08","85","62.64","Yes","Controlled","SYNTHETIC DEMO DATA — Data completeness, quality violations, repeated incidents, root causes, operational quality scores, and trends."
"QUALITYPERFORMANCE-00564","2026-06-06","2026-06","Eastern","Cluster B","Power Stability","One-time","Violation","NOC Quality","1","11258.03","1553.61","86","66.6","Yes","At Risk","SYNTHETIC DEMO DATA — Data completeness, quality violations, repeated incidents, root causes, operational quality scores, and trends."
"QUALITYPERFORMANCE-00565","2026-06-19","2026-06","Southern","Cluster C","Transmission Loss","Recurring","Review","Data Governance","10","9434.31","849.09","87","70.56","Yes","Controlled","SYNTHETIC DEMO DATA — Data completeness, quality violations, repeated incidents, root causes, operational quality scores, and trends."
"QUALITYPERFORMANCE-00566","2025-01-08","2025-01","Western","Cluster D","Configuration","External","Compliant","NOC Quality","7","12490.51","1274.03","88","74.52","Yes","Controlled","SYNTHETIC DEMO DATA — Data completeness, quality violations, repeated incidents, root causes, operational quality scores, and trends."
"QUALITYPERFORMANCE-00567","2025-01-21","2025-01","Northern","Cluster E","Data Completeness","Preventable","Compliant","Data Governance","4","6299.09","718.1","89","78.48","No","At Risk","SYNTHETIC DEMO DATA — Data completeness, quality violations, repeated incidents, root causes, operational quality scores, and trends."
"QUALITYPERFORMANCE-00568","2025-02-03","2025-02","Central","Cluster A","Power Stability","One-time","Violation","NOC Quality","1","9254.74","1166.1","90","82.44","No","At Risk","SYNTHETIC DEMO DATA — Data completeness, quality violations, repeated incidents, root causes, operational quality scores, and trends."
"QUALITYPERFORMANCE-00569","2025-02-16","2025-02","Eastern","Cluster B","Transmission Loss","Recurring","Review","Data Governance","10","9071.57","1251.88","91","86.4","Yes","Controlled","SYNTHETIC DEMO DATA — Data completeness, quality violations, repeated incidents, root causes, operational quality scores, and trends."
"QUALITYPERFORMANCE-00570","2025-03-01","2025-03","Southern","Cluster C","Configuration","External","Compliant","NOC Quality","7","8087.45","727.87","91","90.36","Yes","Controlled","SYNTHETIC DEMO DATA — Data completeness, quality violations, repeated incidents, root causes, operational quality scores, and trends."
"QUALITYPERFORMANCE-00571","2025-03-14","2025-03","Western","Cluster D","Data Completeness","Preventable","Compliant","Data Governance","4","11187.05","1141.08","92","94.32","Yes","Controlled","SYNTHETIC DEMO DATA — Data completeness, quality violations, repeated incidents, root causes, operational quality scores, and trends."
"QUALITYPERFORMANCE-00572","2025-03-27","2025-03","Northern","Cluster E","Power Stability","One-time","Violation","NOC Quality","1","9621.31","1096.83","84","46.8","Yes","At Risk","SYNTHETIC DEMO DATA — Data completeness, quality violations, repeated incidents, root causes, operational quality scores, and trends."
"QUALITYPERFORMANCE-00573","2025-04-09","2025-04","Central","Cluster A","Transmission Loss","Recurring","Review","Data Governance","10","10211.5","1286.65","85","50.76","Yes","Controlled","SYNTHETIC DEMO DATA — Data completeness, quality violations, repeated incidents, root causes, operational quality scores, and trends."
"QUALITYPERFORMANCE-00574","2025-04-22","2025-04","Eastern","Cluster B","Configuration","External","Compliant","NOC Quality","7","9835.68","1357.32","85","54.72","Yes","Controlled","SYNTHETIC DEMO DATA — Data completeness, quality violations, repeated incidents, root causes, operational quality scores, and trends."
"QUALITYPERFORMANCE-00575","2025-05-05","2025-05","Southern","Cluster C","Data Completeness","Preventable","Compliant","Data Governance","4","8735.82","786.22","86","58.68","Yes","Controlled","SYNTHETIC DEMO DATA — Data completeness, quality violations, repeated incidents, root causes, operational quality scores, and trends."
"QUALITYPERFORMANCE-00576","2025-05-18","2025-05","Western","Cluster D","Power Stability","One-time","Violation","NOC Quality","1","7061.51","720.27","87","62.64","No","At Risk","SYNTHETIC DEMO DATA — Data completeness, quality violations, repeated incidents, root causes, operational quality scores, and trends."
"QUALITYPERFORMANCE-00577","2025-05-31","2025-05","Northern","Cluster E","Transmission Loss","Recurring","Review","Data Governance","10","6175.76","704.04","88","66.6","No","At Risk","SYNTHETIC DEMO DATA — Data completeness, quality violations, repeated incidents, root causes, operational quality scores, and trends."
"QUALITYPERFORMANCE-00578","2025-06-13","2025-06","Central","Cluster A","Configuration","External","Compliant","NOC Quality","7","9080.94","1144.2","89","70.56","Yes","Controlled","SYNTHETIC DEMO DATA — Data completeness, quality violations, repeated incidents, root causes, operational quality scores, and trends."
"QUALITYPERFORMANCE-00579","2025-06-26","2025-06","Eastern","Cluster B","Data Completeness","Preventable","Compliant","Data Governance","4","8862.12","1222.97","90","74.52","Yes","Controlled","SYNTHETIC DEMO DATA — Data completeness, quality violations, repeated incidents, root causes, operational quality scores, and trends."
"QUALITYPERFORMANCE-00580","2025-07-09","2025-07","Southern","Cluster C","Power Stability","One-time","Violation","NOC Quality","1","8051.75","724.66","91","78.48","Yes","At Risk","SYNTHETIC DEMO DATA — Data completeness, quality violations, repeated incidents, root causes, operational quality scores, and trends."
"QUALITYPERFORMANCE-00581","2025-07-22","2025-07","Western","Cluster D","Transmission Loss","Recurring","Review","Data Governance","10","11099.54","1132.15","91","82.44","Yes","Controlled","SYNTHETIC DEMO DATA — Data completeness, quality violations, repeated incidents, root causes, operational quality scores, and trends."
"QUALITYPERFORMANCE-00582","2025-08-04","2025-08","Northern","Cluster E","Configuration","External","Compliant","NOC Quality","7","10017.77","1142.03","92","86.4","Yes","Controlled","SYNTHETIC DEMO DATA — Data completeness, quality violations, repeated incidents, root causes, operational quality scores, and trends."
"QUALITYPERFORMANCE-00583","2025-08-17","2025-08","Central","Cluster A","Data Completeness","Preventable","Compliant","Data Governance","4","13670.5","1722.48","84","90.36","Yes","Controlled","SYNTHETIC DEMO DATA — Data completeness, quality violations, repeated incidents, root causes, operational quality scores, and trends."
"QUALITYPERFORMANCE-00584","2025-08-30","2025-08","Eastern","Cluster B","Power Stability","One-time","Violation","NOC Quality","1","13134.76","1812.6","85","94.32","Yes","At Risk","SYNTHETIC DEMO DATA — Data completeness, quality violations, repeated incidents, root causes, operational quality scores, and trends."
"QUALITYPERFORMANCE-00585","2025-09-12","2025-09","Southern","Cluster C","Transmission Loss","Recurring","Review","Data Governance","10","6816.49","613.48","85","46.8","No","At Risk","SYNTHETIC DEMO DATA — Data completeness, quality violations, repeated incidents, root causes, operational quality scores, and trends."
"QUALITYPERFORMANCE-00586","2025-09-25","2025-09","Western","Cluster D","Configuration","External","Compliant","NOC Quality","7","9555.41","974.65","86","50.76","No","At Risk","SYNTHETIC DEMO DATA — Data completeness, quality violations, repeated incidents, root causes, operational quality scores, and trends."
"QUALITYPERFORMANCE-00587","2025-10-08","2025-10","Northern","Cluster E","Data Completeness","Preventable","Compliant","Data Governance","4","6445.11","734.74","87","54.72","Yes","Controlled","SYNTHETIC DEMO DATA — Data completeness, quality violations, repeated incidents, root causes, operational quality scores, and trends."
"QUALITYPERFORMANCE-00588","2025-10-21","2025-10","Central","Cluster A","Power Stability","One-time","Violation","NOC Quality","1","8911.2","1122.81","88","58.68","Yes","At Risk","SYNTHETIC DEMO DATA — Data completeness, quality violations, repeated incidents, root causes, operational quality scores, and trends."
"QUALITYPERFORMANCE-00589","2025-11-03","2025-11","Eastern","Cluster B","Transmission Loss","Recurring","Review","Data Governance","10","9204.32","1270.2","89","62.64","Yes","Controlled","SYNTHETIC DEMO DATA — Data completeness, quality violations, repeated incidents, root causes, operational quality scores, and trends."
"QUALITYPERFORMANCE-00590","2025-11-16","2025-11","Southern","Cluster C","Configuration","External","Compliant","NOC Quality","7","7758.21","698.24","90","66.6","Yes","Controlled","SYNTHETIC DEMO DATA — Data completeness, quality violations, repeated incidents, root causes, operational quality scores, and trends."
"QUALITYPERFORMANCE-00591","2025-11-29","2025-11","Western","Cluster D","Data Completeness","Preventable","Compliant","Data Governance","4","10662.21","1087.55","91","70.56","Yes","Controlled","SYNTHETIC DEMO DATA — Data completeness, quality violations, repeated incidents, root causes, operational quality scores, and trends."
"QUALITYPERFORMANCE-00592","2025-12-12","2025-12","Northern","Cluster E","Power Stability","One-time","Violation","NOC Quality","1","9653.11","1100.45","91","74.52","Yes","At Risk","SYNTHETIC DEMO DATA — Data completeness, quality violations, repeated incidents, root causes, operational quality scores, and trends."
"QUALITYPERFORMANCE-00593","2025-12-25","2025-12","Central","Cluster A","Transmission Loss","Recurring","Review","Data Governance","10","13140.25","1655.67","92","78.48","Yes","Controlled","SYNTHETIC DEMO DATA — Data completeness, quality violations, repeated incidents, root causes, operational quality scores, and trends."
"QUALITYPERFORMANCE-00594","2026-01-07","2026-01","Eastern","Cluster B","Configuration","External","Compliant","NOC Quality","7","8014.11","1105.95","84","82.44","No","At Risk","SYNTHETIC DEMO DATA — Data completeness, quality violations, repeated incidents, root causes, operational quality scores, and trends."
"QUALITYPERFORMANCE-00595","2026-01-20","2026-01","Southern","Cluster C","Data Completeness","Preventable","Compliant","Data Governance","4","6869.09","618.22","85","86.4","No","At Risk","SYNTHETIC DEMO DATA — Data completeness, quality violations, repeated incidents, root causes, operational quality scores, and trends."
"QUALITYPERFORMANCE-00596","2026-02-02","2026-02","Western","Cluster D","Power Stability","One-time","Violation","NOC Quality","1","10084.9","1028.66","85","90.36","Yes","At Risk","SYNTHETIC DEMO DATA — Data completeness, quality violations, repeated incidents, root causes, operational quality scores, and trends."
"QUALITYPERFORMANCE-00597","2026-02-15","2026-02","Northern","Cluster E","Transmission Loss","Recurring","Review","Data Governance","10","8736.95","996.01","86","94.32","Yes","Controlled","SYNTHETIC DEMO DATA — Data completeness, quality violations, repeated incidents, root causes, operational quality scores, and trends."
"QUALITYPERFORMANCE-00598","2026-02-28","2026-02","Central","Cluster A","Configuration","External","Compliant","NOC Quality","7","12033.31","1516.2","87","46.8","Yes","Controlled","SYNTHETIC DEMO DATA — Data completeness, quality violations, repeated incidents, root causes, operational quality scores, and trends."
"QUALITYPERFORMANCE-00599","2026-03-13","2026-03","Eastern","Cluster B","Data Completeness","Preventable","Compliant","Data Governance","4","12240.85","1689.24","88","50.76","Yes","Controlled","SYNTHETIC DEMO DATA — Data completeness, quality violations, repeated incidents, root causes, operational quality scores, and trends."
"QUALITYPERFORMANCE-00600","2026-03-26","2026-03","Southern","Cluster C","Power Stability","One-time","Violation","NOC Quality","1","10286.14","925.75","89","54.72","Yes","At Risk","SYNTHETIC DEMO DATA — Data completeness, quality violations, repeated incidents, root causes, operational quality scores, and trends."
