"raw_record_id","event_date","period","region_name","location","category","subcategory","status","owner_group","quantity","metric_value","metric_cost","score","cycle_hours","sla_met","risk_flag","notes"
"MAINTENANCEOPERATIONS-00001","2025-09-13","2025-09","Southern","Zone Tabuk","Electrical","Preventive","Scheduled","Reliability Team","10","5662.4","2276.28","79","11.28","No","At Risk","SYNTHETIC DEMO DATA — Assets, preventive and corrective maintenance, downtime, maintenance costs, and asset condition."
"MAINTENANCEOPERATIONS-00002","2025-09-26","2025-09","Western","Zone Abha","Fire Systems","Overhaul","Completed","Mobile Maintenance","7","7897.62","3269.61","79","12.16","Yes","Controlled","SYNTHETIC DEMO DATA — Assets, preventive and corrective maintenance, downtime, maintenance costs, and asset condition."
"MAINTENANCEOPERATIONS-00003","2025-10-09","2025-10","Northern","Zone Riyadh","Vertical Transport","Inspection","Completed","Reliability Team","4","5303.55","2259.31","80","13.04","Yes","Controlled","SYNTHETIC DEMO DATA — Assets, preventive and corrective maintenance, downtime, maintenance costs, and asset condition."
"MAINTENANCEOPERATIONS-00004","2025-10-22","2025-10","Central","Zone Jeddah","HVAC","Corrective","Outage","Mobile Maintenance","1","7304.52","3199.38","81","13.92","Yes","At Risk","SYNTHETIC DEMO DATA — Assets, preventive and corrective maintenance, downtime, maintenance costs, and asset condition."
"MAINTENANCEOPERATIONS-00005","2025-11-04","2025-11","Eastern","Zone Dammam","Electrical","Preventive","Scheduled","Reliability Team","10","7518.95","2932.39","82","14.8","Yes","Controlled","SYNTHETIC DEMO DATA — Assets, preventive and corrective maintenance, downtime, maintenance costs, and asset condition."
"MAINTENANCEOPERATIONS-00006","2025-11-17","2025-11","Southern","Zone Tabuk","Fire Systems","Overhaul","Completed","Mobile Maintenance","7","6318.27","2539.94","83","15.68","Yes","Controlled","SYNTHETIC DEMO DATA — Assets, preventive and corrective maintenance, downtime, maintenance costs, and asset condition."
"MAINTENANCEOPERATIONS-00007","2025-11-30","2025-11","Western","Zone Abha","Vertical Transport","Inspection","Completed","Reliability Team","4","8659.46","3585.02","84","16.56","Yes","Controlled","SYNTHETIC DEMO DATA — Assets, preventive and corrective maintenance, downtime, maintenance costs, and asset condition."
"MAINTENANCEOPERATIONS-00008","2025-12-13","2025-12","Northern","Zone Riyadh","HVAC","Corrective","Outage","Mobile Maintenance","1","7820.48","3331.52","85","17.44","Yes","At Risk","SYNTHETIC DEMO DATA — Assets, preventive and corrective maintenance, downtime, maintenance costs, and asset condition."
"MAINTENANCEOPERATIONS-00009","2025-12-26","2025-12","Central","Zone Jeddah","Electrical","Preventive","Scheduled","Reliability Team","10","6294.32","2756.91","85","18.32","No","At Risk","SYNTHETIC DEMO DATA — Assets, preventive and corrective maintenance, downtime, maintenance costs, and asset condition."
"MAINTENANCEOPERATIONS-00010","2026-01-08","2026-01","Eastern","Zone Dammam","Fire Systems","Overhaul","Completed","Mobile Maintenance","7","6657.25","2596.33","86","19.2","No","At Risk","SYNTHETIC DEMO DATA — Assets, preventive and corrective maintenance, downtime, maintenance costs, and asset condition."
"MAINTENANCEOPERATIONS-00011","2026-01-21","2026-01","Southern","Zone Tabuk","Vertical Transport","Inspection","Completed","Reliability Team","4","5677.35","2282.29","78","20.08","Yes","Controlled","SYNTHETIC DEMO DATA — Assets, preventive and corrective maintenance, downtime, maintenance costs, and asset condition."
"MAINTENANCEOPERATIONS-00012","2026-02-03","2026-02","Western","Zone Abha","HVAC","Corrective","Outage","Mobile Maintenance","1","8298.64","3435.64","79","20.96","Yes","At Risk","SYNTHETIC DEMO DATA — Assets, preventive and corrective maintenance, downtime, maintenance costs, and asset condition."
"MAINTENANCEOPERATIONS-00013","2026-02-16","2026-02","Northern","Zone Riyadh","Electrical","Preventive","Scheduled","Reliability Team","10","7161.68","3050.88","79","10.4","Yes","Controlled","SYNTHETIC DEMO DATA — Assets, preventive and corrective maintenance, downtime, maintenance costs, and asset condition."
"MAINTENANCEOPERATIONS-00014","2026-03-01","2026-03","Central","Zone Jeddah","Fire Systems","Overhaul","Completed","Mobile Maintenance","7","10321.44","4520.79","80","11.28","Yes","Controlled","SYNTHETIC DEMO DATA — Assets, preventive and corrective maintenance, downtime, maintenance costs, and asset condition."
"MAINTENANCEOPERATIONS-00015","2026-03-14","2026-03","Eastern","Zone Dammam","Vertical Transport","Inspection","Completed","Reliability Team","4","9968.92","3887.88","81","12.16","Yes","Controlled","SYNTHETIC DEMO DATA — Assets, preventive and corrective maintenance, downtime, maintenance costs, and asset condition."
"MAINTENANCEOPERATIONS-00016","2026-03-27","2026-03","Southern","Zone Tabuk","HVAC","Corrective","Outage","Mobile Maintenance","1","8494.3","3414.71","82","13.04","Yes","At Risk","SYNTHETIC DEMO DATA — Assets, preventive and corrective maintenance, downtime, maintenance costs, and asset condition."
"MAINTENANCEOPERATIONS-00017","2026-04-09","2026-04","Western","Zone Abha","Electrical","Preventive","Scheduled","Reliability Team","10","8847.97","3663.06","83","13.92","Yes","Controlled","SYNTHETIC DEMO DATA — Assets, preventive and corrective maintenance, downtime, maintenance costs, and asset condition."
"MAINTENANCEOPERATIONS-00018","2026-04-22","2026-04","Northern","Zone Riyadh","Fire Systems","Overhaul","Completed","Mobile Maintenance","7","4462.12","1900.86","84","14.8","No","At Risk","SYNTHETIC DEMO DATA — Assets, preventive and corrective maintenance, downtime, maintenance costs, and asset condition."
"MAINTENANCEOPERATIONS-00019","2026-05-05","2026-05","Central","Zone Jeddah","Vertical Transport","Inspection","Completed","Reliability Team","4","6617.29","2898.37","85","15.68","No","At Risk","SYNTHETIC DEMO DATA — Assets, preventive and corrective maintenance, downtime, maintenance costs, and asset condition."
"MAINTENANCEOPERATIONS-00020","2026-05-18","2026-05","Eastern","Zone Dammam","HVAC","Corrective","Outage","Mobile Maintenance","1","6486.32","2529.66","85","16.56","Yes","At Risk","SYNTHETIC DEMO DATA — Assets, preventive and corrective maintenance, downtime, maintenance costs, and asset condition."
"MAINTENANCEOPERATIONS-00021","2026-05-31","2026-05","Southern","Zone Tabuk","Electrical","Preventive","Scheduled","Reliability Team","10","5507.29","2213.93","86","17.44","Yes","Controlled","SYNTHETIC DEMO DATA — Assets, preventive and corrective maintenance, downtime, maintenance costs, and asset condition."
"MAINTENANCEOPERATIONS-00022","2026-06-13","2026-06","Western","Zone Abha","Fire Systems","Overhaul","Completed","Mobile Maintenance","7","8066.14","3339.38","78","18.32","Yes","Controlled","SYNTHETIC DEMO DATA — Assets, preventive and corrective maintenance, downtime, maintenance costs, and asset condition."
"MAINTENANCEOPERATIONS-00023","2025-01-02","2025-01","Northern","Zone Riyadh","Vertical Transport","Inspection","Completed","Reliability Team","4","6717.99","2861.86","79","19.2","Yes","Controlled","SYNTHETIC DEMO DATA — Assets, preventive and corrective maintenance, downtime, maintenance costs, and asset condition."
"MAINTENANCEOPERATIONS-00024","2025-01-15","2025-01","Central","Zone Jeddah","HVAC","Corrective","Outage","Mobile Maintenance","1","9192.76","4026.43","79","20.08","Yes","At Risk","SYNTHETIC DEMO DATA — Assets, preventive and corrective maintenance, downtime, maintenance costs, and asset condition."
"MAINTENANCEOPERATIONS-00025","2025-01-28","2025-01","Eastern","Zone Dammam","Electrical","Preventive","Scheduled","Reliability Team","10","8854.43","3453.23","80","20.96","Yes","Controlled","SYNTHETIC DEMO DATA — Assets, preventive and corrective maintenance, downtime, maintenance costs, and asset condition."
"MAINTENANCEOPERATIONS-00026","2025-02-10","2025-02","Southern","Zone Tabuk","Fire Systems","Overhaul","Completed","Mobile Maintenance","7","7791.26","3132.09","81","10.4","Yes","Controlled","SYNTHETIC DEMO DATA — Assets, preventive and corrective maintenance, downtime, maintenance costs, and asset condition."
"MAINTENANCEOPERATIONS-00027","2025-02-23","2025-02","Western","Zone Abha","Vertical Transport","Inspection","Completed","Reliability Team","4","6297.98","2607.36","82","11.28","No","At Risk","SYNTHETIC DEMO DATA — Assets, preventive and corrective maintenance, downtime, maintenance costs, and asset condition."
"MAINTENANCEOPERATIONS-00028","2025-03-08","2025-03","Northern","Zone Riyadh","HVAC","Corrective","Outage","Mobile Maintenance","1","5783.4","2463.73","83","12.16","No","At Risk","SYNTHETIC DEMO DATA — Assets, preventive and corrective maintenance, downtime, maintenance costs, and asset condition."
"MAINTENANCEOPERATIONS-00029","2025-03-21","2025-03","Central","Zone Jeddah","Electrical","Preventive","Scheduled","Reliability Team","10","8031.57","3517.83","84","13.04","Yes","Controlled","SYNTHETIC DEMO DATA — Assets, preventive and corrective maintenance, downtime, maintenance costs, and asset condition."
"MAINTENANCEOPERATIONS-00030","2025-04-03","2025-04","Eastern","Zone Dammam","Fire Systems","Overhaul","Completed","Mobile Maintenance","7","6079.33","2370.94","85","13.92","Yes","Controlled","SYNTHETIC DEMO DATA — Assets, preventive and corrective maintenance, downtime, maintenance costs, and asset condition."
"MAINTENANCEOPERATIONS-00031","2025-04-16","2025-04","Southern","Zone Tabuk","Vertical Transport","Inspection","Completed","Reliability Team","4","5141.8","2067","85","14.8","Yes","Controlled","SYNTHETIC DEMO DATA — Assets, preventive and corrective maintenance, downtime, maintenance costs, and asset condition."
"MAINTENANCEOPERATIONS-00032","2025-04-29","2025-04","Western","Zone Abha","HVAC","Corrective","Outage","Mobile Maintenance","1","7088.1","2934.47","86","15.68","Yes","At Risk","SYNTHETIC DEMO DATA — Assets, preventive and corrective maintenance, downtime, maintenance costs, and asset condition."
"MAINTENANCEOPERATIONS-00033","2025-05-12","2025-05","Northern","Zone Riyadh","Electrical","Preventive","Scheduled","Reliability Team","10","6457.26","2750.79","78","16.56","Yes","Controlled","SYNTHETIC DEMO DATA — Assets, preventive and corrective maintenance, downtime, maintenance costs, and asset condition."
"MAINTENANCEOPERATIONS-00034","2025-05-25","2025-05","Central","Zone Jeddah","Fire Systems","Overhaul","Completed","Mobile Maintenance","7","8811.75","3859.55","79","17.44","Yes","Controlled","SYNTHETIC DEMO DATA — Assets, preventive and corrective maintenance, downtime, maintenance costs, and asset condition."
"MAINTENANCEOPERATIONS-00035","2025-06-07","2025-06","Eastern","Zone Dammam","Vertical Transport","Inspection","Completed","Reliability Team","4","8964.44","3496.13","79","18.32","Yes","Controlled","SYNTHETIC DEMO DATA — Assets, preventive and corrective maintenance, downtime, maintenance costs, and asset condition."
"MAINTENANCEOPERATIONS-00036","2025-06-20","2025-06","Southern","Zone Tabuk","HVAC","Corrective","Outage","Mobile Maintenance","1","4430.7","1781.14","80","19.2","No","At Risk","SYNTHETIC DEMO DATA — Assets, preventive and corrective maintenance, downtime, maintenance costs, and asset condition."
"MAINTENANCEOPERATIONS-00037","2025-07-03","2025-07","Western","Zone Abha","Electrical","Preventive","Scheduled","Reliability Team","10","6671.97","2762.2","81","20.08","No","At Risk","SYNTHETIC DEMO DATA — Assets, preventive and corrective maintenance, downtime, maintenance costs, and asset condition."
"MAINTENANCEOPERATIONS-00038","2025-07-16","2025-07","Northern","Zone Riyadh","Fire Systems","Overhaul","Completed","Mobile Maintenance","7","5805.69","2473.22","82","20.96","Yes","Controlled","SYNTHETIC DEMO DATA — Assets, preventive and corrective maintenance, downtime, maintenance costs, and asset condition."
"MAINTENANCEOPERATIONS-00039","2025-07-29","2025-07","Central","Zone Jeddah","Vertical Transport","Inspection","Completed","Reliability Team","4","8027.12","3515.88","83","10.4","Yes","Controlled","SYNTHETIC DEMO DATA — Assets, preventive and corrective maintenance, downtime, maintenance costs, and asset condition."
"MAINTENANCEOPERATIONS-00040","2025-08-11","2025-08","Eastern","Zone Dammam","HVAC","Corrective","Outage","Mobile Maintenance","1","8214.15","3203.52","84","11.28","Yes","At Risk","SYNTHETIC DEMO DATA — Assets, preventive and corrective maintenance, downtime, maintenance costs, and asset condition."
"MAINTENANCEOPERATIONS-00041","2025-08-24","2025-08","Southern","Zone Tabuk","Electrical","Preventive","Scheduled","Reliability Team","10","6923.61","2783.29","85","12.16","Yes","Controlled","SYNTHETIC DEMO DATA — Assets, preventive and corrective maintenance, downtime, maintenance costs, and asset condition."
"MAINTENANCEOPERATIONS-00042","2025-09-06","2025-09","Western","Zone Abha","Fire Systems","Overhaul","Completed","Mobile Maintenance","7","9990.96","4136.26","85","13.04","Yes","Controlled","SYNTHETIC DEMO DATA — Assets, preventive and corrective maintenance, downtime, maintenance costs, and asset condition."
"MAINTENANCEOPERATIONS-00043","2025-09-19","2025-09","Northern","Zone Riyadh","Vertical Transport","Inspection","Completed","Reliability Team","4","8542.87","3639.26","86","13.92","Yes","Controlled","SYNTHETIC DEMO DATA — Assets, preventive and corrective maintenance, downtime, maintenance costs, and asset condition."
"MAINTENANCEOPERATIONS-00044","2025-10-02","2025-10","Central","Zone Jeddah","HVAC","Corrective","Outage","Mobile Maintenance","1","9014.08","3948.17","78","14.8","Yes","At Risk","SYNTHETIC DEMO DATA — Assets, preventive and corrective maintenance, downtime, maintenance costs, and asset condition."
"MAINTENANCEOPERATIONS-00045","2025-10-15","2025-10","Eastern","Zone Dammam","Electrical","Preventive","Scheduled","Reliability Team","10","5120.8","1997.11","79","15.68","No","At Risk","SYNTHETIC DEMO DATA — Assets, preventive and corrective maintenance, downtime, maintenance costs, and asset condition."
"MAINTENANCEOPERATIONS-00046","2025-10-28","2025-10","Southern","Zone Tabuk","Fire Systems","Overhaul","Completed","Mobile Maintenance","7","4389.16","1764.44","79","16.56","No","At Risk","SYNTHETIC DEMO DATA — Assets, preventive and corrective maintenance, downtime, maintenance costs, and asset condition."
"MAINTENANCEOPERATIONS-00047","2025-11-10","2025-11","Western","Zone Abha","Vertical Transport","Inspection","Completed","Reliability Team","4","6504.39","2692.82","80","17.44","Yes","Controlled","SYNTHETIC DEMO DATA — Assets, preventive and corrective maintenance, downtime, maintenance costs, and asset condition."
"MAINTENANCEOPERATIONS-00048","2025-11-23","2025-11","Northern","Zone Riyadh","HVAC","Corrective","Outage","Mobile Maintenance","1","5635.02","2400.52","81","18.32","Yes","At Risk","SYNTHETIC DEMO DATA — Assets, preventive and corrective maintenance, downtime, maintenance costs, and asset condition."
"MAINTENANCEOPERATIONS-00049","2025-12-06","2025-12","Central","Zone Jeddah","Electrical","Preventive","Scheduled","Reliability Team","10","8217.58","3599.3","82","19.2","Yes","Controlled","SYNTHETIC DEMO DATA — Assets, preventive and corrective maintenance, downtime, maintenance costs, and asset condition."
"MAINTENANCEOPERATIONS-00050","2025-12-19","2025-12","Eastern","Zone Dammam","Fire Systems","Overhaul","Completed","Mobile Maintenance","7","7961.25","3104.89","83","20.08","Yes","Controlled","SYNTHETIC DEMO DATA — Assets, preventive and corrective maintenance, downtime, maintenance costs, and asset condition."
"MAINTENANCEOPERATIONS-00051","2026-01-01","2026-01","Southern","Zone Tabuk","Vertical Transport","Inspection","Completed","Reliability Team","4","7182.19","2887.24","84","20.96","Yes","Controlled","SYNTHETIC DEMO DATA — Assets, preventive and corrective maintenance, downtime, maintenance costs, and asset condition."
"MAINTENANCEOPERATIONS-00052","2026-01-14","2026-01","Western","Zone Abha","HVAC","Corrective","Outage","Mobile Maintenance","1","9843.5","4075.21","85","10.4","Yes","At Risk","SYNTHETIC DEMO DATA — Assets, preventive and corrective maintenance, downtime, maintenance costs, and asset condition."
"MAINTENANCEOPERATIONS-00053","2026-01-27","2026-01","Northern","Zone Riyadh","Electrical","Preventive","Scheduled","Reliability Team","10","8395.93","3576.67","85","11.28","Yes","Controlled","SYNTHETIC DEMO DATA — Assets, preventive and corrective maintenance, downtime, maintenance costs, and asset condition."
"MAINTENANCEOPERATIONS-00054","2026-02-09","2026-02","Central","Zone Jeddah","Fire Systems","Overhaul","Completed","Mobile Maintenance","7","7113.12","3115.55","86","12.16","No","At Risk","SYNTHETIC DEMO DATA — Assets, preventive and corrective maintenance, downtime, maintenance costs, and asset condition."
"MAINTENANCEOPERATIONS-00055","2026-02-22","2026-02","Eastern","Zone Dammam","Vertical Transport","Inspection","Completed","Reliability Team","4","7007.63","2732.98","78","13.04","No","At Risk","SYNTHETIC DEMO DATA — Assets, preventive and corrective maintenance, downtime, maintenance costs, and asset condition."
"MAINTENANCEOPERATIONS-00056","2026-03-07","2026-03","Southern","Zone Tabuk","HVAC","Corrective","Outage","Mobile Maintenance","1","6274.97","2522.54","79","13.92","Yes","At Risk","SYNTHETIC DEMO DATA — Assets, preventive and corrective maintenance, downtime, maintenance costs, and asset condition."
"MAINTENANCEOPERATIONS-00057","2026-03-20","2026-03","Western","Zone Abha","Electrical","Preventive","Scheduled","Reliability Team","10","8713.58","3607.42","79","14.8","Yes","Controlled","SYNTHETIC DEMO DATA — Assets, preventive and corrective maintenance, downtime, maintenance costs, and asset condition."
"MAINTENANCEOPERATIONS-00058","2026-04-02","2026-04","Northern","Zone Riyadh","Fire Systems","Overhaul","Completed","Mobile Maintenance","7","5825.55","2481.68","80","15.68","Yes","Controlled","SYNTHETIC DEMO DATA — Assets, preventive and corrective maintenance, downtime, maintenance costs, and asset condition."
"MAINTENANCEOPERATIONS-00059","2026-04-15","2026-04","Central","Zone Jeddah","Vertical Transport","Inspection","Completed","Reliability Team","4","7996","3502.25","81","16.56","Yes","Controlled","SYNTHETIC DEMO DATA — Assets, preventive and corrective maintenance, downtime, maintenance costs, and asset condition."
"MAINTENANCEOPERATIONS-00060","2026-04-28","2026-04","Eastern","Zone Dammam","HVAC","Corrective","Outage","Mobile Maintenance","1","7722.9","3011.93","82","17.44","Yes","At Risk","SYNTHETIC DEMO DATA — Assets, preventive and corrective maintenance, downtime, maintenance costs, and asset condition."
"MAINTENANCEOPERATIONS-00061","2026-05-11","2026-05","Southern","Zone Tabuk","Electrical","Preventive","Scheduled","Reliability Team","10","6876.34","2764.29","83","18.32","Yes","Controlled","SYNTHETIC DEMO DATA — Assets, preventive and corrective maintenance, downtime, maintenance costs, and asset condition."
"MAINTENANCEOPERATIONS-00062","2026-05-24","2026-05","Western","Zone Abha","Fire Systems","Overhaul","Completed","Mobile Maintenance","7","9400.97","3892","84","19.2","Yes","Controlled","SYNTHETIC DEMO DATA — Assets, preventive and corrective maintenance, downtime, maintenance costs, and asset condition."
"MAINTENANCEOPERATIONS-00063","2026-06-06","2026-06","Northern","Zone Riyadh","Vertical Transport","Inspection","Completed","Reliability Team","4","5019.89","2138.47","85","20.08","No","At Risk","SYNTHETIC DEMO DATA — Assets, preventive and corrective maintenance, downtime, maintenance costs, and asset condition."
"MAINTENANCEOPERATIONS-00064","2026-06-19","2026-06","Central","Zone Jeddah","HVAC","Corrective","Outage","Mobile Maintenance","1","7006.54","3068.86","85","20.96","No","At Risk","SYNTHETIC DEMO DATA — Assets, preventive and corrective maintenance, downtime, maintenance costs, and asset condition."
"MAINTENANCEOPERATIONS-00065","2025-01-08","2025-01","Eastern","Zone Dammam","Electrical","Preventive","Scheduled","Reliability Team","10","6650.84","2593.83","86","10.4","Yes","Controlled","SYNTHETIC DEMO DATA — Assets, preventive and corrective maintenance, downtime, maintenance costs, and asset condition."
"MAINTENANCEOPERATIONS-00066","2025-01-21","2025-01","Southern","Zone Tabuk","Fire Systems","Overhaul","Completed","Mobile Maintenance","7","5646.98","2270.09","78","11.28","Yes","Controlled","SYNTHETIC DEMO DATA — Assets, preventive and corrective maintenance, downtime, maintenance costs, and asset condition."
"MAINTENANCEOPERATIONS-00067","2025-02-03","2025-02","Western","Zone Abha","Vertical Transport","Inspection","Completed","Reliability Team","4","8222.37","3404.06","79","12.16","Yes","Controlled","SYNTHETIC DEMO DATA — Assets, preventive and corrective maintenance, downtime, maintenance costs, and asset condition."
"MAINTENANCEOPERATIONS-00068","2025-02-16","2025-02","Northern","Zone Riyadh","HVAC","Corrective","Outage","Mobile Maintenance","1","7071.56","3012.48","79","13.04","Yes","At Risk","SYNTHETIC DEMO DATA — Assets, preventive and corrective maintenance, downtime, maintenance costs, and asset condition."
"MAINTENANCEOPERATIONS-00069","2025-03-01","2025-03","Central","Zone Jeddah","Electrical","Preventive","Scheduled","Reliability Team","10","10160.42","4450.26","80","13.92","Yes","Controlled","SYNTHETIC DEMO DATA — Assets, preventive and corrective maintenance, downtime, maintenance costs, and asset condition."
"MAINTENANCEOPERATIONS-00070","2025-03-14","2025-03","Eastern","Zone Dammam","Fire Systems","Overhaul","Completed","Mobile Maintenance","7","9786.48","3816.73","81","14.8","Yes","Controlled","SYNTHETIC DEMO DATA — Assets, preventive and corrective maintenance, downtime, maintenance costs, and asset condition."
"MAINTENANCEOPERATIONS-00071","2025-03-27","2025-03","Southern","Zone Tabuk","Vertical Transport","Inspection","Completed","Reliability Team","4","8180.82","3288.69","82","15.68","Yes","Controlled","SYNTHETIC DEMO DATA — Assets, preventive and corrective maintenance, downtime, maintenance costs, and asset condition."
"MAINTENANCEOPERATIONS-00072","2025-04-09","2025-04","Western","Zone Abha","HVAC","Corrective","Outage","Mobile Maintenance","1","5129.08","2123.44","83","16.56","No","At Risk","SYNTHETIC DEMO DATA — Assets, preventive and corrective maintenance, downtime, maintenance costs, and asset condition."
"MAINTENANCEOPERATIONS-00073","2025-04-22","2025-04","Northern","Zone Riyadh","Electrical","Preventive","Scheduled","Reliability Team","10","4485.72","1910.92","84","17.44","No","At Risk","SYNTHETIC DEMO DATA — Assets, preventive and corrective maintenance, downtime, maintenance costs, and asset condition."
"MAINTENANCEOPERATIONS-00074","2025-05-05","2025-05","Central","Zone Jeddah","Fire Systems","Overhaul","Completed","Mobile Maintenance","7","6618.78","2899.03","85","18.32","Yes","Controlled","SYNTHETIC DEMO DATA — Assets, preventive and corrective maintenance, downtime, maintenance costs, and asset condition."
"MAINTENANCEOPERATIONS-00075","2025-05-18","2025-05","Eastern","Zone Dammam","Vertical Transport","Inspection","Completed","Reliability Team","4","6459.29","2519.12","85","19.2","Yes","Controlled","SYNTHETIC DEMO DATA — Assets, preventive and corrective maintenance, downtime, maintenance costs, and asset condition."
"MAINTENANCEOPERATIONS-00076","2025-05-31","2025-05","Southern","Zone Tabuk","HVAC","Corrective","Outage","Mobile Maintenance","1","5463.16","2196.19","86","20.08","Yes","At Risk","SYNTHETIC DEMO DATA — Assets, preventive and corrective maintenance, downtime, maintenance costs, and asset condition."
"MAINTENANCEOPERATIONS-00077","2025-06-13","2025-06","Western","Zone Abha","Electrical","Preventive","Scheduled","Reliability Team","10","7974.11","3301.28","78","20.96","Yes","Controlled","SYNTHETIC DEMO DATA — Assets, preventive and corrective maintenance, downtime, maintenance costs, and asset condition."
"MAINTENANCEOPERATIONS-00078","2025-06-26","2025-06","Northern","Zone Riyadh","Fire Systems","Overhaul","Completed","Mobile Maintenance","7","6837.1","2912.6","79","10.4","Yes","Controlled","SYNTHETIC DEMO DATA — Assets, preventive and corrective maintenance, downtime, maintenance costs, and asset condition."
"MAINTENANCEOPERATIONS-00079","2025-07-09","2025-07","Central","Zone Jeddah","Vertical Transport","Inspection","Completed","Reliability Team","4","10022.56","4389.88","79","11.28","Yes","Controlled","SYNTHETIC DEMO DATA — Assets, preventive and corrective maintenance, downtime, maintenance costs, and asset condition."
"MAINTENANCEOPERATIONS-00080","2025-07-22","2025-07","Eastern","Zone Dammam","HVAC","Corrective","Outage","Mobile Maintenance","1","9629.77","3755.61","80","12.16","Yes","At Risk","SYNTHETIC DEMO DATA — Assets, preventive and corrective maintenance, downtime, maintenance costs, and asset condition."
"MAINTENANCEOPERATIONS-00081","2025-08-04","2025-08","Southern","Zone Tabuk","Electrical","Preventive","Scheduled","Reliability Team","10","5010.05","2014.04","81","13.04","No","At Risk","SYNTHETIC DEMO DATA — Assets, preventive and corrective maintenance, downtime, maintenance costs, and asset condition."
"MAINTENANCEOPERATIONS-00082","2025-08-17","2025-08","Western","Zone Abha","Fire Systems","Overhaul","Completed","Mobile Maintenance","7","7023.13","2907.58","82","13.92","No","At Risk","SYNTHETIC DEMO DATA — Assets, preventive and corrective maintenance, downtime, maintenance costs, and asset condition."
"MAINTENANCEOPERATIONS-00083","2025-08-30","2025-08","Northern","Zone Riyadh","Vertical Transport","Inspection","Completed","Reliability Team","4","6111.25","2603.39","83","14.8","Yes","Controlled","SYNTHETIC DEMO DATA — Assets, preventive and corrective maintenance, downtime, maintenance costs, and asset condition."
"MAINTENANCEOPERATIONS-00084","2025-09-12","2025-09","Central","Zone Jeddah","HVAC","Corrective","Outage","Mobile Maintenance","1","8872.08","3885.97","84","15.68","Yes","At Risk","SYNTHETIC DEMO DATA — Assets, preventive and corrective maintenance, downtime, maintenance costs, and asset condition."
"MAINTENANCEOPERATIONS-00085","2025-09-25","2025-09","Eastern","Zone Dammam","Electrical","Preventive","Scheduled","Reliability Team","10","8624.85","3363.69","85","16.56","Yes","Controlled","SYNTHETIC DEMO DATA — Assets, preventive and corrective maintenance, downtime, maintenance costs, and asset condition."
"MAINTENANCEOPERATIONS-00086","2025-10-08","2025-10","Southern","Zone Tabuk","Fire Systems","Overhaul","Completed","Mobile Maintenance","7","5635.12","2265.32","85","17.44","Yes","Controlled","SYNTHETIC DEMO DATA — Assets, preventive and corrective maintenance, downtime, maintenance costs, and asset condition."
"MAINTENANCEOPERATIONS-00087","2025-10-21","2025-10","Western","Zone Abha","Vertical Transport","Inspection","Completed","Reliability Team","4","7744.42","3206.19","86","18.32","Yes","Controlled","SYNTHETIC DEMO DATA — Assets, preventive and corrective maintenance, downtime, maintenance costs, and asset condition."
"MAINTENANCEOPERATIONS-00088","2025-11-03","2025-11","Northern","Zone Riyadh","HVAC","Corrective","Outage","Mobile Maintenance","1","7035.81","2997.26","78","19.2","Yes","At Risk","SYNTHETIC DEMO DATA — Assets, preventive and corrective maintenance, downtime, maintenance costs, and asset condition."
"MAINTENANCEOPERATIONS-00089","2025-11-16","2025-11","Central","Zone Jeddah","Electrical","Preventive","Scheduled","Reliability Team","10","9577.46","4194.93","79","20.08","Yes","Controlled","SYNTHETIC DEMO DATA — Assets, preventive and corrective maintenance, downtime, maintenance costs, and asset condition."
"MAINTENANCEOPERATIONS-00090","2025-11-29","2025-11","Eastern","Zone Dammam","Fire Systems","Overhaul","Completed","Mobile Maintenance","7","5440.85","2121.93","79","20.96","No","At Risk","SYNTHETIC DEMO DATA — Assets, preventive and corrective maintenance, downtime, maintenance costs, and asset condition."
"MAINTENANCEOPERATIONS-00091","2025-12-12","2025-12","Southern","Zone Tabuk","Vertical Transport","Inspection","Completed","Reliability Team","4","4937.81","1985","80","10.4","No","At Risk","SYNTHETIC DEMO DATA — Assets, preventive and corrective maintenance, downtime, maintenance costs, and asset condition."
"MAINTENANCEOPERATIONS-00092","2025-12-25","2025-12","Western","Zone Abha","HVAC","Corrective","Outage","Mobile Maintenance","1","6887","2851.22","81","11.28","Yes","At Risk","SYNTHETIC DEMO DATA — Assets, preventive and corrective maintenance, downtime, maintenance costs, and asset condition."
"MAINTENANCEOPERATIONS-00093","2026-01-07","2026-01","Northern","Zone Riyadh","Electrical","Preventive","Scheduled","Reliability Team","10","6405.52","2728.75","82","12.16","Yes","Controlled","SYNTHETIC DEMO DATA — Assets, preventive and corrective maintenance, downtime, maintenance costs, and asset condition."
"MAINTENANCEOPERATIONS-00094","2026-01-20","2026-01","Central","Zone Jeddah","Fire Systems","Overhaul","Completed","Mobile Maintenance","7","8822.25","3864.15","83","13.04","Yes","Controlled","SYNTHETIC DEMO DATA — Assets, preventive and corrective maintenance, downtime, maintenance costs, and asset condition."
"MAINTENANCEOPERATIONS-00095","2026-02-02","2026-02","Eastern","Zone Dammam","Vertical Transport","Inspection","Completed","Reliability Team","4","8996.9","3508.79","84","13.92","Yes","Controlled","SYNTHETIC DEMO DATA — Assets, preventive and corrective maintenance, downtime, maintenance costs, and asset condition."
"MAINTENANCEOPERATIONS-00096","2026-02-15","2026-02","Southern","Zone Tabuk","HVAC","Corrective","Outage","Mobile Maintenance","1","7560.2","3039.2","85","14.8","Yes","At Risk","SYNTHETIC DEMO DATA — Assets, preventive and corrective maintenance, downtime, maintenance costs, and asset condition."
"MAINTENANCEOPERATIONS-00097","2026-02-28","2026-02","Western","Zone Abha","Electrical","Preventive","Scheduled","Reliability Team","10","10361.58","4289.69","85","15.68","Yes","Controlled","SYNTHETIC DEMO DATA — Assets, preventive and corrective maintenance, downtime, maintenance costs, and asset condition."
"MAINTENANCEOPERATIONS-00098","2026-03-13","2026-03","Northern","Zone Riyadh","Fire Systems","Overhaul","Completed","Mobile Maintenance","7","9279.71","3953.16","86","16.56","Yes","Controlled","SYNTHETIC DEMO DATA — Assets, preventive and corrective maintenance, downtime, maintenance costs, and asset condition."
"MAINTENANCEOPERATIONS-00099","2026-03-26","2026-03","Central","Zone Jeddah","Vertical Transport","Inspection","Completed","Reliability Team","4","7468.78","3271.33","78","17.44","No","At Risk","SYNTHETIC DEMO DATA — Assets, preventive and corrective maintenance, downtime, maintenance costs, and asset condition."
"MAINTENANCEOPERATIONS-00100","2026-04-08","2026-04","Eastern","Zone Dammam","HVAC","Corrective","Outage","Mobile Maintenance","1","5700.24","2223.09","79","18.32","No","At Risk","SYNTHETIC DEMO DATA — Assets, preventive and corrective maintenance, downtime, maintenance costs, and asset condition."
"MAINTENANCEOPERATIONS-00101","2026-04-21","2026-04","Southern","Zone Tabuk","Electrical","Preventive","Scheduled","Reliability Team","10","4861.21","1954.21","79","19.2","Yes","Controlled","SYNTHETIC DEMO DATA — Assets, preventive and corrective maintenance, downtime, maintenance costs, and asset condition."
"MAINTENANCEOPERATIONS-00102","2026-05-04","2026-05","Western","Zone Abha","Fire Systems","Overhaul","Completed","Mobile Maintenance","7","7172.29","2969.33","80","20.08","Yes","Controlled","SYNTHETIC DEMO DATA — Assets, preventive and corrective maintenance, downtime, maintenance costs, and asset condition."
"MAINTENANCEOPERATIONS-00103","2026-05-17","2026-05","Northern","Zone Riyadh","Vertical Transport","Inspection","Completed","Reliability Team","4","6189.64","2636.79","81","20.96","Yes","Controlled","SYNTHETIC DEMO DATA — Assets, preventive and corrective maintenance, downtime, maintenance costs, and asset condition."
"MAINTENANCEOPERATIONS-00104","2026-05-30","2026-05","Central","Zone Jeddah","HVAC","Corrective","Outage","Mobile Maintenance","1","8495.75","3721.14","82","10.4","Yes","At Risk","SYNTHETIC DEMO DATA — Assets, preventive and corrective maintenance, downtime, maintenance costs, and asset condition."
"MAINTENANCEOPERATIONS-00105","2026-06-12","2026-06","Eastern","Zone Dammam","Electrical","Preventive","Scheduled","Reliability Team","10","8688.27","3388.43","83","11.28","Yes","Controlled","SYNTHETIC DEMO DATA — Assets, preventive and corrective maintenance, downtime, maintenance costs, and asset condition."
"MAINTENANCEOPERATIONS-00106","2025-01-01","2025-01","Southern","Zone Tabuk","Fire Systems","Overhaul","Completed","Mobile Maintenance","7","7050.75","2834.4","84","12.16","Yes","Controlled","SYNTHETIC DEMO DATA — Assets, preventive and corrective maintenance, downtime, maintenance costs, and asset condition."
"MAINTENANCEOPERATIONS-00107","2025-01-14","2025-01","Western","Zone Abha","Vertical Transport","Inspection","Completed","Reliability Team","4","9639.41","3990.72","85","13.04","Yes","Controlled","SYNTHETIC DEMO DATA — Assets, preventive and corrective maintenance, downtime, maintenance costs, and asset condition."
"MAINTENANCEOPERATIONS-00108","2025-01-27","2025-01","Northern","Zone Riyadh","HVAC","Corrective","Outage","Mobile Maintenance","1","4861.26","2070.9","85","13.92","No","At Risk","SYNTHETIC DEMO DATA — Assets, preventive and corrective maintenance, downtime, maintenance costs, and asset condition."
"MAINTENANCEOPERATIONS-00109","2025-02-09","2025-02","Central","Zone Jeddah","Electrical","Preventive","Scheduled","Reliability Team","10","7142.25","3128.31","86","14.8","No","At Risk","SYNTHETIC DEMO DATA — Assets, preventive and corrective maintenance, downtime, maintenance costs, and asset condition."
"MAINTENANCEOPERATIONS-00110","2025-02-22","2025-02","Eastern","Zone Dammam","Fire Systems","Overhaul","Completed","Mobile Maintenance","7","7000.88","2730.34","78","15.68","Yes","Controlled","SYNTHETIC DEMO DATA — Assets, preventive and corrective maintenance, downtime, maintenance costs, and asset condition."
"MAINTENANCEOPERATIONS-00111","2025-03-07","2025-03","Southern","Zone Tabuk","Vertical Transport","Inspection","Completed","Reliability Team","4","6241.4","2509.04","79","16.56","Yes","Controlled","SYNTHETIC DEMO DATA — Assets, preventive and corrective maintenance, downtime, maintenance costs, and asset condition."
"MAINTENANCEOPERATIONS-00112","2025-03-20","2025-03","Western","Zone Abha","HVAC","Corrective","Outage","Mobile Maintenance","1","8633.49","3574.26","79","17.44","Yes","At Risk","SYNTHETIC DEMO DATA — Assets, preventive and corrective maintenance, downtime, maintenance costs, and asset condition."
"MAINTENANCEOPERATIONS-00113","2025-04-02","2025-04","Northern","Zone Riyadh","Electrical","Preventive","Scheduled","Reliability Team","10","5759.08","2453.37","80","18.32","Yes","Controlled","SYNTHETIC DEMO DATA — Assets, preventive and corrective maintenance, downtime, maintenance costs, and asset condition."
"MAINTENANCEOPERATIONS-00114","2025-04-15","2025-04","Central","Zone Jeddah","Fire Systems","Overhaul","Completed","Mobile Maintenance","7","7880.61","3451.71","81","19.2","Yes","Controlled","SYNTHETIC DEMO DATA — Assets, preventive and corrective maintenance, downtime, maintenance costs, and asset condition."
"MAINTENANCEOPERATIONS-00115","2025-04-28","2025-04","Eastern","Zone Dammam","Vertical Transport","Inspection","Completed","Reliability Team","4","7590.58","2960.33","82","20.08","Yes","Controlled","SYNTHETIC DEMO DATA — Assets, preventive and corrective maintenance, downtime, maintenance costs, and asset condition."
"MAINTENANCEOPERATIONS-00116","2025-05-11","2025-05","Southern","Zone Tabuk","HVAC","Corrective","Outage","Mobile Maintenance","1","6741.77","2710.19","83","20.96","Yes","At Risk","SYNTHETIC DEMO DATA — Assets, preventive and corrective maintenance, downtime, maintenance costs, and asset condition."
"MAINTENANCEOPERATIONS-00117","2025-05-24","2025-05","Western","Zone Abha","Electrical","Preventive","Scheduled","Reliability Team","10","5449.65","2256.16","84","10.4","No","At Risk","SYNTHETIC DEMO DATA — Assets, preventive and corrective maintenance, downtime, maintenance costs, and asset condition."
"MAINTENANCEOPERATIONS-00118","2025-06-06","2025-06","Northern","Zone Riyadh","Fire Systems","Overhaul","Completed","Mobile Maintenance","7","5046.43","2149.78","85","11.28","No","At Risk","SYNTHETIC DEMO DATA — Assets, preventive and corrective maintenance, downtime, maintenance costs, and asset condition."
"MAINTENANCEOPERATIONS-00119","2025-06-19","2025-06","Central","Zone Jeddah","Vertical Transport","Inspection","Completed","Reliability Team","4","7008.12","3069.56","85","12.16","Yes","Controlled","SYNTHETIC DEMO DATA — Assets, preventive and corrective maintenance, downtime, maintenance costs, and asset condition."
"MAINTENANCEOPERATIONS-00120","2025-07-02","2025-07","Eastern","Zone Dammam","HVAC","Corrective","Outage","Mobile Maintenance","1","7346.85","2865.27","86","13.04","Yes","At Risk","SYNTHETIC DEMO DATA — Assets, preventive and corrective maintenance, downtime, maintenance costs, and asset condition."
"MAINTENANCEOPERATIONS-00121","2025-07-15","2025-07","Southern","Zone Tabuk","Electrical","Preventive","Scheduled","Reliability Team","10","6213.85","2497.97","78","13.92","Yes","Controlled","SYNTHETIC DEMO DATA — Assets, preventive and corrective maintenance, downtime, maintenance costs, and asset condition."
"MAINTENANCEOPERATIONS-00122","2025-07-28","2025-07","Western","Zone Abha","Fire Systems","Overhaul","Completed","Mobile Maintenance","7","8565.95","3546.3","79","14.8","Yes","Controlled","SYNTHETIC DEMO DATA — Assets, preventive and corrective maintenance, downtime, maintenance costs, and asset condition."
"MAINTENANCEOPERATIONS-00123","2025-08-10","2025-08","Northern","Zone Riyadh","Vertical Transport","Inspection","Completed","Reliability Team","4","7731.1","3293.45","79","15.68","Yes","Controlled","SYNTHETIC DEMO DATA — Assets, preventive and corrective maintenance, downtime, maintenance costs, and asset condition."
"MAINTENANCEOPERATIONS-00124","2025-08-23","2025-08","Central","Zone Jeddah","HVAC","Corrective","Outage","Mobile Maintenance","1","10550.06","4620.93","80","16.56","Yes","At Risk","SYNTHETIC DEMO DATA — Assets, preventive and corrective maintenance, downtime, maintenance costs, and asset condition."
"MAINTENANCEOPERATIONS-00125","2025-09-05","2025-09","Eastern","Zone Dammam","Electrical","Preventive","Scheduled","Reliability Team","10","10643.44","4150.94","81","17.44","Yes","Controlled","SYNTHETIC DEMO DATA — Assets, preventive and corrective maintenance, downtime, maintenance costs, and asset condition."
"MAINTENANCEOPERATIONS-00126","2025-09-18","2025-09","Southern","Zone Tabuk","Fire Systems","Overhaul","Completed","Mobile Maintenance","7","5260.55","2114.74","82","18.32","No","At Risk","SYNTHETIC DEMO DATA — Assets, preventive and corrective maintenance, downtime, maintenance costs, and asset condition."
"MAINTENANCEOPERATIONS-00127","2025-10-01","2025-10","Western","Zone Abha","Vertical Transport","Inspection","Completed","Reliability Team","4","5716.12","2366.47","83","19.2","No","At Risk","SYNTHETIC DEMO DATA — Assets, preventive and corrective maintenance, downtime, maintenance costs, and asset condition."
"MAINTENANCEOPERATIONS-00128","2025-10-14","2025-10","Northern","Zone Riyadh","HVAC","Corrective","Outage","Mobile Maintenance","1","4973.95","2118.9","84","20.08","Yes","At Risk","SYNTHETIC DEMO DATA — Assets, preventive and corrective maintenance, downtime, maintenance costs, and asset condition."
"MAINTENANCEOPERATIONS-00129","2025-10-27","2025-10","Central","Zone Jeddah","Electrical","Preventive","Scheduled","Reliability Team","10","6877.12","3012.18","85","20.96","Yes","Controlled","SYNTHETIC DEMO DATA — Assets, preventive and corrective maintenance, downtime, maintenance costs, and asset condition."
"MAINTENANCEOPERATIONS-00130","2025-11-09","2025-11","Eastern","Zone Dammam","Fire Systems","Overhaul","Completed","Mobile Maintenance","7","7103.33","2770.3","85","10.4","Yes","Controlled","SYNTHETIC DEMO DATA — Assets, preventive and corrective maintenance, downtime, maintenance costs, and asset condition."
"MAINTENANCEOPERATIONS-00131","2025-11-22","2025-11","Southern","Zone Tabuk","Vertical Transport","Inspection","Completed","Reliability Team","4","5987.31","2406.9","86","11.28","Yes","Controlled","SYNTHETIC DEMO DATA — Assets, preventive and corrective maintenance, downtime, maintenance costs, and asset condition."
"MAINTENANCEOPERATIONS-00132","2025-12-05","2025-12","Western","Zone Abha","HVAC","Corrective","Outage","Mobile Maintenance","1","8712.47","3606.96","78","12.16","Yes","At Risk","SYNTHETIC DEMO DATA — Assets, preventive and corrective maintenance, downtime, maintenance costs, and asset condition."
"MAINTENANCEOPERATIONS-00133","2025-12-18","2025-12","Northern","Zone Riyadh","Electrical","Preventive","Scheduled","Reliability Team","10","7449.68","3173.56","79","13.04","Yes","Controlled","SYNTHETIC DEMO DATA — Assets, preventive and corrective maintenance, downtime, maintenance costs, and asset condition."
"MAINTENANCEOPERATIONS-00134","2025-12-31","2025-12","Central","Zone Jeddah","Fire Systems","Overhaul","Completed","Mobile Maintenance","7","10314.03","4517.55","79","13.92","Yes","Controlled","SYNTHETIC DEMO DATA — Assets, preventive and corrective maintenance, downtime, maintenance costs, and asset condition."
"MAINTENANCEOPERATIONS-00135","2026-01-13","2026-01","Eastern","Zone Dammam","Vertical Transport","Inspection","Completed","Reliability Team","4","6184.8","2412.07","80","14.8","No","At Risk","SYNTHETIC DEMO DATA — Assets, preventive and corrective maintenance, downtime, maintenance costs, and asset condition."
"MAINTENANCEOPERATIONS-00136","2026-01-26","2026-01","Southern","Zone Tabuk","HVAC","Corrective","Outage","Mobile Maintenance","1","5301.14","2131.06","81","15.68","No","At Risk","SYNTHETIC DEMO DATA — Assets, preventive and corrective maintenance, downtime, maintenance costs, and asset condition."
"MAINTENANCEOPERATIONS-00137","2026-02-08","2026-02","Western","Zone Abha","Electrical","Preventive","Scheduled","Reliability Team","10","7782.91","3222.12","82","16.56","Yes","Controlled","SYNTHETIC DEMO DATA — Assets, preventive and corrective maintenance, downtime, maintenance costs, and asset condition."
"MAINTENANCEOPERATIONS-00138","2026-02-21","2026-02","Northern","Zone Riyadh","Fire Systems","Overhaul","Completed","Mobile Maintenance","7","6742.65","2872.37","83","17.44","Yes","Controlled","SYNTHETIC DEMO DATA — Assets, preventive and corrective maintenance, downtime, maintenance costs, and asset condition."
"MAINTENANCEOPERATIONS-00139","2026-03-06","2026-03","Central","Zone Jeddah","Vertical Transport","Inspection","Completed","Reliability Team","4","9750.91","4270.9","84","18.32","Yes","Controlled","SYNTHETIC DEMO DATA — Assets, preventive and corrective maintenance, downtime, maintenance costs, and asset condition."
"MAINTENANCEOPERATIONS-00140","2026-03-19","2026-03","Eastern","Zone Dammam","HVAC","Corrective","Outage","Mobile Maintenance","1","9446.74","3684.23","85","19.2","Yes","At Risk","SYNTHETIC DEMO DATA — Assets, preventive and corrective maintenance, downtime, maintenance costs, and asset condition."
"MAINTENANCEOPERATIONS-00141","2026-04-01","2026-04","Southern","Zone Tabuk","Electrical","Preventive","Scheduled","Reliability Team","10","6149.72","2472.19","85","20.08","Yes","Controlled","SYNTHETIC DEMO DATA — Assets, preventive and corrective maintenance, downtime, maintenance costs, and asset condition."
"MAINTENANCEOPERATIONS-00142","2026-04-14","2026-04","Western","Zone Abha","Fire Systems","Overhaul","Completed","Mobile Maintenance","7","8428.45","3489.38","86","20.96","Yes","Controlled","SYNTHETIC DEMO DATA — Assets, preventive and corrective maintenance, downtime, maintenance costs, and asset condition."
"MAINTENANCEOPERATIONS-00143","2026-04-27","2026-04","Northern","Zone Riyadh","Vertical Transport","Inspection","Completed","Reliability Team","4","7188.97","3062.5","78","10.4","Yes","Controlled","SYNTHETIC DEMO DATA — Assets, preventive and corrective maintenance, downtime, maintenance costs, and asset condition."
"MAINTENANCEOPERATIONS-00144","2026-05-10","2026-05","Central","Zone Jeddah","HVAC","Corrective","Outage","Mobile Maintenance","1","6147.68","2692.68","79","11.28","No","At Risk","SYNTHETIC DEMO DATA — Assets, preventive and corrective maintenance, downtime, maintenance costs, and asset condition."
"MAINTENANCEOPERATIONS-00145","2026-05-23","2026-05","Eastern","Zone Dammam","Electrical","Preventive","Scheduled","Reliability Team","10","6056.5","2362.04","79","12.16","No","At Risk","SYNTHETIC DEMO DATA — Assets, preventive and corrective maintenance, downtime, maintenance costs, and asset condition."
"MAINTENANCEOPERATIONS-00146","2026-06-05","2026-06","Southern","Zone Tabuk","Fire Systems","Overhaul","Completed","Mobile Maintenance","7","5468.86","2198.48","80","13.04","Yes","Controlled","SYNTHETIC DEMO DATA — Assets, preventive and corrective maintenance, downtime, maintenance costs, and asset condition."
"MAINTENANCEOPERATIONS-00147","2026-06-18","2026-06","Western","Zone Abha","Vertical Transport","Inspection","Completed","Reliability Team","4","7594.19","3143.99","81","13.92","Yes","Controlled","SYNTHETIC DEMO DATA — Assets, preventive and corrective maintenance, downtime, maintenance costs, and asset condition."
"MAINTENANCEOPERATIONS-00148","2025-01-07","2025-01","Northern","Zone Riyadh","HVAC","Corrective","Outage","Mobile Maintenance","1","6346.64","2703.67","82","14.8","Yes","At Risk","SYNTHETIC DEMO DATA — Assets, preventive and corrective maintenance, downtime, maintenance costs, and asset condition."
"MAINTENANCEOPERATIONS-00149","2025-01-20","2025-01","Central","Zone Jeddah","Electrical","Preventive","Scheduled","Reliability Team","10","8711.23","3815.52","83","15.68","Yes","Controlled","SYNTHETIC DEMO DATA — Assets, preventive and corrective maintenance, downtime, maintenance costs, and asset condition."
"MAINTENANCEOPERATIONS-00150","2025-02-02","2025-02","Eastern","Zone Dammam","Fire Systems","Overhaul","Completed","Mobile Maintenance","7","8856.54","3454.05","84","16.56","Yes","Controlled","SYNTHETIC DEMO DATA — Assets, preventive and corrective maintenance, downtime, maintenance costs, and asset condition."
"MAINTENANCEOPERATIONS-00151","2025-02-15","2025-02","Southern","Zone Tabuk","Vertical Transport","Inspection","Completed","Reliability Team","4","7421.84","2983.58","85","17.44","Yes","Controlled","SYNTHETIC DEMO DATA — Assets, preventive and corrective maintenance, downtime, maintenance costs, and asset condition."
"MAINTENANCEOPERATIONS-00152","2025-02-28","2025-02","Western","Zone Abha","HVAC","Corrective","Outage","Mobile Maintenance","1","10146.75","4200.75","85","18.32","Yes","At Risk","SYNTHETIC DEMO DATA — Assets, preventive and corrective maintenance, downtime, maintenance costs, and asset condition."
"MAINTENANCEOPERATIONS-00153","2025-03-13","2025-03","Northern","Zone Riyadh","Electrical","Preventive","Scheduled","Reliability Team","10","5372.97","2288.89","86","19.2","No","At Risk","SYNTHETIC DEMO DATA — Assets, preventive and corrective maintenance, downtime, maintenance costs, and asset condition."
"MAINTENANCEOPERATIONS-00154","2025-03-26","2025-03","Central","Zone Jeddah","Fire Systems","Overhaul","Completed","Mobile Maintenance","7","7499.36","3284.72","78","20.08","No","At Risk","SYNTHETIC DEMO DATA — Assets, preventive and corrective maintenance, downtime, maintenance costs, and asset condition."
"MAINTENANCEOPERATIONS-00155","2025-04-08","2025-04","Eastern","Zone Dammam","Vertical Transport","Inspection","Completed","Reliability Team","4","5701.52","2223.59","79","20.96","Yes","Controlled","SYNTHETIC DEMO DATA — Assets, preventive and corrective maintenance, downtime, maintenance costs, and asset condition."
"MAINTENANCEOPERATIONS-00156","2025-04-21","2025-04","Southern","Zone Tabuk","HVAC","Corrective","Outage","Mobile Maintenance","1","4840.95","1946.06","79","10.4","Yes","At Risk","SYNTHETIC DEMO DATA — Assets, preventive and corrective maintenance, downtime, maintenance costs, and asset condition."
"MAINTENANCEOPERATIONS-00157","2025-05-04","2025-05","Western","Zone Abha","Electrical","Preventive","Scheduled","Reliability Team","10","7114.82","2945.54","80","11.28","Yes","Controlled","SYNTHETIC DEMO DATA — Assets, preventive and corrective maintenance, downtime, maintenance costs, and asset condition."
"MAINTENANCEOPERATIONS-00158","2025-05-17","2025-05","Northern","Zone Riyadh","Fire Systems","Overhaul","Completed","Mobile Maintenance","7","6119.02","2606.7","81","12.16","Yes","Controlled","SYNTHETIC DEMO DATA — Assets, preventive and corrective maintenance, downtime, maintenance costs, and asset condition."
"MAINTENANCEOPERATIONS-00159","2025-05-30","2025-05","Central","Zone Jeddah","Vertical Transport","Inspection","Completed","Reliability Team","4","8373.15","3667.44","82","13.04","Yes","Controlled","SYNTHETIC DEMO DATA — Assets, preventive and corrective maintenance, downtime, maintenance costs, and asset condition."
"MAINTENANCEOPERATIONS-00160","2025-06-12","2025-06","Eastern","Zone Dammam","HVAC","Corrective","Outage","Mobile Maintenance","1","8539.4","3330.37","83","13.92","Yes","At Risk","SYNTHETIC DEMO DATA — Assets, preventive and corrective maintenance, downtime, maintenance costs, and asset condition."
"MAINTENANCEOPERATIONS-00161","2025-06-25","2025-06","Southern","Zone Tabuk","Electrical","Preventive","Scheduled","Reliability Team","10","7138.35","2869.62","84","14.8","Yes","Controlled","SYNTHETIC DEMO DATA — Assets, preventive and corrective maintenance, downtime, maintenance costs, and asset condition."
"MAINTENANCEOPERATIONS-00162","2025-07-08","2025-07","Western","Zone Abha","Fire Systems","Overhaul","Completed","Mobile Maintenance","7","6198.48","2566.17","85","15.68","No","At Risk","SYNTHETIC DEMO DATA — Assets, preventive and corrective maintenance, downtime, maintenance costs, and asset condition."
"MAINTENANCEOPERATIONS-00163","2025-07-21","2025-07","Northern","Zone Riyadh","Vertical Transport","Inspection","Completed","Reliability Team","4","5420.98","2309.34","85","16.56","No","At Risk","SYNTHETIC DEMO DATA — Assets, preventive and corrective maintenance, downtime, maintenance costs, and asset condition."
"MAINTENANCEOPERATIONS-00164","2025-08-03","2025-08","Central","Zone Jeddah","HVAC","Corrective","Outage","Mobile Maintenance","1","7924.48","3470.92","86","17.44","Yes","At Risk","SYNTHETIC DEMO DATA — Assets, preventive and corrective maintenance, downtime, maintenance costs, and asset condition."
"MAINTENANCEOPERATIONS-00165","2025-08-16","2025-08","Eastern","Zone Dammam","Electrical","Preventive","Scheduled","Reliability Team","10","7733.53","3016.08","78","18.32","Yes","Controlled","SYNTHETIC DEMO DATA — Assets, preventive and corrective maintenance, downtime, maintenance costs, and asset condition."
"MAINTENANCEOPERATIONS-00166","2025-08-29","2025-08","Southern","Zone Tabuk","Fire Systems","Overhaul","Completed","Mobile Maintenance","7","6540.89","2629.44","79","19.2","Yes","Controlled","SYNTHETIC DEMO DATA — Assets, preventive and corrective maintenance, downtime, maintenance costs, and asset condition."
"MAINTENANCEOPERATIONS-00167","2025-09-11","2025-09","Western","Zone Abha","Vertical Transport","Inspection","Completed","Reliability Team","4","9467.63","3919.6","79","20.08","Yes","Controlled","SYNTHETIC DEMO DATA — Assets, preventive and corrective maintenance, downtime, maintenance costs, and asset condition."
"MAINTENANCEOPERATIONS-00168","2025-09-24","2025-09","Northern","Zone Riyadh","HVAC","Corrective","Outage","Mobile Maintenance","1","8117.66","3458.12","80","20.96","Yes","At Risk","SYNTHETIC DEMO DATA — Assets, preventive and corrective maintenance, downtime, maintenance costs, and asset condition."
"MAINTENANCEOPERATIONS-00169","2025-10-07","2025-10","Central","Zone Jeddah","Electrical","Preventive","Scheduled","Reliability Team","10","8586.69","3760.97","81","10.4","Yes","Controlled","SYNTHETIC DEMO DATA — Assets, preventive and corrective maintenance, downtime, maintenance costs, and asset condition."
"MAINTENANCEOPERATIONS-00170","2025-10-20","2025-10","Eastern","Zone Dammam","Fire Systems","Overhaul","Completed","Mobile Maintenance","7","8250.18","3217.57","82","11.28","Yes","Controlled","SYNTHETIC DEMO DATA — Assets, preventive and corrective maintenance, downtime, maintenance costs, and asset condition."
"MAINTENANCEOPERATIONS-00171","2025-11-02","2025-11","Southern","Zone Tabuk","Vertical Transport","Inspection","Completed","Reliability Team","4","4332.53","1741.68","83","12.16","No","At Risk","SYNTHETIC DEMO DATA — Assets, preventive and corrective maintenance, downtime, maintenance costs, and asset condition."
"MAINTENANCEOPERATIONS-00172","2025-11-15","2025-11","Western","Zone Abha","HVAC","Corrective","Outage","Mobile Maintenance","1","6073.38","2514.38","84","13.04","No","At Risk","SYNTHETIC DEMO DATA — Assets, preventive and corrective maintenance, downtime, maintenance costs, and asset condition."
"MAINTENANCEOPERATIONS-00173","2025-11-28","2025-11","Northern","Zone Riyadh","Electrical","Preventive","Scheduled","Reliability Team","10","5284.82","2251.33","85","13.92","Yes","Controlled","SYNTHETIC DEMO DATA — Assets, preventive and corrective maintenance, downtime, maintenance costs, and asset condition."
"MAINTENANCEOPERATIONS-00174","2025-12-11","2025-12","Central","Zone Jeddah","Fire Systems","Overhaul","Completed","Mobile Maintenance","7","7736.77","3388.71","85","14.8","Yes","Controlled","SYNTHETIC DEMO DATA — Assets, preventive and corrective maintenance, downtime, maintenance costs, and asset condition."
"MAINTENANCEOPERATIONS-00175","2025-12-24","2025-12","Eastern","Zone Dammam","Vertical Transport","Inspection","Completed","Reliability Team","4","7521.18","2933.26","86","15.68","Yes","Controlled","SYNTHETIC DEMO DATA — Assets, preventive and corrective maintenance, downtime, maintenance costs, and asset condition."
"MAINTENANCEOPERATIONS-00176","2026-01-06","2026-01","Southern","Zone Tabuk","HVAC","Corrective","Outage","Mobile Maintenance","1","6805.98","2736","78","16.56","Yes","At Risk","SYNTHETIC DEMO DATA — Assets, preventive and corrective maintenance, downtime, maintenance costs, and asset condition."
"MAINTENANCEOPERATIONS-00177","2026-01-19","2026-01","Western","Zone Abha","Electrical","Preventive","Scheduled","Reliability Team","10","9353.56","3872.37","79","17.44","Yes","Controlled","SYNTHETIC DEMO DATA — Assets, preventive and corrective maintenance, downtime, maintenance costs, and asset condition."
"MAINTENANCEOPERATIONS-00178","2026-02-01","2026-02","Northern","Zone Riyadh","Fire Systems","Overhaul","Completed","Mobile Maintenance","7","8418.79","3586.4","79","18.32","Yes","Controlled","SYNTHETIC DEMO DATA — Assets, preventive and corrective maintenance, downtime, maintenance costs, and asset condition."
"MAINTENANCEOPERATIONS-00179","2026-02-14","2026-02","Central","Zone Jeddah","Vertical Transport","Inspection","Completed","Reliability Team","4","11460.03","5019.49","80","19.2","Yes","Controlled","SYNTHETIC DEMO DATA — Assets, preventive and corrective maintenance, downtime, maintenance costs, and asset condition."
"MAINTENANCEOPERATIONS-00180","2026-02-27","2026-02","Eastern","Zone Dammam","HVAC","Corrective","Outage","Mobile Maintenance","1","6510.32","2539.02","81","20.08","No","At Risk","SYNTHETIC DEMO DATA — Assets, preventive and corrective maintenance, downtime, maintenance costs, and asset condition."
"MAINTENANCEOPERATIONS-00181","2026-03-12","2026-03","Southern","Zone Tabuk","Electrical","Preventive","Scheduled","Reliability Team","10","5859.16","2355.38","82","20.96","No","At Risk","SYNTHETIC DEMO DATA — Assets, preventive and corrective maintenance, downtime, maintenance costs, and asset condition."
"MAINTENANCEOPERATIONS-00182","2026-03-25","2026-03","Western","Zone Abha","Fire Systems","Overhaul","Completed","Mobile Maintenance","7","8172.05","3383.23","83","10.4","Yes","Controlled","SYNTHETIC DEMO DATA — Assets, preventive and corrective maintenance, downtime, maintenance costs, and asset condition."
"MAINTENANCEOPERATIONS-00183","2026-04-07","2026-04","Northern","Zone Riyadh","Vertical Transport","Inspection","Completed","Reliability Team","4","5484.69","2336.48","84","11.28","Yes","Controlled","SYNTHETIC DEMO DATA — Assets, preventive and corrective maintenance, downtime, maintenance costs, and asset condition."
"MAINTENANCEOPERATIONS-00184","2026-04-20","2026-04","Central","Zone Jeddah","HVAC","Corrective","Outage","Mobile Maintenance","1","7554.01","3308.66","85","12.16","Yes","At Risk","SYNTHETIC DEMO DATA — Assets, preventive and corrective maintenance, downtime, maintenance costs, and asset condition."
"MAINTENANCEOPERATIONS-00185","2026-05-03","2026-05","Eastern","Zone Dammam","Electrical","Preventive","Scheduled","Reliability Team","10","7775.77","3032.55","85","13.04","Yes","Controlled","SYNTHETIC DEMO DATA — Assets, preventive and corrective maintenance, downtime, maintenance costs, and asset condition."
"MAINTENANCEOPERATIONS-00186","2026-05-16","2026-05","Southern","Zone Tabuk","Fire Systems","Overhaul","Completed","Mobile Maintenance","7","6534.08","2626.7","86","13.92","Yes","Controlled","SYNTHETIC DEMO DATA — Assets, preventive and corrective maintenance, downtime, maintenance costs, and asset condition."
"MAINTENANCEOPERATIONS-00187","2026-05-29","2026-05","Western","Zone Abha","Vertical Transport","Inspection","Completed","Reliability Team","4","8955.23","3707.47","78","14.8","Yes","Controlled","SYNTHETIC DEMO DATA — Assets, preventive and corrective maintenance, downtime, maintenance costs, and asset condition."
"MAINTENANCEOPERATIONS-00188","2026-06-11","2026-06","Northern","Zone Riyadh","HVAC","Corrective","Outage","Mobile Maintenance","1","8087.6","3445.32","79","15.68","Yes","At Risk","SYNTHETIC DEMO DATA — Assets, preventive and corrective maintenance, downtime, maintenance costs, and asset condition."
"MAINTENANCEOPERATIONS-00189","2026-06-24","2026-06","Central","Zone Jeddah","Electrical","Preventive","Scheduled","Reliability Team","10","6509.3","2851.07","79","16.56","No","At Risk","SYNTHETIC DEMO DATA — Assets, preventive and corrective maintenance, downtime, maintenance costs, and asset condition."
"MAINTENANCEOPERATIONS-00190","2025-01-13","2025-01","Eastern","Zone Dammam","Fire Systems","Overhaul","Completed","Mobile Maintenance","7","6210.12","2421.95","80","17.44","No","At Risk","SYNTHETIC DEMO DATA — Assets, preventive and corrective maintenance, downtime, maintenance costs, and asset condition."
"MAINTENANCEOPERATIONS-00191","2025-01-26","2025-01","Southern","Zone Tabuk","Vertical Transport","Inspection","Completed","Reliability Team","4","5296.04","2129.01","81","18.32","Yes","Controlled","SYNTHETIC DEMO DATA — Assets, preventive and corrective maintenance, downtime, maintenance costs, and asset condition."
"MAINTENANCEOPERATIONS-00192","2025-02-08","2025-02","Western","Zone Abha","HVAC","Corrective","Outage","Mobile Maintenance","1","7741.27","3204.89","82","19.2","Yes","At Risk","SYNTHETIC DEMO DATA — Assets, preventive and corrective maintenance, downtime, maintenance costs, and asset condition."
"MAINTENANCEOPERATIONS-00193","2025-02-21","2025-02","Northern","Zone Riyadh","Electrical","Preventive","Scheduled","Reliability Team","10","6680.67","2845.97","83","20.08","Yes","Controlled","SYNTHETIC DEMO DATA — Assets, preventive and corrective maintenance, downtime, maintenance costs, and asset condition."
"MAINTENANCEOPERATIONS-00194","2025-03-06","2025-03","Central","Zone Jeddah","Fire Systems","Overhaul","Completed","Mobile Maintenance","7","9628.21","4217.16","84","20.96","Yes","Controlled","SYNTHETIC DEMO DATA — Assets, preventive and corrective maintenance, downtime, maintenance costs, and asset condition."
"MAINTENANCEOPERATIONS-00195","2025-03-19","2025-03","Eastern","Zone Dammam","Vertical Transport","Inspection","Completed","Reliability Team","4","9299.37","3626.75","85","10.4","Yes","Controlled","SYNTHETIC DEMO DATA — Assets, preventive and corrective maintenance, downtime, maintenance costs, and asset condition."
"MAINTENANCEOPERATIONS-00196","2025-04-01","2025-04","Southern","Zone Tabuk","HVAC","Corrective","Outage","Mobile Maintenance","1","6044.35","2429.83","85","11.28","Yes","At Risk","SYNTHETIC DEMO DATA — Assets, preventive and corrective maintenance, downtime, maintenance costs, and asset condition."
"MAINTENANCEOPERATIONS-00197","2025-04-14","2025-04","Western","Zone Abha","Electrical","Preventive","Scheduled","Reliability Team","10","8263.51","3421.09","86","12.16","Yes","Controlled","SYNTHETIC DEMO DATA — Assets, preventive and corrective maintenance, downtime, maintenance costs, and asset condition."
"MAINTENANCEOPERATIONS-00198","2025-04-27","2025-04","Northern","Zone Riyadh","Fire Systems","Overhaul","Completed","Mobile Maintenance","7","4167.38","1775.3","78","13.04","No","At Risk","SYNTHETIC DEMO DATA — Assets, preventive and corrective maintenance, downtime, maintenance costs, and asset condition."
"MAINTENANCEOPERATIONS-00199","2025-05-10","2025-05","Central","Zone Jeddah","Vertical Transport","Inspection","Completed","Reliability Team","4","6180.18","2706.92","79","13.92","No","At Risk","SYNTHETIC DEMO DATA — Assets, preventive and corrective maintenance, downtime, maintenance costs, and asset condition."
"MAINTENANCEOPERATIONS-00200","2025-05-23","2025-05","Eastern","Zone Dammam","HVAC","Corrective","Outage","Mobile Maintenance","1","6057.86","2362.57","79","14.8","Yes","At Risk","SYNTHETIC DEMO DATA — Assets, preventive and corrective maintenance, downtime, maintenance costs, and asset condition."
"MAINTENANCEOPERATIONS-00201","2025-06-05","2025-06","Southern","Zone Tabuk","Electrical","Preventive","Scheduled","Reliability Team","10","5446.07","2189.32","80","15.68","Yes","Controlled","SYNTHETIC DEMO DATA — Assets, preventive and corrective maintenance, downtime, maintenance costs, and asset condition."
"MAINTENANCEOPERATIONS-00202","2025-06-18","2025-06","Western","Zone Abha","Fire Systems","Overhaul","Completed","Mobile Maintenance","7","7533.33","3118.8","81","16.56","Yes","Controlled","SYNTHETIC DEMO DATA — Assets, preventive and corrective maintenance, downtime, maintenance costs, and asset condition."
"MAINTENANCEOPERATIONS-00203","2025-07-01","2025-07","Northern","Zone Riyadh","Vertical Transport","Inspection","Completed","Reliability Team","4","6959.83","2964.89","82","17.44","Yes","Controlled","SYNTHETIC DEMO DATA — Assets, preventive and corrective maintenance, downtime, maintenance costs, and asset condition."
"MAINTENANCEOPERATIONS-00204","2025-07-14","2025-07","Central","Zone Jeddah","HVAC","Corrective","Outage","Mobile Maintenance","1","9523.7","4171.38","83","18.32","Yes","At Risk","SYNTHETIC DEMO DATA — Assets, preventive and corrective maintenance, downtime, maintenance costs, and asset condition."
"MAINTENANCEOPERATIONS-00205","2025-07-27","2025-07","Eastern","Zone Dammam","Electrical","Preventive","Scheduled","Reliability Team","10","9173.19","3577.54","84","19.2","Yes","Controlled","SYNTHETIC DEMO DATA — Assets, preventive and corrective maintenance, downtime, maintenance costs, and asset condition."
"MAINTENANCEOPERATIONS-00206","2025-08-09","2025-08","Southern","Zone Tabuk","Fire Systems","Overhaul","Completed","Mobile Maintenance","7","8071.74","3244.84","85","20.08","Yes","Controlled","SYNTHETIC DEMO DATA — Assets, preventive and corrective maintenance, downtime, maintenance costs, and asset condition."
"MAINTENANCEOPERATIONS-00207","2025-08-22","2025-08","Western","Zone Abha","Vertical Transport","Inspection","Completed","Reliability Team","4","6524.71","2701.23","85","20.96","No","At Risk","SYNTHETIC DEMO DATA — Assets, preventive and corrective maintenance, downtime, maintenance costs, and asset condition."
"MAINTENANCEOPERATIONS-00208","2025-09-04","2025-09","Northern","Zone Riyadh","HVAC","Corrective","Outage","Mobile Maintenance","1","5991.61","2552.43","86","10.4","No","At Risk","SYNTHETIC DEMO DATA — Assets, preventive and corrective maintenance, downtime, maintenance costs, and asset condition."
"MAINTENANCEOPERATIONS-00209","2025-09-17","2025-09","Central","Zone Jeddah","Electrical","Preventive","Scheduled","Reliability Team","10","8320.71","3644.47","78","11.28","Yes","Controlled","SYNTHETIC DEMO DATA — Assets, preventive and corrective maintenance, downtime, maintenance costs, and asset condition."
"MAINTENANCEOPERATIONS-00210","2025-09-30","2025-09","Eastern","Zone Dammam","Fire Systems","Overhaul","Completed","Mobile Maintenance","7","8261.29","3221.9","79","12.16","Yes","Controlled","SYNTHETIC DEMO DATA — Assets, preventive and corrective maintenance, downtime, maintenance costs, and asset condition."
"MAINTENANCEOPERATIONS-00211","2025-10-13","2025-10","Southern","Zone Tabuk","Vertical Transport","Inspection","Completed","Reliability Team","4","5323.63","2140.1","79","13.04","Yes","Controlled","SYNTHETIC DEMO DATA — Assets, preventive and corrective maintenance, downtime, maintenance costs, and asset condition."
"MAINTENANCEOPERATIONS-00212","2025-10-26","2025-10","Western","Zone Abha","HVAC","Corrective","Outage","Mobile Maintenance","1","7338.76","3038.25","80","13.92","Yes","At Risk","SYNTHETIC DEMO DATA — Assets, preventive and corrective maintenance, downtime, maintenance costs, and asset condition."
"MAINTENANCEOPERATIONS-00213","2025-11-08","2025-11","Northern","Zone Riyadh","Electrical","Preventive","Scheduled","Reliability Team","10","6685.61","2848.07","81","14.8","Yes","Controlled","SYNTHETIC DEMO DATA — Assets, preventive and corrective maintenance, downtime, maintenance costs, and asset condition."
"MAINTENANCEOPERATIONS-00214","2025-11-21","2025-11","Central","Zone Jeddah","Fire Systems","Overhaul","Completed","Mobile Maintenance","7","9123.36","3996.03","82","15.68","Yes","Controlled","SYNTHETIC DEMO DATA — Assets, preventive and corrective maintenance, downtime, maintenance costs, and asset condition."
"MAINTENANCEOPERATIONS-00215","2025-12-04","2025-12","Eastern","Zone Dammam","Vertical Transport","Inspection","Completed","Reliability Team","4","9281.45","3619.77","83","16.56","Yes","Controlled","SYNTHETIC DEMO DATA — Assets, preventive and corrective maintenance, downtime, maintenance costs, and asset condition."
"MAINTENANCEOPERATIONS-00216","2025-12-17","2025-12","Southern","Zone Tabuk","HVAC","Corrective","Outage","Mobile Maintenance","1","4587.38","1844.13","84","17.44","No","At Risk","SYNTHETIC DEMO DATA — Assets, preventive and corrective maintenance, downtime, maintenance costs, and asset condition."
"MAINTENANCEOPERATIONS-00217","2025-12-30","2025-12","Western","Zone Abha","Electrical","Preventive","Scheduled","Reliability Team","10","6540.46","2707.75","85","18.32","No","At Risk","SYNTHETIC DEMO DATA — Assets, preventive and corrective maintenance, downtime, maintenance costs, and asset condition."
"MAINTENANCEOPERATIONS-00218","2026-01-12","2026-01","Northern","Zone Riyadh","Fire Systems","Overhaul","Completed","Mobile Maintenance","7","6007.43","2559.17","85","19.2","Yes","Controlled","SYNTHETIC DEMO DATA — Assets, preventive and corrective maintenance, downtime, maintenance costs, and asset condition."
"MAINTENANCEOPERATIONS-00219","2026-01-25","2026-01","Central","Zone Jeddah","Vertical Transport","Inspection","Completed","Reliability Team","4","8306.05","3638.05","86","20.08","Yes","Controlled","SYNTHETIC DEMO DATA — Assets, preventive and corrective maintenance, downtime, maintenance costs, and asset condition."
"MAINTENANCEOPERATIONS-00220","2026-02-07","2026-02","Eastern","Zone Dammam","HVAC","Corrective","Outage","Mobile Maintenance","1","8499.58","3314.84","78","20.96","Yes","At Risk","SYNTHETIC DEMO DATA — Assets, preventive and corrective maintenance, downtime, maintenance costs, and asset condition."
"MAINTENANCEOPERATIONS-00221","2026-02-20","2026-02","Southern","Zone Tabuk","Electrical","Preventive","Scheduled","Reliability Team","10","7164.19","2880","79","10.4","Yes","Controlled","SYNTHETIC DEMO DATA — Assets, preventive and corrective maintenance, downtime, maintenance costs, and asset condition."
"MAINTENANCEOPERATIONS-00222","2026-03-05","2026-03","Western","Zone Abha","Fire Systems","Overhaul","Completed","Mobile Maintenance","7","10338.14","4279.99","79","11.28","Yes","Controlled","SYNTHETIC DEMO DATA — Assets, preventive and corrective maintenance, downtime, maintenance costs, and asset condition."
"MAINTENANCEOPERATIONS-00223","2026-03-18","2026-03","Northern","Zone Riyadh","Vertical Transport","Inspection","Completed","Reliability Team","4","8839.73","3765.72","80","12.16","Yes","Controlled","SYNTHETIC DEMO DATA — Assets, preventive and corrective maintenance, downtime, maintenance costs, and asset condition."
"MAINTENANCEOPERATIONS-00224","2026-03-31","2026-03","Central","Zone Jeddah","HVAC","Corrective","Outage","Mobile Maintenance","1","12235.08","5358.97","81","13.04","Yes","At Risk","SYNTHETIC DEMO DATA — Assets, preventive and corrective maintenance, downtime, maintenance costs, and asset condition."
"MAINTENANCEOPERATIONS-00225","2026-04-13","2026-04","Eastern","Zone Dammam","Electrical","Preventive","Scheduled","Reliability Team","10","5295.7","2065.32","82","13.92","No","At Risk","SYNTHETIC DEMO DATA — Assets, preventive and corrective maintenance, downtime, maintenance costs, and asset condition."
"MAINTENANCEOPERATIONS-00226","2026-04-26","2026-04","Southern","Zone Tabuk","Fire Systems","Overhaul","Completed","Mobile Maintenance","7","4539.08","1824.71","83","14.8","No","At Risk","SYNTHETIC DEMO DATA — Assets, preventive and corrective maintenance, downtime, maintenance costs, and asset condition."
"MAINTENANCEOPERATIONS-00227","2026-05-09","2026-05","Western","Zone Abha","Vertical Transport","Inspection","Completed","Reliability Team","4","6726.55","2784.79","84","15.68","Yes","Controlled","SYNTHETIC DEMO DATA — Assets, preventive and corrective maintenance, downtime, maintenance costs, and asset condition."
"MAINTENANCEOPERATIONS-00228","2026-05-22","2026-05","Northern","Zone Riyadh","HVAC","Corrective","Outage","Mobile Maintenance","1","5827.48","2482.51","85","16.56","Yes","At Risk","SYNTHETIC DEMO DATA — Assets, preventive and corrective maintenance, downtime, maintenance costs, and asset condition."
"MAINTENANCEOPERATIONS-00229","2026-06-04","2026-06","Central","Zone Jeddah","Electrical","Preventive","Scheduled","Reliability Team","10","8498.26","3722.24","85","17.44","Yes","Controlled","SYNTHETIC DEMO DATA — Assets, preventive and corrective maintenance, downtime, maintenance costs, and asset condition."
"MAINTENANCEOPERATIONS-00230","2026-06-17","2026-06","Eastern","Zone Dammam","Fire Systems","Overhaul","Completed","Mobile Maintenance","7","8233.17","3210.94","86","18.32","Yes","Controlled","SYNTHETIC DEMO DATA — Assets, preventive and corrective maintenance, downtime, maintenance costs, and asset condition."
"MAINTENANCEOPERATIONS-00231","2025-01-06","2025-01","Southern","Zone Tabuk","Vertical Transport","Inspection","Completed","Reliability Team","4","6699.81","2693.32","78","19.2","Yes","Controlled","SYNTHETIC DEMO DATA — Assets, preventive and corrective maintenance, downtime, maintenance costs, and asset condition."
"MAINTENANCEOPERATIONS-00232","2025-01-19","2025-01","Western","Zone Abha","HVAC","Corrective","Outage","Mobile Maintenance","1","9182.37","3801.5","79","20.08","Yes","At Risk","SYNTHETIC DEMO DATA — Assets, preventive and corrective maintenance, downtime, maintenance costs, and asset condition."
"MAINTENANCEOPERATIONS-00233","2025-02-01","2025-02","Northern","Zone Riyadh","Electrical","Preventive","Scheduled","Reliability Team","10","8244.24","3512.05","79","20.96","Yes","Controlled","SYNTHETIC DEMO DATA — Assets, preventive and corrective maintenance, downtime, maintenance costs, and asset condition."
"MAINTENANCEOPERATIONS-00234","2025-02-14","2025-02","Central","Zone Jeddah","Fire Systems","Overhaul","Completed","Mobile Maintenance","7","6635.38","2906.3","80","10.4","No","At Risk","SYNTHETIC DEMO DATA — Assets, preventive and corrective maintenance, downtime, maintenance costs, and asset condition."
"MAINTENANCEOPERATIONS-00235","2025-02-27","2025-02","Eastern","Zone Dammam","Vertical Transport","Inspection","Completed","Reliability Team","4","6536.97","2549.42","81","11.28","No","At Risk","SYNTHETIC DEMO DATA — Assets, preventive and corrective maintenance, downtime, maintenance costs, and asset condition."
"MAINTENANCEOPERATIONS-00236","2025-03-12","2025-03","Southern","Zone Tabuk","HVAC","Corrective","Outage","Mobile Maintenance","1","5853.52","2353.12","82","12.16","Yes","At Risk","SYNTHETIC DEMO DATA — Assets, preventive and corrective maintenance, downtime, maintenance costs, and asset condition."
"MAINTENANCEOPERATIONS-00237","2025-03-25","2025-03","Western","Zone Abha","Electrical","Preventive","Scheduled","Reliability Team","10","8128.34","3365.13","83","13.04","Yes","Controlled","SYNTHETIC DEMO DATA — Assets, preventive and corrective maintenance, downtime, maintenance costs, and asset condition."
"MAINTENANCEOPERATIONS-00238","2025-04-07","2025-04","Northern","Zone Riyadh","Fire Systems","Overhaul","Completed","Mobile Maintenance","7","5440.74","2317.76","84","13.92","Yes","Controlled","SYNTHETIC DEMO DATA — Assets, preventive and corrective maintenance, downtime, maintenance costs, and asset condition."
"MAINTENANCEOPERATIONS-00239","2025-04-20","2025-04","Central","Zone Jeddah","Vertical Transport","Inspection","Completed","Reliability Team","4","7467.82","3270.91","85","14.8","Yes","Controlled","SYNTHETIC DEMO DATA — Assets, preventive and corrective maintenance, downtime, maintenance costs, and asset condition."
"MAINTENANCEOPERATIONS-00240","2025-05-03","2025-05","Eastern","Zone Dammam","HVAC","Corrective","Outage","Mobile Maintenance","1","7663.56","2988.79","85","15.68","Yes","At Risk","SYNTHETIC DEMO DATA — Assets, preventive and corrective maintenance, downtime, maintenance costs, and asset condition."
"MAINTENANCEOPERATIONS-00241","2025-05-16","2025-05","Southern","Zone Tabuk","Electrical","Preventive","Scheduled","Reliability Team","10","6422.12","2581.69","86","16.56","Yes","Controlled","SYNTHETIC DEMO DATA — Assets, preventive and corrective maintenance, downtime, maintenance costs, and asset condition."
"MAINTENANCEOPERATIONS-00242","2025-05-29","2025-05","Western","Zone Abha","Fire Systems","Overhaul","Completed","Mobile Maintenance","7","8779.98","3634.91","78","17.44","Yes","Controlled","SYNTHETIC DEMO DATA — Assets, preventive and corrective maintenance, downtime, maintenance costs, and asset condition."
"MAINTENANCEOPERATIONS-00243","2025-06-11","2025-06","Northern","Zone Riyadh","Vertical Transport","Inspection","Completed","Reliability Team","4","4688.3","1997.22","79","18.32","No","At Risk","SYNTHETIC DEMO DATA — Assets, preventive and corrective maintenance, downtime, maintenance costs, and asset condition."
"MAINTENANCEOPERATIONS-00244","2025-06-24","2025-06","Central","Zone Jeddah","HVAC","Corrective","Outage","Mobile Maintenance","1","6543.72","2866.15","79","19.2","No","At Risk","SYNTHETIC DEMO DATA — Assets, preventive and corrective maintenance, downtime, maintenance costs, and asset condition."
"MAINTENANCEOPERATIONS-00245","2025-07-07","2025-07","Eastern","Zone Dammam","Electrical","Preventive","Scheduled","Reliability Team","10","6890.27","2687.21","80","20.08","Yes","Controlled","SYNTHETIC DEMO DATA — Assets, preventive and corrective maintenance, downtime, maintenance costs, and asset condition."
"MAINTENANCEOPERATIONS-00246","2025-07-20","2025-07","Southern","Zone Tabuk","Fire Systems","Overhaul","Completed","Mobile Maintenance","7","5850.27","2351.81","81","20.96","Yes","Controlled","SYNTHETIC DEMO DATA — Assets, preventive and corrective maintenance, downtime, maintenance costs, and asset condition."
"MAINTENANCEOPERATIONS-00247","2025-08-02","2025-08","Western","Zone Abha","Vertical Transport","Inspection","Completed","Reliability Team","4","8518.37","3526.61","82","10.4","Yes","Controlled","SYNTHETIC DEMO DATA — Assets, preventive and corrective maintenance, downtime, maintenance costs, and asset condition."
"MAINTENANCEOPERATIONS-00248","2025-08-15","2025-08","Northern","Zone Riyadh","HVAC","Corrective","Outage","Mobile Maintenance","1","7326.14","3120.94","83","11.28","Yes","At Risk","SYNTHETIC DEMO DATA — Assets, preventive and corrective maintenance, downtime, maintenance costs, and asset condition."
"MAINTENANCEOPERATIONS-00249","2025-08-28","2025-08","Central","Zone Jeddah","Electrical","Preventive","Scheduled","Reliability Team","10","10024.95","4390.93","84","12.16","Yes","Controlled","SYNTHETIC DEMO DATA — Assets, preventive and corrective maintenance, downtime, maintenance costs, and asset condition."
"MAINTENANCEOPERATIONS-00250","2025-09-10","2025-09","Eastern","Zone Dammam","Fire Systems","Overhaul","Completed","Mobile Maintenance","7","10138.79","3954.13","85","13.04","Yes","Controlled","SYNTHETIC DEMO DATA — Assets, preventive and corrective maintenance, downtime, maintenance costs, and asset condition."
"MAINTENANCEOPERATIONS-00251","2025-09-23","2025-09","Southern","Zone Tabuk","Vertical Transport","Inspection","Completed","Reliability Team","4","8475.33","3407.08","85","13.92","Yes","Controlled","SYNTHETIC DEMO DATA — Assets, preventive and corrective maintenance, downtime, maintenance costs, and asset condition."
"MAINTENANCEOPERATIONS-00252","2025-10-06","2025-10","Western","Zone Abha","HVAC","Corrective","Outage","Mobile Maintenance","1","5310.46","2198.53","86","14.8","No","At Risk","SYNTHETIC DEMO DATA — Assets, preventive and corrective maintenance, downtime, maintenance costs, and asset condition."
"MAINTENANCEOPERATIONS-00253","2025-10-19","2025-10","Northern","Zone Riyadh","Electrical","Preventive","Scheduled","Reliability Team","10","4644.35","1978.49","78","15.68","No","At Risk","SYNTHETIC DEMO DATA — Assets, preventive and corrective maintenance, downtime, maintenance costs, and asset condition."
"MAINTENANCEOPERATIONS-00254","2025-11-01","2025-11","Central","Zone Jeddah","Fire Systems","Overhaul","Completed","Mobile Maintenance","7","6852.84","3001.54","79","16.56","Yes","Controlled","SYNTHETIC DEMO DATA — Assets, preventive and corrective maintenance, downtime, maintenance costs, and asset condition."
"MAINTENANCEOPERATIONS-00255","2025-11-14","2025-11","Eastern","Zone Dammam","Vertical Transport","Inspection","Completed","Reliability Team","4","6687.71","2608.21","79","17.44","Yes","Controlled","SYNTHETIC DEMO DATA — Assets, preventive and corrective maintenance, downtime, maintenance costs, and asset condition."
"MAINTENANCEOPERATIONS-00256","2025-11-27","2025-11","Southern","Zone Tabuk","HVAC","Corrective","Outage","Mobile Maintenance","1","5656.36","2273.86","80","18.32","Yes","At Risk","SYNTHETIC DEMO DATA — Assets, preventive and corrective maintenance, downtime, maintenance costs, and asset condition."
"MAINTENANCEOPERATIONS-00257","2025-12-10","2025-12","Western","Zone Abha","Electrical","Preventive","Scheduled","Reliability Team","10","8256.11","3418.03","81","19.2","Yes","Controlled","SYNTHETIC DEMO DATA — Assets, preventive and corrective maintenance, downtime, maintenance costs, and asset condition."
"MAINTENANCEOPERATIONS-00258","2025-12-23","2025-12","Northern","Zone Riyadh","Fire Systems","Overhaul","Completed","Mobile Maintenance","7","7078.88","3015.6","82","20.08","Yes","Controlled","SYNTHETIC DEMO DATA — Assets, preventive and corrective maintenance, downtime, maintenance costs, and asset condition."
"MAINTENANCEOPERATIONS-00259","2026-01-05","2026-01","Central","Zone Jeddah","Vertical Transport","Inspection","Completed","Reliability Team","4","10370.83","4542.42","83","20.96","Yes","Controlled","SYNTHETIC DEMO DATA — Assets, preventive and corrective maintenance, downtime, maintenance costs, and asset condition."
"MAINTENANCEOPERATIONS-00260","2026-01-18","2026-01","Eastern","Zone Dammam","HVAC","Corrective","Outage","Mobile Maintenance","1","9964.4","3886.12","84","10.4","Yes","At Risk","SYNTHETIC DEMO DATA — Assets, preventive and corrective maintenance, downtime, maintenance costs, and asset condition."
"MAINTENANCEOPERATIONS-00261","2026-01-31","2026-01","Southern","Zone Tabuk","Electrical","Preventive","Scheduled","Reliability Team","10","4924.93","1979.82","85","11.28","No","At Risk","SYNTHETIC DEMO DATA — Assets, preventive and corrective maintenance, downtime, maintenance costs, and asset condition."
"MAINTENANCEOPERATIONS-00262","2026-02-13","2026-02","Western","Zone Abha","Fire Systems","Overhaul","Completed","Mobile Maintenance","7","7267.17","3008.61","85","12.16","No","At Risk","SYNTHETIC DEMO DATA — Assets, preventive and corrective maintenance, downtime, maintenance costs, and asset condition."
"MAINTENANCEOPERATIONS-00263","2026-02-26","2026-02","Northern","Zone Riyadh","Vertical Transport","Inspection","Completed","Reliability Team","4","6323.61","2693.86","86","13.04","Yes","Controlled","SYNTHETIC DEMO DATA — Assets, preventive and corrective maintenance, downtime, maintenance costs, and asset condition."
"MAINTENANCEOPERATIONS-00264","2026-03-11","2026-03","Central","Zone Jeddah","HVAC","Corrective","Outage","Mobile Maintenance","1","9180.37","4021","78","13.92","Yes","At Risk","SYNTHETIC DEMO DATA — Assets, preventive and corrective maintenance, downtime, maintenance costs, and asset condition."
"MAINTENANCEOPERATIONS-00265","2026-03-24","2026-03","Eastern","Zone Dammam","Electrical","Preventive","Scheduled","Reliability Team","10","8924.56","3480.58","79","14.8","Yes","Controlled","SYNTHETIC DEMO DATA — Assets, preventive and corrective maintenance, downtime, maintenance costs, and asset condition."
"MAINTENANCEOPERATIONS-00266","2026-04-06","2026-04","Southern","Zone Tabuk","Fire Systems","Overhaul","Completed","Mobile Maintenance","7","5827.59","2342.69","79","15.68","Yes","Controlled","SYNTHETIC DEMO DATA — Assets, preventive and corrective maintenance, downtime, maintenance costs, and asset condition."
"MAINTENANCEOPERATIONS-00267","2026-04-19","2026-04","Western","Zone Abha","Vertical Transport","Inspection","Completed","Reliability Team","4","8008.94","3315.7","80","16.56","Yes","Controlled","SYNTHETIC DEMO DATA — Assets, preventive and corrective maintenance, downtime, maintenance costs, and asset condition."
"MAINTENANCEOPERATIONS-00268","2026-05-02","2026-05","Northern","Zone Riyadh","HVAC","Corrective","Outage","Mobile Maintenance","1","7276.12","3099.63","81","17.44","Yes","At Risk","SYNTHETIC DEMO DATA — Assets, preventive and corrective maintenance, downtime, maintenance costs, and asset condition."
"MAINTENANCEOPERATIONS-00269","2026-05-15","2026-05","Central","Zone Jeddah","Electrical","Preventive","Scheduled","Reliability Team","10","9904.59","4338.21","82","18.32","Yes","Controlled","SYNTHETIC DEMO DATA — Assets, preventive and corrective maintenance, downtime, maintenance costs, and asset condition."
"MAINTENANCEOPERATIONS-00270","2026-05-28","2026-05","Eastern","Zone Dammam","Fire Systems","Overhaul","Completed","Mobile Maintenance","7","5626.69","2194.41","83","19.2","No","At Risk","SYNTHETIC DEMO DATA — Assets, preventive and corrective maintenance, downtime, maintenance costs, and asset condition."
"MAINTENANCEOPERATIONS-00271","2026-06-10","2026-06","Southern","Zone Tabuk","Vertical Transport","Inspection","Completed","Reliability Team","4","5106.46","2052.8","84","20.08","No","At Risk","SYNTHETIC DEMO DATA — Assets, preventive and corrective maintenance, downtime, maintenance costs, and asset condition."
"MAINTENANCEOPERATIONS-00272","2026-06-23","2026-06","Western","Zone Abha","HVAC","Corrective","Outage","Mobile Maintenance","1","7122.23","2948.6","85","20.96","Yes","At Risk","SYNTHETIC DEMO DATA — Assets, preventive and corrective maintenance, downtime, maintenance costs, and asset condition."
"MAINTENANCEOPERATIONS-00273","2025-01-12","2025-01","Northern","Zone Riyadh","Electrical","Preventive","Scheduled","Reliability Team","10","5975.29","2545.47","85","10.4","Yes","Controlled","SYNTHETIC DEMO DATA — Assets, preventive and corrective maintenance, downtime, maintenance costs, and asset condition."
"MAINTENANCEOPERATIONS-00274","2025-01-25","2025-01","Central","Zone Jeddah","Fire Systems","Overhaul","Completed","Mobile Maintenance","7","8229.71","3604.61","86","11.28","Yes","Controlled","SYNTHETIC DEMO DATA — Assets, preventive and corrective maintenance, downtime, maintenance costs, and asset condition."
"MAINTENANCEOPERATIONS-00275","2025-02-07","2025-02","Eastern","Zone Dammam","Vertical Transport","Inspection","Completed","Reliability Team","4","8392.63","3273.13","78","12.16","Yes","Controlled","SYNTHETIC DEMO DATA — Assets, preventive and corrective maintenance, downtime, maintenance costs, and asset condition."
"MAINTENANCEOPERATIONS-00276","2025-02-20","2025-02","Southern","Zone Tabuk","HVAC","Corrective","Outage","Mobile Maintenance","1","7052.43","2835.08","79","13.04","Yes","At Risk","SYNTHETIC DEMO DATA — Assets, preventive and corrective maintenance, downtime, maintenance costs, and asset condition."
"MAINTENANCEOPERATIONS-00277","2025-03-05","2025-03","Western","Zone Abha","Electrical","Preventive","Scheduled","Reliability Team","10","10148.94","4201.66","79","13.92","Yes","Controlled","SYNTHETIC DEMO DATA — Assets, preventive and corrective maintenance, downtime, maintenance costs, and asset condition."
"MAINTENANCEOPERATIONS-00278","2025-03-18","2025-03","Northern","Zone Riyadh","Fire Systems","Overhaul","Completed","Mobile Maintenance","7","8656.45","3687.65","80","14.8","Yes","Controlled","SYNTHETIC DEMO DATA — Assets, preventive and corrective maintenance, downtime, maintenance costs, and asset condition."
"MAINTENANCEOPERATIONS-00279","2025-03-31","2025-03","Central","Zone Jeddah","Vertical Transport","Inspection","Completed","Reliability Team","4","6967.14","3051.61","81","15.68","No","At Risk","SYNTHETIC DEMO DATA — Assets, preventive and corrective maintenance, downtime, maintenance costs, and asset condition."
"MAINTENANCEOPERATIONS-00280","2025-04-13","2025-04","Eastern","Zone Dammam","HVAC","Corrective","Outage","Mobile Maintenance","1","5323.71","2076.25","82","16.56","No","At Risk","SYNTHETIC DEMO DATA — Assets, preventive and corrective maintenance, downtime, maintenance costs, and asset condition."
"MAINTENANCEOPERATIONS-00281","2025-04-26","2025-04","Southern","Zone Tabuk","Electrical","Preventive","Scheduled","Reliability Team","10","4540.1","1825.12","83","17.44","Yes","Controlled","SYNTHETIC DEMO DATA — Assets, preventive and corrective maintenance, downtime, maintenance costs, and asset condition."
"MAINTENANCEOPERATIONS-00282","2025-05-09","2025-05","Western","Zone Abha","Fire Systems","Overhaul","Completed","Mobile Maintenance","7","6698.52","2773.19","84","18.32","Yes","Controlled","SYNTHETIC DEMO DATA — Assets, preventive and corrective maintenance, downtime, maintenance costs, and asset condition."
"MAINTENANCEOPERATIONS-00283","2025-05-22","2025-05","Northern","Zone Riyadh","Vertical Transport","Inspection","Completed","Reliability Team","4","5780.79","2462.62","85","19.2","Yes","Controlled","SYNTHETIC DEMO DATA — Assets, preventive and corrective maintenance, downtime, maintenance costs, and asset condition."
"MAINTENANCEOPERATIONS-00284","2025-06-04","2025-06","Central","Zone Jeddah","HVAC","Corrective","Outage","Mobile Maintenance","1","8401.3","3679.77","85","20.08","Yes","At Risk","SYNTHETIC DEMO DATA — Assets, preventive and corrective maintenance, downtime, maintenance costs, and asset condition."
"MAINTENANCEOPERATIONS-00285","2025-06-17","2025-06","Eastern","Zone Dammam","Electrical","Preventive","Scheduled","Reliability Team","10","8114.36","3164.6","86","20.96","Yes","Controlled","SYNTHETIC DEMO DATA — Assets, preventive and corrective maintenance, downtime, maintenance costs, and asset condition."
"MAINTENANCEOPERATIONS-00286","2025-06-30","2025-06","Southern","Zone Tabuk","Fire Systems","Overhaul","Completed","Mobile Maintenance","7","6920.13","2781.89","78","10.4","Yes","Controlled","SYNTHETIC DEMO DATA — Assets, preventive and corrective maintenance, downtime, maintenance costs, and asset condition."
"MAINTENANCEOPERATIONS-00287","2025-07-13","2025-07","Western","Zone Abha","Vertical Transport","Inspection","Completed","Reliability Team","4","9986.43","4134.38","79","11.28","Yes","Controlled","SYNTHETIC DEMO DATA — Assets, preventive and corrective maintenance, downtime, maintenance costs, and asset condition."
"MAINTENANCEOPERATIONS-00288","2025-07-26","2025-07","Northern","Zone Riyadh","HVAC","Corrective","Outage","Mobile Maintenance","1","5036.26","2145.45","79","12.16","No","At Risk","SYNTHETIC DEMO DATA — Assets, preventive and corrective maintenance, downtime, maintenance costs, and asset condition."
"MAINTENANCEOPERATIONS-00289","2025-08-08","2025-08","Central","Zone Jeddah","Electrical","Preventive","Scheduled","Reliability Team","10","7399.37","3240.92","80","13.04","No","At Risk","SYNTHETIC DEMO DATA — Assets, preventive and corrective maintenance, downtime, maintenance costs, and asset condition."
"MAINTENANCEOPERATIONS-00290","2025-08-21","2025-08","Eastern","Zone Dammam","Fire Systems","Overhaul","Completed","Mobile Maintenance","7","7252.92","2828.64","81","13.92","Yes","Controlled","SYNTHETIC DEMO DATA — Assets, preventive and corrective maintenance, downtime, maintenance costs, and asset condition."
"MAINTENANCEOPERATIONS-00291","2025-09-03","2025-09","Southern","Zone Tabuk","Vertical Transport","Inspection","Completed","Reliability Team","4","6466.09","2599.37","82","14.8","Yes","Controlled","SYNTHETIC DEMO DATA — Assets, preventive and corrective maintenance, downtime, maintenance costs, and asset condition."
"MAINTENANCEOPERATIONS-00292","2025-09-16","2025-09","Western","Zone Abha","HVAC","Corrective","Outage","Mobile Maintenance","1","8944.29","3702.94","83","15.68","Yes","At Risk","SYNTHETIC DEMO DATA — Assets, preventive and corrective maintenance, downtime, maintenance costs, and asset condition."
"MAINTENANCEOPERATIONS-00293","2025-09-29","2025-09","Northern","Zone Riyadh","Electrical","Preventive","Scheduled","Reliability Team","10","7826.1","3333.92","84","16.56","Yes","Controlled","SYNTHETIC DEMO DATA — Assets, preventive and corrective maintenance, downtime, maintenance costs, and asset condition."
"MAINTENANCEOPERATIONS-00294","2025-10-12","2025-10","Central","Zone Jeddah","Fire Systems","Overhaul","Completed","Mobile Maintenance","7","8159.3","3573.77","85","17.44","Yes","Controlled","SYNTHETIC DEMO DATA — Assets, preventive and corrective maintenance, downtime, maintenance costs, and asset condition."
"MAINTENANCEOPERATIONS-00295","2025-10-25","2025-10","Eastern","Zone Dammam","Vertical Transport","Inspection","Completed","Reliability Team","4","7859.01","3065.01","85","18.32","Yes","Controlled","SYNTHETIC DEMO DATA — Assets, preventive and corrective maintenance, downtime, maintenance costs, and asset condition."
"MAINTENANCEOPERATIONS-00296","2025-11-07","2025-11","Southern","Zone Tabuk","HVAC","Corrective","Outage","Mobile Maintenance","1","6980.19","2806.04","86","19.2","Yes","At Risk","SYNTHETIC DEMO DATA — Assets, preventive and corrective maintenance, downtime, maintenance costs, and asset condition."
"MAINTENANCEOPERATIONS-00297","2025-11-20","2025-11","Western","Zone Abha","Electrical","Preventive","Scheduled","Reliability Team","10","5642.36","2335.94","78","20.08","No","At Risk","SYNTHETIC DEMO DATA — Assets, preventive and corrective maintenance, downtime, maintenance costs, and asset condition."
"MAINTENANCEOPERATIONS-00298","2025-12-03","2025-12","Northern","Zone Riyadh","Fire Systems","Overhaul","Completed","Mobile Maintenance","7","5224.89","2225.8","79","20.96","No","At Risk","SYNTHETIC DEMO DATA — Assets, preventive and corrective maintenance, downtime, maintenance costs, and asset condition."
"MAINTENANCEOPERATIONS-00299","2025-12-16","2025-12","Central","Zone Jeddah","Vertical Transport","Inspection","Completed","Reliability Team","4","7255.95","3178.11","79","10.4","Yes","Controlled","SYNTHETIC DEMO DATA — Assets, preventive and corrective maintenance, downtime, maintenance costs, and asset condition."
"MAINTENANCEOPERATIONS-00300","2025-12-29","2025-12","Eastern","Zone Dammam","HVAC","Corrective","Outage","Mobile Maintenance","1","7202.04","2808.8","80","11.28","Yes","At Risk","SYNTHETIC DEMO DATA — Assets, preventive and corrective maintenance, downtime, maintenance costs, and asset condition."
"MAINTENANCEOPERATIONS-00301","2026-01-11","2026-01","Southern","Zone Tabuk","Electrical","Preventive","Scheduled","Reliability Team","10","6429.77","2584.77","81","12.16","Yes","Controlled","SYNTHETIC DEMO DATA — Assets, preventive and corrective maintenance, downtime, maintenance costs, and asset condition."
"MAINTENANCEOPERATIONS-00302","2026-01-24","2026-01","Western","Zone Abha","Fire Systems","Overhaul","Completed","Mobile Maintenance","7","8863.61","3669.53","82","13.04","Yes","Controlled","SYNTHETIC DEMO DATA — Assets, preventive and corrective maintenance, downtime, maintenance costs, and asset condition."
"MAINTENANCEOPERATIONS-00303","2026-02-06","2026-02","Northern","Zone Riyadh","Vertical Transport","Inspection","Completed","Reliability Team","4","7999.75","3407.89","83","13.92","Yes","Controlled","SYNTHETIC DEMO DATA — Assets, preventive and corrective maintenance, downtime, maintenance costs, and asset condition."
"MAINTENANCEOPERATIONS-00304","2026-02-19","2026-02","Central","Zone Jeddah","HVAC","Corrective","Outage","Mobile Maintenance","1","10916.67","4781.5","84","14.8","Yes","At Risk","SYNTHETIC DEMO DATA — Assets, preventive and corrective maintenance, downtime, maintenance costs, and asset condition."
"MAINTENANCEOPERATIONS-00305","2026-03-04","2026-03","Eastern","Zone Dammam","Electrical","Preventive","Scheduled","Reliability Team","10","11013.28","4295.18","85","15.68","Yes","Controlled","SYNTHETIC DEMO DATA — Assets, preventive and corrective maintenance, downtime, maintenance costs, and asset condition."
"MAINTENANCEOPERATIONS-00306","2026-03-17","2026-03","Southern","Zone Tabuk","Fire Systems","Overhaul","Completed","Mobile Maintenance","7","5443.35","2188.23","85","16.56","No","At Risk","SYNTHETIC DEMO DATA — Assets, preventive and corrective maintenance, downtime, maintenance costs, and asset condition."
"MAINTENANCEOPERATIONS-00307","2026-03-30","2026-03","Western","Zone Abha","Vertical Transport","Inspection","Completed","Reliability Team","4","7758.66","3212.09","86","17.44","No","At Risk","SYNTHETIC DEMO DATA — Assets, preventive and corrective maintenance, downtime, maintenance costs, and asset condition."
"MAINTENANCEOPERATIONS-00308","2026-04-12","2026-04","Northern","Zone Riyadh","HVAC","Corrective","Outage","Mobile Maintenance","1","5143.83","2191.27","78","18.32","Yes","At Risk","SYNTHETIC DEMO DATA — Assets, preventive and corrective maintenance, downtime, maintenance costs, and asset condition."
"MAINTENANCEOPERATIONS-00309","2026-04-25","2026-04","Central","Zone Jeddah","Electrical","Preventive","Scheduled","Reliability Team","10","7112.02","3115.06","79","19.2","Yes","Controlled","SYNTHETIC DEMO DATA — Assets, preventive and corrective maintenance, downtime, maintenance costs, and asset condition."
"MAINTENANCEOPERATIONS-00310","2026-05-08","2026-05","Eastern","Zone Dammam","Fire Systems","Overhaul","Completed","Mobile Maintenance","7","7345.95","2864.92","79","20.08","Yes","Controlled","SYNTHETIC DEMO DATA — Assets, preventive and corrective maintenance, downtime, maintenance costs, and asset condition."
"MAINTENANCEOPERATIONS-00311","2026-05-21","2026-05","Southern","Zone Tabuk","Vertical Transport","Inspection","Completed","Reliability Team","4","6191.82","2489.11","80","20.96","Yes","Controlled","SYNTHETIC DEMO DATA — Assets, preventive and corrective maintenance, downtime, maintenance costs, and asset condition."
"MAINTENANCEOPERATIONS-00312","2026-06-03","2026-06","Western","Zone Abha","HVAC","Corrective","Outage","Mobile Maintenance","1","9010.05","3730.16","81","10.4","Yes","At Risk","SYNTHETIC DEMO DATA — Assets, preventive and corrective maintenance, downtime, maintenance costs, and asset condition."
"MAINTENANCEOPERATIONS-00313","2026-06-16","2026-06","Northern","Zone Riyadh","Electrical","Preventive","Scheduled","Reliability Team","10","7704.13","3281.96","82","11.28","Yes","Controlled","SYNTHETIC DEMO DATA — Assets, preventive and corrective maintenance, downtime, maintenance costs, and asset condition."
"MAINTENANCEOPERATIONS-00314","2025-01-05","2025-01","Central","Zone Jeddah","Fire Systems","Overhaul","Completed","Mobile Maintenance","7","10155.81","4448.24","83","12.16","Yes","Controlled","SYNTHETIC DEMO DATA — Assets, preventive and corrective maintenance, downtime, maintenance costs, and asset condition."
"MAINTENANCEOPERATIONS-00315","2025-01-18","2025-01","Eastern","Zone Dammam","Vertical Transport","Inspection","Completed","Reliability Team","4","5769.4","2250.07","84","13.04","No","At Risk","SYNTHETIC DEMO DATA — Assets, preventive and corrective maintenance, downtime, maintenance costs, and asset condition."
"MAINTENANCEOPERATIONS-00316","2025-01-31","2025-01","Southern","Zone Tabuk","HVAC","Corrective","Outage","Mobile Maintenance","1","4945.1","1987.93","85","13.92","No","At Risk","SYNTHETIC DEMO DATA — Assets, preventive and corrective maintenance, downtime, maintenance costs, and asset condition."
"MAINTENANCEOPERATIONS-00317","2025-02-13","2025-02","Western","Zone Abha","Electrical","Preventive","Scheduled","Reliability Team","10","7260.18","3005.71","85","14.8","Yes","Controlled","SYNTHETIC DEMO DATA — Assets, preventive and corrective maintenance, downtime, maintenance costs, and asset condition."
"MAINTENANCEOPERATIONS-00318","2025-02-26","2025-02","Northern","Zone Riyadh","Fire Systems","Overhaul","Completed","Mobile Maintenance","7","6289.78","2679.45","86","15.68","Yes","Controlled","SYNTHETIC DEMO DATA — Assets, preventive and corrective maintenance, downtime, maintenance costs, and asset condition."
"MAINTENANCEOPERATIONS-00319","2025-03-11","2025-03","Central","Zone Jeddah","Vertical Transport","Inspection","Completed","Reliability Team","4","9095.99","3984.04","78","16.56","Yes","Controlled","SYNTHETIC DEMO DATA — Assets, preventive and corrective maintenance, downtime, maintenance costs, and asset condition."
"MAINTENANCEOPERATIONS-00320","2025-03-24","2025-03","Eastern","Zone Dammam","HVAC","Corrective","Outage","Mobile Maintenance","1","8812.26","3436.78","79","17.44","Yes","At Risk","SYNTHETIC DEMO DATA — Assets, preventive and corrective maintenance, downtime, maintenance costs, and asset condition."
"MAINTENANCEOPERATIONS-00321","2025-04-06","2025-04","Southern","Zone Tabuk","Electrical","Preventive","Scheduled","Reliability Team","10","5743.5","2308.89","79","18.32","Yes","Controlled","SYNTHETIC DEMO DATA — Assets, preventive and corrective maintenance, downtime, maintenance costs, and asset condition."
"MAINTENANCEOPERATIONS-00322","2025-04-19","2025-04","Western","Zone Abha","Fire Systems","Overhaul","Completed","Mobile Maintenance","7","7871.71","3258.89","80","19.2","Yes","Controlled","SYNTHETIC DEMO DATA — Assets, preventive and corrective maintenance, downtime, maintenance costs, and asset condition."
"MAINTENANCEOPERATIONS-00323","2025-05-02","2025-05","Northern","Zone Riyadh","Vertical Transport","Inspection","Completed","Reliability Team","4","7133.74","3038.97","81","20.08","Yes","Controlled","SYNTHETIC DEMO DATA — Assets, preventive and corrective maintenance, downtime, maintenance costs, and asset condition."
"MAINTENANCEOPERATIONS-00324","2025-05-15","2025-05","Central","Zone Jeddah","HVAC","Corrective","Outage","Mobile Maintenance","1","5741.59","2514.82","82","20.96","No","At Risk","SYNTHETIC DEMO DATA — Assets, preventive and corrective maintenance, downtime, maintenance costs, and asset condition."
"MAINTENANCEOPERATIONS-00325","2025-05-28","2025-05","Eastern","Zone Dammam","Electrical","Preventive","Scheduled","Reliability Team","10","5656.44","2206.01","83","10.4","No","At Risk","SYNTHETIC DEMO DATA — Assets, preventive and corrective maintenance, downtime, maintenance costs, and asset condition."
"MAINTENANCEOPERATIONS-00326","2025-06-10","2025-06","Southern","Zone Tabuk","Fire Systems","Overhaul","Completed","Mobile Maintenance","7","5107.61","2053.26","84","11.28","Yes","Controlled","SYNTHETIC DEMO DATA — Assets, preventive and corrective maintenance, downtime, maintenance costs, and asset condition."
"MAINTENANCEOPERATIONS-00327","2025-06-23","2025-06","Western","Zone Abha","Vertical Transport","Inspection","Completed","Reliability Team","4","7092.55","2936.32","85","12.16","Yes","Controlled","SYNTHETIC DEMO DATA — Assets, preventive and corrective maintenance, downtime, maintenance costs, and asset condition."
"MAINTENANCEOPERATIONS-00328","2025-07-06","2025-07","Northern","Zone Riyadh","HVAC","Corrective","Outage","Mobile Maintenance","1","6575.12","2801","85","13.04","Yes","At Risk","SYNTHETIC DEMO DATA — Assets, preventive and corrective maintenance, downtime, maintenance costs, and asset condition."
"MAINTENANCEOPERATIONS-00329","2025-07-19","2025-07","Central","Zone Jeddah","Electrical","Preventive","Scheduled","Reliability Team","10","9024.84","3952.88","86","13.92","Yes","Controlled","SYNTHETIC DEMO DATA — Assets, preventive and corrective maintenance, downtime, maintenance costs, and asset condition."
"MAINTENANCEOPERATIONS-00330","2025-08-01","2025-08","Eastern","Zone Dammam","Fire Systems","Overhaul","Completed","Mobile Maintenance","7","9175.38","3578.4","78","14.8","Yes","Controlled","SYNTHETIC DEMO DATA — Assets, preventive and corrective maintenance, downtime, maintenance costs, and asset condition."
"MAINTENANCEOPERATIONS-00331","2025-08-14","2025-08","Southern","Zone Tabuk","Vertical Transport","Inspection","Completed","Reliability Team","4","7689.03","3090.99","79","15.68","Yes","Controlled","SYNTHETIC DEMO DATA — Assets, preventive and corrective maintenance, downtime, maintenance costs, and asset condition."
"MAINTENANCEOPERATIONS-00332","2025-08-27","2025-08","Western","Zone Abha","HVAC","Corrective","Outage","Mobile Maintenance","1","10512.04","4351.98","79","16.56","Yes","At Risk","SYNTHETIC DEMO DATA — Assets, preventive and corrective maintenance, downtime, maintenance costs, and asset condition."
"MAINTENANCEOPERATIONS-00333","2025-09-09","2025-09","Northern","Zone Riyadh","Electrical","Preventive","Scheduled","Reliability Team","10","5566.39","2371.28","80","17.44","No","At Risk","SYNTHETIC DEMO DATA — Assets, preventive and corrective maintenance, downtime, maintenance costs, and asset condition."
"MAINTENANCEOPERATIONS-00334","2025-09-22","2025-09","Central","Zone Jeddah","Fire Systems","Overhaul","Completed","Mobile Maintenance","7","7769.33","3402.97","81","18.32","No","At Risk","SYNTHETIC DEMO DATA — Assets, preventive and corrective maintenance, downtime, maintenance costs, and asset condition."
"MAINTENANCEOPERATIONS-00335","2025-10-05","2025-10","Eastern","Zone Dammam","Vertical Transport","Inspection","Completed","Reliability Team","4","5903.15","2302.23","82","19.2","Yes","Controlled","SYNTHETIC DEMO DATA — Assets, preventive and corrective maintenance, downtime, maintenance costs, and asset condition."
"MAINTENANCEOPERATIONS-00336","2025-10-18","2025-10","Southern","Zone Tabuk","HVAC","Corrective","Outage","Mobile Maintenance","1","5012.14","2014.88","83","20.08","Yes","At Risk","SYNTHETIC DEMO DATA — Assets, preventive and corrective maintenance, downtime, maintenance costs, and asset condition."
"MAINTENANCEOPERATIONS-00337","2025-10-31","2025-10","Western","Zone Abha","Electrical","Preventive","Scheduled","Reliability Team","10","6933.1","2870.3","84","20.96","Yes","Controlled","SYNTHETIC DEMO DATA — Assets, preventive and corrective maintenance, downtime, maintenance costs, and asset condition."
"MAINTENANCEOPERATIONS-00338","2025-11-13","2025-11","Northern","Zone Riyadh","Fire Systems","Overhaul","Completed","Mobile Maintenance","7","6335.41","2698.88","85","10.4","Yes","Controlled","SYNTHETIC DEMO DATA — Assets, preventive and corrective maintenance, downtime, maintenance costs, and asset condition."
"MAINTENANCEOPERATIONS-00339","2025-11-26","2025-11","Central","Zone Jeddah","Vertical Transport","Inspection","Completed","Reliability Team","4","8669.26","3797.14","85","11.28","Yes","Controlled","SYNTHETIC DEMO DATA — Assets, preventive and corrective maintenance, downtime, maintenance costs, and asset condition."
"MAINTENANCEOPERATIONS-00340","2025-12-09","2025-12","Eastern","Zone Dammam","HVAC","Corrective","Outage","Mobile Maintenance","1","8841.38","3448.14","86","12.16","Yes","At Risk","SYNTHETIC DEMO DATA — Assets, preventive and corrective maintenance, downtime, maintenance costs, and asset condition."
"MAINTENANCEOPERATIONS-00341","2025-12-22","2025-12","Southern","Zone Tabuk","Electrical","Preventive","Scheduled","Reliability Team","10","7390.79","2971.1","78","13.04","Yes","Controlled","SYNTHETIC DEMO DATA — Assets, preventive and corrective maintenance, downtime, maintenance costs, and asset condition."
"MAINTENANCEOPERATIONS-00342","2026-01-04","2026-01","Western","Zone Abha","Fire Systems","Overhaul","Completed","Mobile Maintenance","7","6413.87","2655.34","79","13.92","No","At Risk","SYNTHETIC DEMO DATA — Assets, preventive and corrective maintenance, downtime, maintenance costs, and asset condition."
"MAINTENANCEOPERATIONS-00343","2026-01-17","2026-01","Northern","Zone Riyadh","Vertical Transport","Inspection","Completed","Reliability Team","4","5609.35","2389.58","79","14.8","No","At Risk","SYNTHETIC DEMO DATA — Assets, preventive and corrective maintenance, downtime, maintenance costs, and asset condition."
"MAINTENANCEOPERATIONS-00344","2026-01-30","2026-01","Central","Zone Jeddah","HVAC","Corrective","Outage","Mobile Maintenance","1","7789.86","3411.96","80","15.68","Yes","At Risk","SYNTHETIC DEMO DATA — Assets, preventive and corrective maintenance, downtime, maintenance costs, and asset condition."
"MAINTENANCEOPERATIONS-00345","2026-02-12","2026-02","Eastern","Zone Dammam","Electrical","Preventive","Scheduled","Reliability Team","10","8002.26","3120.88","81","16.56","Yes","Controlled","SYNTHETIC DEMO DATA — Assets, preventive and corrective maintenance, downtime, maintenance costs, and asset condition."
"MAINTENANCEOPERATIONS-00346","2026-02-25","2026-02","Southern","Zone Tabuk","Fire Systems","Overhaul","Completed","Mobile Maintenance","7","6768.18","2720.81","82","17.44","Yes","Controlled","SYNTHETIC DEMO DATA — Assets, preventive and corrective maintenance, downtime, maintenance costs, and asset condition."
"MAINTENANCEOPERATIONS-00347","2026-03-10","2026-03","Western","Zone Abha","Vertical Transport","Inspection","Completed","Reliability Team","4","9796.62","4055.8","83","18.32","Yes","Controlled","SYNTHETIC DEMO DATA — Assets, preventive and corrective maintenance, downtime, maintenance costs, and asset condition."
"MAINTENANCEOPERATIONS-00348","2026-03-23","2026-03","Northern","Zone Riyadh","HVAC","Corrective","Outage","Mobile Maintenance","1","8399.74","3578.29","84","19.2","Yes","At Risk","SYNTHETIC DEMO DATA — Assets, preventive and corrective maintenance, downtime, maintenance costs, and asset condition."
"MAINTENANCEOPERATIONS-00349","2026-04-05","2026-04","Central","Zone Jeddah","Electrical","Preventive","Scheduled","Reliability Team","10","8879.98","3889.43","85","20.08","Yes","Controlled","SYNTHETIC DEMO DATA — Assets, preventive and corrective maintenance, downtime, maintenance costs, and asset condition."
"MAINTENANCEOPERATIONS-00350","2026-04-18","2026-04","Eastern","Zone Dammam","Fire Systems","Overhaul","Completed","Mobile Maintenance","7","8531.97","3327.47","85","20.96","Yes","Controlled","SYNTHETIC DEMO DATA — Assets, preventive and corrective maintenance, downtime, maintenance costs, and asset condition."
"MAINTENANCEOPERATIONS-00351","2026-05-01","2026-05","Southern","Zone Tabuk","Vertical Transport","Inspection","Completed","Reliability Team","4","4480.51","1801.17","86","10.4","No","At Risk","SYNTHETIC DEMO DATA — Assets, preventive and corrective maintenance, downtime, maintenance costs, and asset condition."
"MAINTENANCEOPERATIONS-00352","2026-05-14","2026-05","Western","Zone Abha","HVAC","Corrective","Outage","Mobile Maintenance","1","6280.82","2600.26","78","11.28","No","At Risk","SYNTHETIC DEMO DATA — Assets, preventive and corrective maintenance, downtime, maintenance costs, and asset condition."
"MAINTENANCEOPERATIONS-00353","2026-05-27","2026-05","Northern","Zone Riyadh","Electrical","Preventive","Scheduled","Reliability Team","10","5465.32","2328.23","79","12.16","Yes","Controlled","SYNTHETIC DEMO DATA — Assets, preventive and corrective maintenance, downtime, maintenance costs, and asset condition."
"MAINTENANCEOPERATIONS-00354","2026-06-09","2026-06","Central","Zone Jeddah","Fire Systems","Overhaul","Completed","Mobile Maintenance","7","8001.02","3504.45","79","13.04","Yes","Controlled","SYNTHETIC DEMO DATA — Assets, preventive and corrective maintenance, downtime, maintenance costs, and asset condition."
"MAINTENANCEOPERATIONS-00355","2026-06-22","2026-06","Eastern","Zone Dammam","Vertical Transport","Inspection","Completed","Reliability Team","4","7778.07","3033.45","80","13.92","Yes","Controlled","SYNTHETIC DEMO DATA — Assets, preventive and corrective maintenance, downtime, maintenance costs, and asset condition."
"MAINTENANCEOPERATIONS-00356","2025-01-11","2025-01","Southern","Zone Tabuk","HVAC","Corrective","Outage","Mobile Maintenance","1","6348.87","2552.25","81","14.8","Yes","At Risk","SYNTHETIC DEMO DATA — Assets, preventive and corrective maintenance, downtime, maintenance costs, and asset condition."
"MAINTENANCEOPERATIONS-00357","2025-01-24","2025-01","Western","Zone Abha","Electrical","Preventive","Scheduled","Reliability Team","10","8725.33","3612.29","82","15.68","Yes","Controlled","SYNTHETIC DEMO DATA — Assets, preventive and corrective maintenance, downtime, maintenance costs, and asset condition."
"MAINTENANCEOPERATIONS-00358","2025-02-06","2025-02","Northern","Zone Riyadh","Fire Systems","Overhaul","Completed","Mobile Maintenance","7","7853.35","3345.53","83","16.56","Yes","Controlled","SYNTHETIC DEMO DATA — Assets, preventive and corrective maintenance, downtime, maintenance costs, and asset condition."
"MAINTENANCEOPERATIONS-00359","2025-02-19","2025-02","Central","Zone Jeddah","Vertical Transport","Inspection","Completed","Reliability Team","4","10690.33","4682.36","84","17.44","Yes","Controlled","SYNTHETIC DEMO DATA — Assets, preventive and corrective maintenance, downtime, maintenance costs, and asset condition."
"MAINTENANCEOPERATIONS-00360","2025-03-04","2025-03","Eastern","Zone Dammam","HVAC","Corrective","Outage","Mobile Maintenance","1","6376.71","2486.92","85","18.32","No","At Risk","SYNTHETIC DEMO DATA — Assets, preventive and corrective maintenance, downtime, maintenance costs, and asset condition."
"MAINTENANCEOPERATIONS-00361","2025-03-17","2025-03","Southern","Zone Tabuk","Electrical","Preventive","Scheduled","Reliability Team","10","5465.63","2197.18","85","19.2","No","At Risk","SYNTHETIC DEMO DATA — Assets, preventive and corrective maintenance, downtime, maintenance costs, and asset condition."
"MAINTENANCEOPERATIONS-00362","2025-03-30","2025-03","Western","Zone Abha","Fire Systems","Overhaul","Completed","Mobile Maintenance","7","7623.18","3156","86","20.08","Yes","Controlled","SYNTHETIC DEMO DATA — Assets, preventive and corrective maintenance, downtime, maintenance costs, and asset condition."
"MAINTENANCEOPERATIONS-00363","2025-04-12","2025-04","Northern","Zone Riyadh","Vertical Transport","Inspection","Completed","Reliability Team","4","5122.4","2182.14","78","20.96","Yes","Controlled","SYNTHETIC DEMO DATA — Assets, preventive and corrective maintenance, downtime, maintenance costs, and asset condition."
"MAINTENANCEOPERATIONS-00364","2025-04-25","2025-04","Central","Zone Jeddah","HVAC","Corrective","Outage","Mobile Maintenance","1","7055.03","3090.1","79","10.4","Yes","At Risk","SYNTHETIC DEMO DATA — Assets, preventive and corrective maintenance, downtime, maintenance costs, and asset condition."
"MAINTENANCEOPERATIONS-00365","2025-05-08","2025-05","Eastern","Zone Dammam","Electrical","Preventive","Scheduled","Reliability Team","10","7262.14","2832.23","79","11.28","Yes","Controlled","SYNTHETIC DEMO DATA — Assets, preventive and corrective maintenance, downtime, maintenance costs, and asset condition."
"MAINTENANCEOPERATIONS-00366","2025-05-21","2025-05","Southern","Zone Tabuk","Fire Systems","Overhaul","Completed","Mobile Maintenance","7","6102.47","2453.19","80","12.16","Yes","Controlled","SYNTHETIC DEMO DATA — Assets, preventive and corrective maintenance, downtime, maintenance costs, and asset condition."
"MAINTENANCEOPERATIONS-00367","2025-06-03","2025-06","Western","Zone Abha","Vertical Transport","Inspection","Completed","Reliability Team","4","8855.67","3666.25","81","13.04","Yes","Controlled","SYNTHETIC DEMO DATA — Assets, preventive and corrective maintenance, downtime, maintenance costs, and asset condition."
"MAINTENANCEOPERATIONS-00368","2025-06-16","2025-06","Northern","Zone Riyadh","HVAC","Corrective","Outage","Mobile Maintenance","1","7553.37","3217.74","82","13.92","Yes","At Risk","SYNTHETIC DEMO DATA — Assets, preventive and corrective maintenance, downtime, maintenance costs, and asset condition."
"MAINTENANCEOPERATIONS-00369","2025-06-29","2025-06","Central","Zone Jeddah","Electrical","Preventive","Scheduled","Reliability Team","10","6079.33","2662.75","83","14.8","No","At Risk","SYNTHETIC DEMO DATA — Assets, preventive and corrective maintenance, downtime, maintenance costs, and asset condition."
"MAINTENANCEOPERATIONS-00370","2025-07-12","2025-07","Eastern","Zone Dammam","Fire Systems","Overhaul","Completed","Mobile Maintenance","7","6433.69","2509.14","84","15.68","No","At Risk","SYNTHETIC DEMO DATA — Assets, preventive and corrective maintenance, downtime, maintenance costs, and asset condition."
"MAINTENANCEOPERATIONS-00371","2025-07-25","2025-07","Southern","Zone Tabuk","Vertical Transport","Inspection","Completed","Reliability Team","4","5486.7","2205.65","85","16.56","Yes","Controlled","SYNTHETIC DEMO DATA — Assets, preventive and corrective maintenance, downtime, maintenance costs, and asset condition."
"MAINTENANCEOPERATIONS-00372","2025-08-07","2025-08","Western","Zone Abha","HVAC","Corrective","Outage","Mobile Maintenance","1","8019.96","3320.26","85","17.44","Yes","At Risk","SYNTHETIC DEMO DATA — Assets, preventive and corrective maintenance, downtime, maintenance costs, and asset condition."
"MAINTENANCEOPERATIONS-00373","2025-08-20","2025-08","Northern","Zone Riyadh","Electrical","Preventive","Scheduled","Reliability Team","10","6921.18","2948.42","86","18.32","Yes","Controlled","SYNTHETIC DEMO DATA — Assets, preventive and corrective maintenance, downtime, maintenance costs, and asset condition."
"MAINTENANCEOPERATIONS-00374","2025-09-02","2025-09","Central","Zone Jeddah","Fire Systems","Overhaul","Completed","Mobile Maintenance","7","9974.82","4368.97","78","19.2","Yes","Controlled","SYNTHETIC DEMO DATA — Assets, preventive and corrective maintenance, downtime, maintenance costs, and asset condition."
"MAINTENANCEOPERATIONS-00375","2025-09-15","2025-09","Eastern","Zone Dammam","Vertical Transport","Inspection","Completed","Reliability Team","4","9634.14","3757.31","79","20.08","Yes","Controlled","SYNTHETIC DEMO DATA — Assets, preventive and corrective maintenance, downtime, maintenance costs, and asset condition."
"MAINTENANCEOPERATIONS-00376","2025-09-28","2025-09","Southern","Zone Tabuk","HVAC","Corrective","Outage","Mobile Maintenance","1","8213.75","3301.93","79","20.96","Yes","At Risk","SYNTHETIC DEMO DATA — Assets, preventive and corrective maintenance, downtime, maintenance costs, and asset condition."
"MAINTENANCEOPERATIONS-00377","2025-10-11","2025-10","Western","Zone Abha","Electrical","Preventive","Scheduled","Reliability Team","10","8555.74","3542.08","80","10.4","Yes","Controlled","SYNTHETIC DEMO DATA — Assets, preventive and corrective maintenance, downtime, maintenance costs, and asset condition."
"MAINTENANCEOPERATIONS-00378","2025-10-24","2025-10","Northern","Zone Riyadh","Fire Systems","Overhaul","Completed","Mobile Maintenance","7","4314.75","1838.08","81","11.28","No","At Risk","SYNTHETIC DEMO DATA — Assets, preventive and corrective maintenance, downtime, maintenance costs, and asset condition."
"MAINTENANCEOPERATIONS-00379","2025-11-06","2025-11","Central","Zone Jeddah","Vertical Transport","Inspection","Completed","Reliability Team","4","6398.74","2802.65","82","12.16","No","At Risk","SYNTHETIC DEMO DATA — Assets, preventive and corrective maintenance, downtime, maintenance costs, and asset condition."
"MAINTENANCEOPERATIONS-00380","2025-11-19","2025-11","Eastern","Zone Dammam","HVAC","Corrective","Outage","Mobile Maintenance","1","6272.09","2446.12","83","13.04","Yes","At Risk","SYNTHETIC DEMO DATA — Assets, preventive and corrective maintenance, downtime, maintenance costs, and asset condition."
"MAINTENANCEOPERATIONS-00381","2025-12-02","2025-12","Southern","Zone Tabuk","Electrical","Preventive","Scheduled","Reliability Team","10","5638.66","2266.74","84","13.92","Yes","Controlled","SYNTHETIC DEMO DATA — Assets, preventive and corrective maintenance, downtime, maintenance costs, and asset condition."
"MAINTENANCEOPERATIONS-00382","2025-12-15","2025-12","Western","Zone Abha","Fire Systems","Overhaul","Completed","Mobile Maintenance","7","7799.74","3229.09","85","14.8","Yes","Controlled","SYNTHETIC DEMO DATA — Assets, preventive and corrective maintenance, downtime, maintenance costs, and asset condition."
"MAINTENANCEOPERATIONS-00383","2025-12-28","2025-12","Northern","Zone Riyadh","Vertical Transport","Inspection","Completed","Reliability Team","4","6822.65","2906.45","85","15.68","Yes","Controlled","SYNTHETIC DEMO DATA — Assets, preventive and corrective maintenance, downtime, maintenance costs, and asset condition."
"MAINTENANCEOPERATIONS-00384","2026-01-10","2026-01","Central","Zone Jeddah","HVAC","Corrective","Outage","Mobile Maintenance","1","9854.64","4316.33","86","16.56","Yes","At Risk","SYNTHETIC DEMO DATA — Assets, preventive and corrective maintenance, downtime, maintenance costs, and asset condition."
"MAINTENANCEOPERATIONS-00385","2026-01-23","2026-01","Eastern","Zone Dammam","Electrical","Preventive","Scheduled","Reliability Team","10","9491.95","3701.86","78","17.44","Yes","Controlled","SYNTHETIC DEMO DATA — Assets, preventive and corrective maintenance, downtime, maintenance costs, and asset condition."
"MAINTENANCEOPERATIONS-00386","2026-02-05","2026-02","Southern","Zone Tabuk","Fire Systems","Overhaul","Completed","Mobile Maintenance","7","8352.23","3357.6","79","18.32","Yes","Controlled","SYNTHETIC DEMO DATA — Assets, preventive and corrective maintenance, downtime, maintenance costs, and asset condition."
"MAINTENANCEOPERATIONS-00387","2026-02-18","2026-02","Western","Zone Abha","Vertical Transport","Inspection","Completed","Reliability Team","4","6751.44","2795.1","79","19.2","No","At Risk","SYNTHETIC DEMO DATA — Assets, preventive and corrective maintenance, downtime, maintenance costs, and asset condition."
"MAINTENANCEOPERATIONS-00388","2026-03-03","2026-03","Northern","Zone Riyadh","HVAC","Corrective","Outage","Mobile Maintenance","1","6199.81","2641.12","80","20.08","No","At Risk","SYNTHETIC DEMO DATA — Assets, preventive and corrective maintenance, downtime, maintenance costs, and asset condition."
"MAINTENANCEOPERATIONS-00389","2026-03-16","2026-03","Central","Zone Jeddah","Electrical","Preventive","Scheduled","Reliability Team","10","8609.84","3771.11","81","20.96","Yes","Controlled","SYNTHETIC DEMO DATA — Assets, preventive and corrective maintenance, downtime, maintenance costs, and asset condition."
"MAINTENANCEOPERATIONS-00390","2026-03-29","2026-03","Eastern","Zone Dammam","Fire Systems","Overhaul","Completed","Mobile Maintenance","7","8543.46","3331.95","82","10.4","Yes","Controlled","SYNTHETIC DEMO DATA — Assets, preventive and corrective maintenance, downtime, maintenance costs, and asset condition."
"MAINTENANCEOPERATIONS-00391","2026-04-11","2026-04","Southern","Zone Tabuk","Vertical Transport","Inspection","Completed","Reliability Team","4","5505.46","2213.19","83","11.28","Yes","Controlled","SYNTHETIC DEMO DATA — Assets, preventive and corrective maintenance, downtime, maintenance costs, and asset condition."
"MAINTENANCEOPERATIONS-00392","2026-04-24","2026-04","Western","Zone Abha","HVAC","Corrective","Outage","Mobile Maintenance","1","7589.42","3142.02","84","12.16","Yes","At Risk","SYNTHETIC DEMO DATA — Assets, preventive and corrective maintenance, downtime, maintenance costs, and asset condition."
"MAINTENANCEOPERATIONS-00393","2026-05-07","2026-05","Northern","Zone Riyadh","Electrical","Preventive","Scheduled","Reliability Team","10","6913.96","2945.35","85","13.04","Yes","Controlled","SYNTHETIC DEMO DATA — Assets, preventive and corrective maintenance, downtime, maintenance costs, and asset condition."
"MAINTENANCEOPERATIONS-00394","2026-05-20","2026-05","Central","Zone Jeddah","Fire Systems","Overhaul","Completed","Mobile Maintenance","7","9434.97","4132.52","85","13.92","Yes","Controlled","SYNTHETIC DEMO DATA — Assets, preventive and corrective maintenance, downtime, maintenance costs, and asset condition."
"MAINTENANCEOPERATIONS-00395","2026-06-02","2026-06","Eastern","Zone Dammam","Vertical Transport","Inspection","Completed","Reliability Team","4","9598.47","3743.4","86","14.8","Yes","Controlled","SYNTHETIC DEMO DATA — Assets, preventive and corrective maintenance, downtime, maintenance costs, and asset condition."
"MAINTENANCEOPERATIONS-00396","2026-06-15","2026-06","Southern","Zone Tabuk","HVAC","Corrective","Outage","Mobile Maintenance","1","4744.07","1907.12","78","15.68","No","At Risk","SYNTHETIC DEMO DATA — Assets, preventive and corrective maintenance, downtime, maintenance costs, and asset condition."
"MAINTENANCEOPERATIONS-00397","2025-01-04","2025-01","Western","Zone Abha","Electrical","Preventive","Scheduled","Reliability Team","10","6440.13","2666.21","79","16.56","No","At Risk","SYNTHETIC DEMO DATA — Assets, preventive and corrective maintenance, downtime, maintenance costs, and asset condition."
"MAINTENANCEOPERATIONS-00398","2025-01-17","2025-01","Northern","Zone Riyadh","Fire Systems","Overhaul","Completed","Mobile Maintenance","7","5603.95","2387.28","79","17.44","Yes","Controlled","SYNTHETIC DEMO DATA — Assets, preventive and corrective maintenance, downtime, maintenance costs, and asset condition."
"MAINTENANCEOPERATIONS-00399","2025-01-30","2025-01","Central","Zone Jeddah","Vertical Transport","Inspection","Completed","Reliability Team","4","7748.18","3393.7","80","18.32","Yes","Controlled","SYNTHETIC DEMO DATA — Assets, preventive and corrective maintenance, downtime, maintenance costs, and asset condition."
"MAINTENANCEOPERATIONS-00400","2025-02-12","2025-02","Eastern","Zone Dammam","HVAC","Corrective","Outage","Mobile Maintenance","1","7928.71","3092.2","81","19.2","Yes","At Risk","SYNTHETIC DEMO DATA — Assets, preventive and corrective maintenance, downtime, maintenance costs, and asset condition."
"MAINTENANCEOPERATIONS-00401","2025-02-25","2025-02","Southern","Zone Tabuk","Electrical","Preventive","Scheduled","Reliability Team","10","6683.02","2686.57","82","20.08","Yes","Controlled","SYNTHETIC DEMO DATA — Assets, preventive and corrective maintenance, downtime, maintenance costs, and asset condition."
"MAINTENANCEOPERATIONS-00402","2025-03-10","2025-03","Western","Zone Abha","Fire Systems","Overhaul","Completed","Mobile Maintenance","7","9643.79","3992.53","83","20.96","Yes","Controlled","SYNTHETIC DEMO DATA — Assets, preventive and corrective maintenance, downtime, maintenance costs, and asset condition."
"MAINTENANCEOPERATIONS-00403","2025-03-23","2025-03","Northern","Zone Riyadh","Vertical Transport","Inspection","Completed","Reliability Team","4","8246.01","3512.8","84","10.4","Yes","Controlled","SYNTHETIC DEMO DATA — Assets, preventive and corrective maintenance, downtime, maintenance costs, and asset condition."
"MAINTENANCEOPERATIONS-00404","2025-04-05","2025-04","Central","Zone Jeddah","HVAC","Corrective","Outage","Mobile Maintenance","1","8706.2","3813.32","85","11.28","Yes","At Risk","SYNTHETIC DEMO DATA — Assets, preventive and corrective maintenance, downtime, maintenance costs, and asset condition."
"MAINTENANCEOPERATIONS-00405","2025-04-18","2025-04","Eastern","Zone Dammam","Electrical","Preventive","Scheduled","Reliability Team","10","4945.9","1928.9","85","12.16","No","At Risk","SYNTHETIC DEMO DATA — Assets, preventive and corrective maintenance, downtime, maintenance costs, and asset condition."
"MAINTENANCEOPERATIONS-00406","2025-05-01","2025-05","Southern","Zone Tabuk","Fire Systems","Overhaul","Completed","Mobile Maintenance","7","4504.2","1810.69","86","13.04","No","At Risk","SYNTHETIC DEMO DATA — Assets, preventive and corrective maintenance, downtime, maintenance costs, and asset condition."
"MAINTENANCEOPERATIONS-00407","2025-05-14","2025-05","Western","Zone Abha","Vertical Transport","Inspection","Completed","Reliability Team","4","6282.23","2600.84","78","13.92","Yes","Controlled","SYNTHETIC DEMO DATA — Assets, preventive and corrective maintenance, downtime, maintenance costs, and asset condition."
"MAINTENANCEOPERATIONS-00408","2025-05-27","2025-05","Northern","Zone Riyadh","HVAC","Corrective","Outage","Mobile Maintenance","1","5442.55","2318.53","79","14.8","Yes","At Risk","SYNTHETIC DEMO DATA — Assets, preventive and corrective maintenance, downtime, maintenance costs, and asset condition."
"MAINTENANCEOPERATIONS-00409","2025-06-09","2025-06","Central","Zone Jeddah","Electrical","Preventive","Scheduled","Reliability Team","10","7936.91","3476.37","79","15.68","Yes","Controlled","SYNTHETIC DEMO DATA — Assets, preventive and corrective maintenance, downtime, maintenance costs, and asset condition."
"MAINTENANCEOPERATIONS-00410","2025-06-22","2025-06","Eastern","Zone Dammam","Fire Systems","Overhaul","Completed","Mobile Maintenance","7","7689.32","2998.83","80","16.56","Yes","Controlled","SYNTHETIC DEMO DATA — Assets, preventive and corrective maintenance, downtime, maintenance costs, and asset condition."
"MAINTENANCEOPERATIONS-00411","2025-07-05","2025-07","Southern","Zone Tabuk","Vertical Transport","Inspection","Completed","Reliability Team","4","6941","2790.28","81","17.44","Yes","Controlled","SYNTHETIC DEMO DATA — Assets, preventive and corrective maintenance, downtime, maintenance costs, and asset condition."
"MAINTENANCEOPERATIONS-00412","2025-07-18","2025-07","Western","Zone Abha","HVAC","Corrective","Outage","Mobile Maintenance","1","9512.94","3938.36","82","18.32","Yes","At Risk","SYNTHETIC DEMO DATA — Assets, preventive and corrective maintenance, downtime, maintenance costs, and asset condition."
"MAINTENANCEOPERATIONS-00413","2025-07-31","2025-07","Northern","Zone Riyadh","Electrical","Preventive","Scheduled","Reliability Team","10","8113.98","3456.56","83","19.2","Yes","Controlled","SYNTHETIC DEMO DATA — Assets, preventive and corrective maintenance, downtime, maintenance costs, and asset condition."
"MAINTENANCEOPERATIONS-00414","2025-08-13","2025-08","Central","Zone Jeddah","Fire Systems","Overhaul","Completed","Mobile Maintenance","7","6874.25","3010.92","84","20.08","No","At Risk","SYNTHETIC DEMO DATA — Assets, preventive and corrective maintenance, downtime, maintenance costs, and asset condition."
"MAINTENANCEOPERATIONS-00415","2025-08-26","2025-08","Eastern","Zone Dammam","Vertical Transport","Inspection","Completed","Reliability Team","4","6772.3","2641.2","85","20.96","No","At Risk","SYNTHETIC DEMO DATA — Assets, preventive and corrective maintenance, downtime, maintenance costs, and asset condition."
"MAINTENANCEOPERATIONS-00416","2025-09-08","2025-09","Southern","Zone Tabuk","HVAC","Corrective","Outage","Mobile Maintenance","1","6064.24","2437.82","85","10.4","Yes","At Risk","SYNTHETIC DEMO DATA — Assets, preventive and corrective maintenance, downtime, maintenance costs, and asset condition."
"MAINTENANCEOPERATIONS-00417","2025-09-21","2025-09","Western","Zone Abha","Electrical","Preventive","Scheduled","Reliability Team","10","8420.96","3486.28","86","11.28","Yes","Controlled","SYNTHETIC DEMO DATA — Assets, preventive and corrective maintenance, downtime, maintenance costs, and asset condition."
"MAINTENANCEOPERATIONS-00418","2025-10-04","2025-10","Northern","Zone Riyadh","Fire Systems","Overhaul","Completed","Mobile Maintenance","7","5633.14","2399.72","78","12.16","Yes","Controlled","SYNTHETIC DEMO DATA — Assets, preventive and corrective maintenance, downtime, maintenance costs, and asset condition."
"MAINTENANCEOPERATIONS-00419","2025-10-17","2025-10","Central","Zone Jeddah","Vertical Transport","Inspection","Completed","Reliability Team","4","7731.91","3386.58","79","13.04","Yes","Controlled","SYNTHETIC DEMO DATA — Assets, preventive and corrective maintenance, downtime, maintenance costs, and asset condition."
"MAINTENANCEOPERATIONS-00420","2025-10-30","2025-10","Eastern","Zone Dammam","HVAC","Corrective","Outage","Mobile Maintenance","1","7467.83","2912.45","79","13.92","Yes","At Risk","SYNTHETIC DEMO DATA — Assets, preventive and corrective maintenance, downtime, maintenance costs, and asset condition."
"MAINTENANCEOPERATIONS-00421","2025-11-12","2025-11","Southern","Zone Tabuk","Electrical","Preventive","Scheduled","Reliability Team","10","6649.23","2672.99","80","14.8","Yes","Controlled","SYNTHETIC DEMO DATA — Assets, preventive and corrective maintenance, downtime, maintenance costs, and asset condition."
"MAINTENANCEOPERATIONS-00422","2025-11-25","2025-11","Western","Zone Abha","Fire Systems","Overhaul","Completed","Mobile Maintenance","7","9090.48","3763.46","81","15.68","Yes","Controlled","SYNTHETIC DEMO DATA — Assets, preventive and corrective maintenance, downtime, maintenance costs, and asset condition."
"MAINTENANCEOPERATIONS-00423","2025-12-08","2025-12","Northern","Zone Riyadh","Vertical Transport","Inspection","Completed","Reliability Team","4","4854.09","2067.84","82","16.56","No","At Risk","SYNTHETIC DEMO DATA — Assets, preventive and corrective maintenance, downtime, maintenance costs, and asset condition."
"MAINTENANCEOPERATIONS-00424","2025-12-21","2025-12","Central","Zone Jeddah","HVAC","Corrective","Outage","Mobile Maintenance","1","6775.13","2967.51","83","17.44","No","At Risk","SYNTHETIC DEMO DATA — Assets, preventive and corrective maintenance, downtime, maintenance costs, and asset condition."
"MAINTENANCEOPERATIONS-00425","2026-01-03","2026-01","Eastern","Zone Dammam","Electrical","Preventive","Scheduled","Reliability Team","10","7129.7","2780.58","84","18.32","Yes","Controlled","SYNTHETIC DEMO DATA — Assets, preventive and corrective maintenance, downtime, maintenance costs, and asset condition."
"MAINTENANCEOPERATIONS-00426","2026-01-16","2026-01","Southern","Zone Tabuk","Fire Systems","Overhaul","Completed","Mobile Maintenance","7","6053.56","2433.53","85","19.2","Yes","Controlled","SYNTHETIC DEMO DATA — Assets, preventive and corrective maintenance, downtime, maintenance costs, and asset condition."
"MAINTENANCEOPERATIONS-00427","2026-01-29","2026-01","Western","Zone Abha","Vertical Transport","Inspection","Completed","Reliability Team","4","8373.66","3466.7","85","20.08","Yes","Controlled","SYNTHETIC DEMO DATA — Assets, preventive and corrective maintenance, downtime, maintenance costs, and asset condition."
"MAINTENANCEOPERATIONS-00428","2026-02-11","2026-02","Northern","Zone Riyadh","HVAC","Corrective","Outage","Mobile Maintenance","1","7580.72","3229.39","86","20.96","Yes","At Risk","SYNTHETIC DEMO DATA — Assets, preventive and corrective maintenance, downtime, maintenance costs, and asset condition."
"MAINTENANCEOPERATIONS-00429","2026-02-24","2026-02","Central","Zone Jeddah","Electrical","Preventive","Scheduled","Reliability Team","10","10373.3","4543.51","78","10.4","Yes","Controlled","SYNTHETIC DEMO DATA — Assets, preventive and corrective maintenance, downtime, maintenance costs, and asset condition."
"MAINTENANCEOPERATIONS-00430","2026-03-09","2026-03","Eastern","Zone Dammam","Fire Systems","Overhaul","Completed","Mobile Maintenance","7","10491.1","4091.53","79","11.28","Yes","Controlled","SYNTHETIC DEMO DATA — Assets, preventive and corrective maintenance, downtime, maintenance costs, and asset condition."
"MAINTENANCEOPERATIONS-00431","2026-03-22","2026-03","Southern","Zone Tabuk","Vertical Transport","Inspection","Completed","Reliability Team","4","8769.84","3525.48","79","12.16","Yes","Controlled","SYNTHETIC DEMO DATA — Assets, preventive and corrective maintenance, downtime, maintenance costs, and asset condition."
"MAINTENANCEOPERATIONS-00432","2026-04-04","2026-04","Western","Zone Abha","HVAC","Corrective","Outage","Mobile Maintenance","1","5491.84","2273.62","80","13.04","No","At Risk","SYNTHETIC DEMO DATA — Assets, preventive and corrective maintenance, downtime, maintenance costs, and asset condition."
"MAINTENANCEOPERATIONS-00433","2026-04-17","2026-04","Northern","Zone Riyadh","Electrical","Preventive","Scheduled","Reliability Team","10","4802.98","2046.07","81","13.92","No","At Risk","SYNTHETIC DEMO DATA — Assets, preventive and corrective maintenance, downtime, maintenance costs, and asset condition."
"MAINTENANCEOPERATIONS-00434","2026-04-30","2026-04","Central","Zone Jeddah","Fire Systems","Overhaul","Completed","Mobile Maintenance","7","6670.03","2921.47","82","14.8","Yes","Controlled","SYNTHETIC DEMO DATA — Assets, preventive and corrective maintenance, downtime, maintenance costs, and asset condition."
"MAINTENANCEOPERATIONS-00435","2026-05-13","2026-05","Eastern","Zone Dammam","Vertical Transport","Inspection","Completed","Reliability Team","4","6916.14","2697.29","83","15.68","Yes","Controlled","SYNTHETIC DEMO DATA — Assets, preventive and corrective maintenance, downtime, maintenance costs, and asset condition."
"MAINTENANCEOPERATIONS-00436","2026-05-26","2026-05","Southern","Zone Tabuk","HVAC","Corrective","Outage","Mobile Maintenance","1","5849.55","2351.52","84","16.56","Yes","At Risk","SYNTHETIC DEMO DATA — Assets, preventive and corrective maintenance, downtime, maintenance costs, and asset condition."
"MAINTENANCEOPERATIONS-00437","2026-06-08","2026-06","Western","Zone Abha","Electrical","Preventive","Scheduled","Reliability Team","10","8538.1","3534.77","85","17.44","Yes","Controlled","SYNTHETIC DEMO DATA — Assets, preventive and corrective maintenance, downtime, maintenance costs, and asset condition."
"MAINTENANCEOPERATIONS-00438","2026-06-21","2026-06","Northern","Zone Riyadh","Fire Systems","Overhaul","Completed","Mobile Maintenance","7","7320.67","3118.61","85","18.32","Yes","Controlled","SYNTHETIC DEMO DATA — Assets, preventive and corrective maintenance, downtime, maintenance costs, and asset condition."
"MAINTENANCEOPERATIONS-00439","2025-01-10","2025-01","Central","Zone Jeddah","Vertical Transport","Inspection","Completed","Reliability Team","4","9674.29","4237.34","86","19.2","Yes","Controlled","SYNTHETIC DEMO DATA — Assets, preventive and corrective maintenance, downtime, maintenance costs, and asset condition."
"MAINTENANCEOPERATIONS-00440","2025-01-23","2025-01","Eastern","Zone Dammam","HVAC","Corrective","Outage","Mobile Maintenance","1","9295.15","3625.11","78","20.08","Yes","At Risk","SYNTHETIC DEMO DATA — Assets, preventive and corrective maintenance, downtime, maintenance costs, and asset condition."
"MAINTENANCEOPERATIONS-00441","2025-02-05","2025-02","Southern","Zone Tabuk","Electrical","Preventive","Scheduled","Reliability Team","10","4835.95","1944.05","79","20.96","No","At Risk","SYNTHETIC DEMO DATA — Assets, preventive and corrective maintenance, downtime, maintenance costs, and asset condition."
"MAINTENANCEOPERATIONS-00442","2025-02-18","2025-02","Western","Zone Abha","Fire Systems","Overhaul","Completed","Mobile Maintenance","7","6779.08","2806.54","79","10.4","No","At Risk","SYNTHETIC DEMO DATA — Assets, preventive and corrective maintenance, downtime, maintenance costs, and asset condition."
"MAINTENANCEOPERATIONS-00443","2025-03-03","2025-03","Northern","Zone Riyadh","Vertical Transport","Inspection","Completed","Reliability Team","4","6193.84","2638.58","80","11.28","Yes","Controlled","SYNTHETIC DEMO DATA — Assets, preventive and corrective maintenance, downtime, maintenance costs, and asset condition."
"MAINTENANCEOPERATIONS-00444","2025-03-16","2025-03","Central","Zone Jeddah","HVAC","Corrective","Outage","Mobile Maintenance","1","8563.78","3750.94","81","12.16","Yes","At Risk","SYNTHETIC DEMO DATA — Assets, preventive and corrective maintenance, downtime, maintenance costs, and asset condition."
"MAINTENANCEOPERATIONS-00445","2025-03-29","2025-03","Eastern","Zone Dammam","Electrical","Preventive","Scheduled","Reliability Team","10","8325.15","3246.81","82","13.04","Yes","Controlled","SYNTHETIC DEMO DATA — Assets, preventive and corrective maintenance, downtime, maintenance costs, and asset condition."
"MAINTENANCEOPERATIONS-00446","2025-04-11","2025-04","Southern","Zone Tabuk","Fire Systems","Overhaul","Completed","Mobile Maintenance","7","5442.65","2187.95","83","13.92","Yes","Controlled","SYNTHETIC DEMO DATA — Assets, preventive and corrective maintenance, downtime, maintenance costs, and asset condition."
"MAINTENANCEOPERATIONS-00447","2025-04-24","2025-04","Western","Zone Abha","Vertical Transport","Inspection","Completed","Reliability Team","4","7479.91","3096.68","84","14.8","Yes","Controlled","SYNTHETIC DEMO DATA — Assets, preventive and corrective maintenance, downtime, maintenance costs, and asset condition."
"MAINTENANCEOPERATIONS-00448","2025-05-07","2025-05","Northern","Zone Riyadh","HVAC","Corrective","Outage","Mobile Maintenance","1","6795.5","2894.88","85","15.68","Yes","At Risk","SYNTHETIC DEMO DATA — Assets, preventive and corrective maintenance, downtime, maintenance costs, and asset condition."
"MAINTENANCEOPERATIONS-00449","2025-05-20","2025-05","Central","Zone Jeddah","Electrical","Preventive","Scheduled","Reliability Team","10","9250.34","4051.65","85","16.56","Yes","Controlled","SYNTHETIC DEMO DATA — Assets, preventive and corrective maintenance, downtime, maintenance costs, and asset condition."
"MAINTENANCEOPERATIONS-00450","2025-06-02","2025-06","Eastern","Zone Dammam","Fire Systems","Overhaul","Completed","Mobile Maintenance","7","5564.13","2170.01","86","17.44","No","At Risk","SYNTHETIC DEMO DATA — Assets, preventive and corrective maintenance, downtime, maintenance costs, and asset condition."
"MAINTENANCEOPERATIONS-00451","2025-06-15","2025-06","Southern","Zone Tabuk","Vertical Transport","Inspection","Completed","Reliability Team","4","4769.16","1917.2","78","18.32","No","At Risk","SYNTHETIC DEMO DATA — Assets, preventive and corrective maintenance, downtime, maintenance costs, and asset condition."
"MAINTENANCEOPERATIONS-00452","2025-06-28","2025-06","Western","Zone Abha","HVAC","Corrective","Outage","Mobile Maintenance","1","6651.77","2753.83","79","19.2","Yes","At Risk","SYNTHETIC DEMO DATA — Assets, preventive and corrective maintenance, downtime, maintenance costs, and asset condition."
"MAINTENANCEOPERATIONS-00453","2025-07-11","2025-07","Northern","Zone Riyadh","Electrical","Preventive","Scheduled","Reliability Team","10","6190.4","2637.11","79","20.08","Yes","Controlled","SYNTHETIC DEMO DATA — Assets, preventive and corrective maintenance, downtime, maintenance costs, and asset condition."
"MAINTENANCEOPERATIONS-00454","2025-07-24","2025-07","Central","Zone Jeddah","Fire Systems","Overhaul","Completed","Mobile Maintenance","7","8525.98","3734.38","80","20.96","Yes","Controlled","SYNTHETIC DEMO DATA — Assets, preventive and corrective maintenance, downtime, maintenance costs, and asset condition."
"MAINTENANCEOPERATIONS-00455","2025-08-06","2025-08","Eastern","Zone Dammam","Vertical Transport","Inspection","Completed","Reliability Team","4","8694.76","3390.96","81","10.4","Yes","Controlled","SYNTHETIC DEMO DATA — Assets, preventive and corrective maintenance, downtime, maintenance costs, and asset condition."
"MAINTENANCEOPERATIONS-00456","2025-08-19","2025-08","Southern","Zone Tabuk","HVAC","Corrective","Outage","Mobile Maintenance","1","7306.32","2937.14","82","11.28","Yes","At Risk","SYNTHETIC DEMO DATA — Assets, preventive and corrective maintenance, downtime, maintenance costs, and asset condition."
"MAINTENANCEOPERATIONS-00457","2025-09-01","2025-09","Western","Zone Abha","Electrical","Preventive","Scheduled","Reliability Team","10","10514.3","4352.92","83","12.16","Yes","Controlled","SYNTHETIC DEMO DATA — Assets, preventive and corrective maintenance, downtime, maintenance costs, and asset condition."
"MAINTENANCEOPERATIONS-00458","2025-09-14","2025-09","Northern","Zone Riyadh","Fire Systems","Overhaul","Completed","Mobile Maintenance","7","8968.08","3820.4","84","13.04","Yes","Controlled","SYNTHETIC DEMO DATA — Assets, preventive and corrective maintenance, downtime, maintenance costs, and asset condition."
"MAINTENANCEOPERATIONS-00459","2025-09-27","2025-09","Central","Zone Jeddah","Vertical Transport","Inspection","Completed","Reliability Team","4","7217.96","3161.47","85","13.92","No","At Risk","SYNTHETIC DEMO DATA — Assets, preventive and corrective maintenance, downtime, maintenance costs, and asset condition."
"MAINTENANCEOPERATIONS-00460","2025-10-10","2025-10","Eastern","Zone Dammam","HVAC","Corrective","Outage","Mobile Maintenance","1","5511.97","2149.67","85","14.8","No","At Risk","SYNTHETIC DEMO DATA — Assets, preventive and corrective maintenance, downtime, maintenance costs, and asset condition."
"MAINTENANCEOPERATIONS-00461","2025-10-23","2025-10","Southern","Zone Tabuk","Electrical","Preventive","Scheduled","Reliability Team","10","4700.65","1889.66","86","15.68","Yes","Controlled","SYNTHETIC DEMO DATA — Assets, preventive and corrective maintenance, downtime, maintenance costs, and asset condition."
"MAINTENANCEOPERATIONS-00462","2025-11-05","2025-11","Western","Zone Abha","Fire Systems","Overhaul","Completed","Mobile Maintenance","7","6935.41","2871.26","78","16.56","Yes","Controlled","SYNTHETIC DEMO DATA — Assets, preventive and corrective maintenance, downtime, maintenance costs, and asset condition."
"MAINTENANCEOPERATIONS-00463","2025-11-18","2025-11","Northern","Zone Riyadh","Vertical Transport","Inspection","Completed","Reliability Team","4","5985.22","2549.7","79","17.44","Yes","Controlled","SYNTHETIC DEMO DATA — Assets, preventive and corrective maintenance, downtime, maintenance costs, and asset condition."
"MAINTENANCEOPERATIONS-00464","2025-12-01","2025-12","Central","Zone Jeddah","HVAC","Corrective","Outage","Mobile Maintenance","1","8698.4","3809.9","79","18.32","Yes","At Risk","SYNTHETIC DEMO DATA — Assets, preventive and corrective maintenance, downtime, maintenance costs, and asset condition."
"MAINTENANCEOPERATIONS-00465","2025-12-14","2025-12","Eastern","Zone Dammam","Electrical","Preventive","Scheduled","Reliability Team","10","8401.31","3276.51","80","19.2","Yes","Controlled","SYNTHETIC DEMO DATA — Assets, preventive and corrective maintenance, downtime, maintenance costs, and asset condition."
"MAINTENANCEOPERATIONS-00466","2025-12-27","2025-12","Southern","Zone Tabuk","Fire Systems","Overhaul","Completed","Mobile Maintenance","7","7160.59","2878.56","81","20.08","Yes","Controlled","SYNTHETIC DEMO DATA — Assets, preventive and corrective maintenance, downtime, maintenance costs, and asset condition."
"MAINTENANCEOPERATIONS-00467","2026-01-09","2026-01","Western","Zone Abha","Vertical Transport","Inspection","Completed","Reliability Team","4","10333.45","4278.05","82","20.96","Yes","Controlled","SYNTHETIC DEMO DATA — Assets, preventive and corrective maintenance, downtime, maintenance costs, and asset condition."
"MAINTENANCEOPERATIONS-00468","2026-01-22","2026-01","Northern","Zone Riyadh","HVAC","Corrective","Outage","Mobile Maintenance","1","5211.27","2220","83","10.4","No","At Risk","SYNTHETIC DEMO DATA — Assets, preventive and corrective maintenance, downtime, maintenance costs, and asset condition."
"MAINTENANCEOPERATIONS-00469","2026-02-04","2026-02","Central","Zone Jeddah","Electrical","Preventive","Scheduled","Reliability Team","10","7656.49","3353.54","84","11.28","No","At Risk","SYNTHETIC DEMO DATA — Assets, preventive and corrective maintenance, downtime, maintenance costs, and asset condition."
"MAINTENANCEOPERATIONS-00470","2026-02-17","2026-02","Eastern","Zone Dammam","Fire Systems","Overhaul","Completed","Mobile Maintenance","7","7504.95","2926.93","85","12.16","Yes","Controlled","SYNTHETIC DEMO DATA — Assets, preventive and corrective maintenance, downtime, maintenance costs, and asset condition."
"MAINTENANCEOPERATIONS-00471","2026-03-02","2026-03","Southern","Zone Tabuk","Vertical Transport","Inspection","Completed","Reliability Team","4","6690.78","2689.69","85","13.04","Yes","Controlled","SYNTHETIC DEMO DATA — Assets, preventive and corrective maintenance, downtime, maintenance costs, and asset condition."
"MAINTENANCEOPERATIONS-00472","2026-03-15","2026-03","Western","Zone Abha","HVAC","Corrective","Outage","Mobile Maintenance","1","9255.1","3831.61","86","13.92","Yes","At Risk","SYNTHETIC DEMO DATA — Assets, preventive and corrective maintenance, downtime, maintenance costs, and asset condition."
"MAINTENANCEOPERATIONS-00473","2026-03-28","2026-03","Northern","Zone Riyadh","Electrical","Preventive","Scheduled","Reliability Team","10","8093.41","3447.79","78","14.8","Yes","Controlled","SYNTHETIC DEMO DATA — Assets, preventive and corrective maintenance, downtime, maintenance costs, and asset condition."
"MAINTENANCEOPERATIONS-00474","2026-04-10","2026-04","Central","Zone Jeddah","Fire Systems","Overhaul","Completed","Mobile Maintenance","7","8437.99","3695.84","79","15.68","Yes","Controlled","SYNTHETIC DEMO DATA — Assets, preventive and corrective maintenance, downtime, maintenance costs, and asset condition."
"MAINTENANCEOPERATIONS-00475","2026-04-23","2026-04","Eastern","Zone Dammam","Vertical Transport","Inspection","Completed","Reliability Team","4","8127.44","3169.7","79","16.56","Yes","Controlled","SYNTHETIC DEMO DATA — Assets, preventive and corrective maintenance, downtime, maintenance costs, and asset condition."
"MAINTENANCEOPERATIONS-00476","2026-05-06","2026-05","Southern","Zone Tabuk","HVAC","Corrective","Outage","Mobile Maintenance","1","7218.6","2901.88","80","17.44","Yes","At Risk","SYNTHETIC DEMO DATA — Assets, preventive and corrective maintenance, downtime, maintenance costs, and asset condition."
"MAINTENANCEOPERATIONS-00477","2026-05-19","2026-05","Western","Zone Abha","Electrical","Preventive","Scheduled","Reliability Team","10","5835.08","2415.72","81","18.32","No","At Risk","SYNTHETIC DEMO DATA — Assets, preventive and corrective maintenance, downtime, maintenance costs, and asset condition."
"MAINTENANCEOPERATIONS-00478","2026-06-01","2026-06","Northern","Zone Riyadh","Fire Systems","Overhaul","Completed","Mobile Maintenance","7","5403.35","2301.83","82","19.2","No","At Risk","SYNTHETIC DEMO DATA — Assets, preventive and corrective maintenance, downtime, maintenance costs, and asset condition."
"MAINTENANCEOPERATIONS-00479","2026-06-14","2026-06","Central","Zone Jeddah","Vertical Transport","Inspection","Completed","Reliability Team","4","7503.78","3286.66","83","20.08","Yes","Controlled","SYNTHETIC DEMO DATA — Assets, preventive and corrective maintenance, downtime, maintenance costs, and asset condition."
"MAINTENANCEOPERATIONS-00480","2025-01-03","2025-01","Eastern","Zone Dammam","HVAC","Corrective","Outage","Mobile Maintenance","1","7091.56","2765.71","84","20.96","Yes","At Risk","SYNTHETIC DEMO DATA — Assets, preventive and corrective maintenance, downtime, maintenance costs, and asset condition."
"MAINTENANCEOPERATIONS-00481","2025-01-16","2025-01","Southern","Zone Tabuk","Electrical","Preventive","Scheduled","Reliability Team","10","5997.92","2411.16","85","10.4","Yes","Controlled","SYNTHETIC DEMO DATA — Assets, preventive and corrective maintenance, downtime, maintenance costs, and asset condition."
"MAINTENANCEOPERATIONS-00482","2025-01-29","2025-01","Western","Zone Abha","Fire Systems","Overhaul","Completed","Mobile Maintenance","7","8268.29","3423.07","85","11.28","Yes","Controlled","SYNTHETIC DEMO DATA — Assets, preventive and corrective maintenance, downtime, maintenance costs, and asset condition."
"MAINTENANCEOPERATIONS-00483","2025-02-11","2025-02","Northern","Zone Riyadh","Vertical Transport","Inspection","Completed","Reliability Team","4","7462.46","3179.01","86","12.16","Yes","Controlled","SYNTHETIC DEMO DATA — Assets, preventive and corrective maintenance, downtime, maintenance costs, and asset condition."
"MAINTENANCEOPERATIONS-00484","2025-02-24","2025-02","Central","Zone Jeddah","HVAC","Corrective","Outage","Mobile Maintenance","1","10183.46","4460.36","78","13.04","Yes","At Risk","SYNTHETIC DEMO DATA — Assets, preventive and corrective maintenance, downtime, maintenance costs, and asset condition."
"MAINTENANCEOPERATIONS-00485","2025-03-09","2025-03","Eastern","Zone Dammam","Electrical","Preventive","Scheduled","Reliability Team","10","10273.59","4006.7","79","13.92","Yes","Controlled","SYNTHETIC DEMO DATA — Assets, preventive and corrective maintenance, downtime, maintenance costs, and asset condition."
"MAINTENANCEOPERATIONS-00486","2025-03-22","2025-03","Southern","Zone Tabuk","Fire Systems","Overhaul","Completed","Mobile Maintenance","7","5077.75","2041.26","79","14.8","No","At Risk","SYNTHETIC DEMO DATA — Assets, preventive and corrective maintenance, downtime, maintenance costs, and asset condition."
"MAINTENANCEOPERATIONS-00487","2025-04-04","2025-04","Western","Zone Abha","Vertical Transport","Inspection","Completed","Reliability Team","4","5520.88","2285.64","80","15.68","No","At Risk","SYNTHETIC DEMO DATA — Assets, preventive and corrective maintenance, downtime, maintenance costs, and asset condition."
"MAINTENANCEOPERATIONS-00488","2025-04-17","2025-04","Northern","Zone Riyadh","HVAC","Corrective","Outage","Mobile Maintenance","1","4804.06","2046.53","81","16.56","Yes","At Risk","SYNTHETIC DEMO DATA — Assets, preventive and corrective maintenance, downtime, maintenance costs, and asset condition."
"MAINTENANCEOPERATIONS-00489","2025-04-30","2025-04","Central","Zone Jeddah","Electrical","Preventive","Scheduled","Reliability Team","10","6642.23","2909.3","82","17.44","Yes","Controlled","SYNTHETIC DEMO DATA — Assets, preventive and corrective maintenance, downtime, maintenance costs, and asset condition."
"MAINTENANCEOPERATIONS-00490","2025-05-13","2025-05","Eastern","Zone Dammam","Fire Systems","Overhaul","Completed","Mobile Maintenance","7","6860.71","2675.68","83","18.32","Yes","Controlled","SYNTHETIC DEMO DATA — Assets, preventive and corrective maintenance, downtime, maintenance costs, and asset condition."
"MAINTENANCEOPERATIONS-00491","2025-05-26","2025-05","Southern","Zone Tabuk","Vertical Transport","Inspection","Completed","Reliability Team","4","5782.81","2324.69","84","19.2","Yes","Controlled","SYNTHETIC DEMO DATA — Assets, preventive and corrective maintenance, downtime, maintenance costs, and asset condition."
"MAINTENANCEOPERATIONS-00492","2025-06-08","2025-06","Western","Zone Abha","HVAC","Corrective","Outage","Mobile Maintenance","1","8414.89","3483.76","85","20.08","Yes","At Risk","SYNTHETIC DEMO DATA — Assets, preventive and corrective maintenance, downtime, maintenance costs, and asset condition."
"MAINTENANCEOPERATIONS-00493","2025-06-21","2025-06","Northern","Zone Riyadh","Electrical","Preventive","Scheduled","Reliability Team","10","7195.24","3065.17","85","20.96","Yes","Controlled","SYNTHETIC DEMO DATA — Assets, preventive and corrective maintenance, downtime, maintenance costs, and asset condition."
"MAINTENANCEOPERATIONS-00494","2025-07-04","2025-07","Central","Zone Jeddah","Fire Systems","Overhaul","Completed","Mobile Maintenance","7","10521.42","4608.38","86","10.4","Yes","Controlled","SYNTHETIC DEMO DATA — Assets, preventive and corrective maintenance, downtime, maintenance costs, and asset condition."
"MAINTENANCEOPERATIONS-00495","2025-07-17","2025-07","Eastern","Zone Dammam","Vertical Transport","Inspection","Completed","Reliability Team","4","5977.1","2331.07","78","11.28","No","At Risk","SYNTHETIC DEMO DATA — Assets, preventive and corrective maintenance, downtime, maintenance costs, and asset condition."
"MAINTENANCEOPERATIONS-00496","2025-07-30","2025-07","Southern","Zone Tabuk","HVAC","Corrective","Outage","Mobile Maintenance","1","5123.12","2059.49","79","12.16","No","At Risk","SYNTHETIC DEMO DATA — Assets, preventive and corrective maintenance, downtime, maintenance costs, and asset condition."
"MAINTENANCEOPERATIONS-00497","2025-08-12","2025-08","Western","Zone Abha","Electrical","Preventive","Scheduled","Reliability Team","10","7521.54","3113.92","79","13.04","Yes","Controlled","SYNTHETIC DEMO DATA — Assets, preventive and corrective maintenance, downtime, maintenance costs, and asset condition."
"MAINTENANCEOPERATIONS-00498","2025-08-25","2025-08","Northern","Zone Riyadh","Fire Systems","Overhaul","Completed","Mobile Maintenance","7","6516.22","2775.91","80","13.92","Yes","Controlled","SYNTHETIC DEMO DATA — Assets, preventive and corrective maintenance, downtime, maintenance costs, and asset condition."
"MAINTENANCEOPERATIONS-00499","2025-09-07","2025-09","Central","Zone Jeddah","Vertical Transport","Inspection","Completed","Reliability Team","4","9423.45","4127.47","81","14.8","Yes","Controlled","SYNTHETIC DEMO DATA — Assets, preventive and corrective maintenance, downtime, maintenance costs, and asset condition."
"MAINTENANCEOPERATIONS-00500","2025-09-20","2025-09","Eastern","Zone Dammam","HVAC","Corrective","Outage","Mobile Maintenance","1","9129.5","3560.5","82","15.68","Yes","At Risk","SYNTHETIC DEMO DATA — Assets, preventive and corrective maintenance, downtime, maintenance costs, and asset condition."
"MAINTENANCEOPERATIONS-00501","2025-10-03","2025-10","Southern","Zone Tabuk","Electrical","Preventive","Scheduled","Reliability Team","10","5946.61","2390.54","83","16.56","Yes","Controlled","SYNTHETIC DEMO DATA — Assets, preventive and corrective maintenance, downtime, maintenance costs, and asset condition."
"MAINTENANCEOPERATIONS-00502","2025-10-16","2025-10","Western","Zone Abha","Fire Systems","Overhaul","Completed","Mobile Maintenance","7","8150.08","3374.13","84","17.44","Yes","Controlled","SYNTHETIC DEMO DATA — Assets, preventive and corrective maintenance, downtime, maintenance costs, and asset condition."
"MAINTENANCEOPERATIONS-00503","2025-10-29","2025-10","Northern","Zone Riyadh","Vertical Transport","Inspection","Completed","Reliability Team","4","6951.54","2961.36","85","18.32","Yes","Controlled","SYNTHETIC DEMO DATA — Assets, preventive and corrective maintenance, downtime, maintenance costs, and asset condition."
"MAINTENANCEOPERATIONS-00504","2025-11-11","2025-11","Central","Zone Jeddah","HVAC","Corrective","Outage","Mobile Maintenance","1","5944.63","2603.75","85","19.2","No","At Risk","SYNTHETIC DEMO DATA — Assets, preventive and corrective maintenance, downtime, maintenance costs, and asset condition."
"MAINTENANCEOPERATIONS-00505","2025-11-24","2025-11","Eastern","Zone Dammam","Electrical","Preventive","Scheduled","Reliability Team","10","5856.47","2284.02","86","20.08","No","At Risk","SYNTHETIC DEMO DATA — Assets, preventive and corrective maintenance, downtime, maintenance costs, and asset condition."
"MAINTENANCEOPERATIONS-00506","2025-12-07","2025-12","Southern","Zone Tabuk","Fire Systems","Overhaul","Completed","Mobile Maintenance","7","5288.23","2125.87","78","20.96","Yes","Controlled","SYNTHETIC DEMO DATA — Assets, preventive and corrective maintenance, downtime, maintenance costs, and asset condition."
"MAINTENANCEOPERATIONS-00507","2025-12-20","2025-12","Western","Zone Abha","Vertical Transport","Inspection","Completed","Reliability Team","4","7343.37","3040.16","79","10.4","Yes","Controlled","SYNTHETIC DEMO DATA — Assets, preventive and corrective maintenance, downtime, maintenance costs, and asset condition."
"MAINTENANCEOPERATIONS-00508","2026-01-02","2026-01","Northern","Zone Riyadh","HVAC","Corrective","Outage","Mobile Maintenance","1","6803.6","2898.33","79","11.28","Yes","At Risk","SYNTHETIC DEMO DATA — Assets, preventive and corrective maintenance, downtime, maintenance costs, and asset condition."
"MAINTENANCEOPERATIONS-00509","2026-01-15","2026-01","Central","Zone Jeddah","Electrical","Preventive","Scheduled","Reliability Team","10","9338.44","4090.24","80","12.16","Yes","Controlled","SYNTHETIC DEMO DATA — Assets, preventive and corrective maintenance, downtime, maintenance costs, and asset condition."
"MAINTENANCEOPERATIONS-00510","2026-01-28","2026-01","Eastern","Zone Dammam","Fire Systems","Overhaul","Completed","Mobile Maintenance","7","9019.5","3517.6","81","13.04","Yes","Controlled","SYNTHETIC DEMO DATA — Assets, preventive and corrective maintenance, downtime, maintenance costs, and asset condition."
"MAINTENANCEOPERATIONS-00511","2026-02-10","2026-02","Southern","Zone Tabuk","Vertical Transport","Inspection","Completed","Reliability Team","4","7956.22","3198.4","82","13.92","Yes","Controlled","SYNTHETIC DEMO DATA — Assets, preventive and corrective maintenance, downtime, maintenance costs, and asset condition."
"MAINTENANCEOPERATIONS-00512","2026-02-23","2026-02","Western","Zone Abha","HVAC","Corrective","Outage","Mobile Maintenance","1","10877.32","4503.21","83","14.8","Yes","At Risk","SYNTHETIC DEMO DATA — Assets, preventive and corrective maintenance, downtime, maintenance costs, and asset condition."
"MAINTENANCEOPERATIONS-00513","2026-03-08","2026-03","Northern","Zone Riyadh","Electrical","Preventive","Scheduled","Reliability Team","10","5759.82","2453.68","84","15.68","No","At Risk","SYNTHETIC DEMO DATA — Assets, preventive and corrective maintenance, downtime, maintenance costs, and asset condition."
"MAINTENANCEOPERATIONS-00514","2026-03-21","2026-03","Central","Zone Jeddah","Fire Systems","Overhaul","Completed","Mobile Maintenance","7","8039.31","3521.22","85","16.56","No","At Risk","SYNTHETIC DEMO DATA — Assets, preventive and corrective maintenance, downtime, maintenance costs, and asset condition."
"MAINTENANCEOPERATIONS-00515","2026-04-03","2026-04","Eastern","Zone Dammam","Vertical Transport","Inspection","Completed","Reliability Team","4","6104.77","2380.86","85","17.44","Yes","Controlled","SYNTHETIC DEMO DATA — Assets, preventive and corrective maintenance, downtime, maintenance costs, and asset condition."
"MAINTENANCEOPERATIONS-00516","2026-04-16","2026-04","Southern","Zone Tabuk","HVAC","Corrective","Outage","Mobile Maintenance","1","5183.33","2083.7","86","18.32","Yes","At Risk","SYNTHETIC DEMO DATA — Assets, preventive and corrective maintenance, downtime, maintenance costs, and asset condition."
"MAINTENANCEOPERATIONS-00517","2026-04-29","2026-04","Western","Zone Abha","Electrical","Preventive","Scheduled","Reliability Team","10","7169.9","2968.34","78","19.2","Yes","Controlled","SYNTHETIC DEMO DATA — Assets, preventive and corrective maintenance, downtime, maintenance costs, and asset condition."
"MAINTENANCEOPERATIONS-00518","2026-05-12","2026-05","Northern","Zone Riyadh","Fire Systems","Overhaul","Completed","Mobile Maintenance","7","6551.8","2791.07","79","20.08","Yes","Controlled","SYNTHETIC DEMO DATA — Assets, preventive and corrective maintenance, downtime, maintenance costs, and asset condition."
"MAINTENANCEOPERATIONS-00519","2026-05-25","2026-05","Central","Zone Jeddah","Vertical Transport","Inspection","Completed","Reliability Team","4","8965.36","3926.83","79","20.96","Yes","Controlled","SYNTHETIC DEMO DATA — Assets, preventive and corrective maintenance, downtime, maintenance costs, and asset condition."
"MAINTENANCEOPERATIONS-00520","2026-06-07","2026-06","Eastern","Zone Dammam","HVAC","Corrective","Outage","Mobile Maintenance","1","9143.37","3565.91","80","10.4","Yes","At Risk","SYNTHETIC DEMO DATA — Assets, preventive and corrective maintenance, downtime, maintenance costs, and asset condition."
"MAINTENANCEOPERATIONS-00521","2026-06-20","2026-06","Southern","Zone Tabuk","Electrical","Preventive","Scheduled","Reliability Team","10","7643.22","3072.57","81","11.28","Yes","Controlled","SYNTHETIC DEMO DATA — Assets, preventive and corrective maintenance, downtime, maintenance costs, and asset condition."
"MAINTENANCEOPERATIONS-00522","2025-01-09","2025-01","Western","Zone Abha","Fire Systems","Overhaul","Completed","Mobile Maintenance","7","5983.08","2477","82","12.16","No","At Risk","SYNTHETIC DEMO DATA — Assets, preventive and corrective maintenance, downtime, maintenance costs, and asset condition."
"MAINTENANCEOPERATIONS-00523","2025-01-22","2025-01","Northern","Zone Riyadh","Vertical Transport","Inspection","Completed","Reliability Team","4","5232.6","2229.09","83","13.04","No","At Risk","SYNTHETIC DEMO DATA — Assets, preventive and corrective maintenance, downtime, maintenance costs, and asset condition."
"MAINTENANCEOPERATIONS-00524","2025-02-04","2025-02","Central","Zone Jeddah","HVAC","Corrective","Outage","Mobile Maintenance","1","7649.11","3350.31","84","13.92","Yes","At Risk","SYNTHETIC DEMO DATA — Assets, preventive and corrective maintenance, downtime, maintenance costs, and asset condition."
"MAINTENANCEOPERATIONS-00525","2025-02-17","2025-02","Eastern","Zone Dammam","Electrical","Preventive","Scheduled","Reliability Team","10","7464.8","2911.27","85","14.8","Yes","Controlled","SYNTHETIC DEMO DATA — Assets, preventive and corrective maintenance, downtime, maintenance costs, and asset condition."
"MAINTENANCEOPERATIONS-00526","2025-03-02","2025-03","Southern","Zone Tabuk","Fire Systems","Overhaul","Completed","Mobile Maintenance","7","6629.28","2664.97","85","15.68","Yes","Controlled","SYNTHETIC DEMO DATA — Assets, preventive and corrective maintenance, downtime, maintenance costs, and asset condition."
"MAINTENANCEOPERATIONS-00527","2025-03-15","2025-03","Western","Zone Abha","Vertical Transport","Inspection","Completed","Reliability Team","4","9138.64","3783.4","86","16.56","Yes","Controlled","SYNTHETIC DEMO DATA — Assets, preventive and corrective maintenance, downtime, maintenance costs, and asset condition."
"MAINTENANCEOPERATIONS-00528","2025-03-28","2025-03","Northern","Zone Riyadh","HVAC","Corrective","Outage","Mobile Maintenance","1","7835.58","3337.96","78","17.44","Yes","At Risk","SYNTHETIC DEMO DATA — Assets, preventive and corrective maintenance, downtime, maintenance costs, and asset condition."
"MAINTENANCEOPERATIONS-00529","2025-04-10","2025-04","Central","Zone Jeddah","Electrical","Preventive","Scheduled","Reliability Team","10","8293.41","3632.51","79","18.32","Yes","Controlled","SYNTHETIC DEMO DATA — Assets, preventive and corrective maintenance, downtime, maintenance costs, and asset condition."
"MAINTENANCEOPERATIONS-00530","2025-04-23","2025-04","Eastern","Zone Dammam","Fire Systems","Overhaul","Completed","Mobile Maintenance","7","7968.39","3107.67","79","19.2","Yes","Controlled","SYNTHETIC DEMO DATA — Assets, preventive and corrective maintenance, downtime, maintenance costs, and asset condition."
"MAINTENANCEOPERATIONS-00531","2025-05-06","2025-05","Southern","Zone Tabuk","Vertical Transport","Inspection","Completed","Reliability Team","4","4184.55","1682.19","80","20.08","No","At Risk","SYNTHETIC DEMO DATA — Assets, preventive and corrective maintenance, downtime, maintenance costs, and asset condition."
"MAINTENANCEOPERATIONS-00532","2025-05-19","2025-05","Western","Zone Abha","HVAC","Corrective","Outage","Mobile Maintenance","1","5865.94","2428.5","81","20.96","No","At Risk","SYNTHETIC DEMO DATA — Assets, preventive and corrective maintenance, downtime, maintenance costs, and asset condition."
"MAINTENANCEOPERATIONS-00533","2025-06-01","2025-06","Northern","Zone Riyadh","Electrical","Preventive","Scheduled","Reliability Team","10","5404.57","2302.35","82","10.4","Yes","Controlled","SYNTHETIC DEMO DATA — Assets, preventive and corrective maintenance, downtime, maintenance costs, and asset condition."
"MAINTENANCEOPERATIONS-00534","2025-06-14","2025-06","Central","Zone Jeddah","Fire Systems","Overhaul","Completed","Mobile Maintenance","7","7472.51","3272.96","83","11.28","Yes","Controlled","SYNTHETIC DEMO DATA — Assets, preventive and corrective maintenance, downtime, maintenance costs, and asset condition."
"MAINTENANCEOPERATIONS-00535","2025-06-27","2025-06","Eastern","Zone Dammam","Vertical Transport","Inspection","Completed","Reliability Team","4","7264.29","2833.07","84","12.16","Yes","Controlled","SYNTHETIC DEMO DATA — Assets, preventive and corrective maintenance, downtime, maintenance costs, and asset condition."
"MAINTENANCEOPERATIONS-00536","2025-07-10","2025-07","Southern","Zone Tabuk","HVAC","Corrective","Outage","Mobile Maintenance","1","6577.43","2644.13","85","13.04","Yes","At Risk","SYNTHETIC DEMO DATA — Assets, preventive and corrective maintenance, downtime, maintenance costs, and asset condition."
"MAINTENANCEOPERATIONS-00537","2025-07-23","2025-07","Western","Zone Abha","Electrical","Preventive","Scheduled","Reliability Team","10","9039.44","3742.33","85","13.92","Yes","Controlled","SYNTHETIC DEMO DATA — Assets, preventive and corrective maintenance, downtime, maintenance costs, and asset condition."
"MAINTENANCEOPERATIONS-00538","2025-08-05","2025-08","Northern","Zone Riyadh","Fire Systems","Overhaul","Completed","Mobile Maintenance","7","8136.07","3465.97","86","14.8","Yes","Controlled","SYNTHETIC DEMO DATA — Assets, preventive and corrective maintenance, downtime, maintenance costs, and asset condition."
"MAINTENANCEOPERATIONS-00539","2025-08-18","2025-08","Central","Zone Jeddah","Vertical Transport","Inspection","Completed","Reliability Team","4","11075.18","4850.93","78","15.68","Yes","Controlled","SYNTHETIC DEMO DATA — Assets, preventive and corrective maintenance, downtime, maintenance costs, and asset condition."
"MAINTENANCEOPERATIONS-00540","2025-08-31","2025-08","Eastern","Zone Dammam","HVAC","Corrective","Outage","Mobile Maintenance","1","6291.69","2453.76","79","16.56","No","At Risk","SYNTHETIC DEMO DATA — Assets, preventive and corrective maintenance, downtime, maintenance costs, and asset condition."
"MAINTENANCEOPERATIONS-00541","2025-09-13","2025-09","Southern","Zone Tabuk","Electrical","Preventive","Scheduled","Reliability Team","10","5662.4","2276.28","79","17.44","No","At Risk","SYNTHETIC DEMO DATA — Assets, preventive and corrective maintenance, downtime, maintenance costs, and asset condition."
"MAINTENANCEOPERATIONS-00542","2025-09-26","2025-09","Western","Zone Abha","Fire Systems","Overhaul","Completed","Mobile Maintenance","7","7897.62","3269.61","80","18.32","Yes","Controlled","SYNTHETIC DEMO DATA — Assets, preventive and corrective maintenance, downtime, maintenance costs, and asset condition."
"MAINTENANCEOPERATIONS-00543","2025-10-09","2025-10","Northern","Zone Riyadh","Vertical Transport","Inspection","Completed","Reliability Team","4","5303.55","2259.31","81","19.2","Yes","Controlled","SYNTHETIC DEMO DATA — Assets, preventive and corrective maintenance, downtime, maintenance costs, and asset condition."
"MAINTENANCEOPERATIONS-00544","2025-10-22","2025-10","Central","Zone Jeddah","HVAC","Corrective","Outage","Mobile Maintenance","1","7304.52","3199.38","82","20.08","Yes","At Risk","SYNTHETIC DEMO DATA — Assets, preventive and corrective maintenance, downtime, maintenance costs, and asset condition."
"MAINTENANCEOPERATIONS-00545","2025-11-04","2025-11","Eastern","Zone Dammam","Electrical","Preventive","Scheduled","Reliability Team","10","7518.95","2932.39","83","20.96","Yes","Controlled","SYNTHETIC DEMO DATA — Assets, preventive and corrective maintenance, downtime, maintenance costs, and asset condition."
"MAINTENANCEOPERATIONS-00546","2025-11-17","2025-11","Southern","Zone Tabuk","Fire Systems","Overhaul","Completed","Mobile Maintenance","7","6318.27","2539.94","84","10.4","Yes","Controlled","SYNTHETIC DEMO DATA — Assets, preventive and corrective maintenance, downtime, maintenance costs, and asset condition."
"MAINTENANCEOPERATIONS-00547","2025-11-30","2025-11","Western","Zone Abha","Vertical Transport","Inspection","Completed","Reliability Team","4","8659.46","3585.02","85","11.28","Yes","Controlled","SYNTHETIC DEMO DATA — Assets, preventive and corrective maintenance, downtime, maintenance costs, and asset condition."
"MAINTENANCEOPERATIONS-00548","2025-12-13","2025-12","Northern","Zone Riyadh","HVAC","Corrective","Outage","Mobile Maintenance","1","7820.48","3331.52","85","12.16","Yes","At Risk","SYNTHETIC DEMO DATA — Assets, preventive and corrective maintenance, downtime, maintenance costs, and asset condition."
"MAINTENANCEOPERATIONS-00549","2025-12-26","2025-12","Central","Zone Jeddah","Electrical","Preventive","Scheduled","Reliability Team","10","6294.32","2756.91","86","13.04","No","At Risk","SYNTHETIC DEMO DATA — Assets, preventive and corrective maintenance, downtime, maintenance costs, and asset condition."
"MAINTENANCEOPERATIONS-00550","2026-01-08","2026-01","Eastern","Zone Dammam","Fire Systems","Overhaul","Completed","Mobile Maintenance","7","6657.25","2596.33","78","13.92","No","At Risk","SYNTHETIC DEMO DATA — Assets, preventive and corrective maintenance, downtime, maintenance costs, and asset condition."
"MAINTENANCEOPERATIONS-00551","2026-01-21","2026-01","Southern","Zone Tabuk","Vertical Transport","Inspection","Completed","Reliability Team","4","5677.35","2282.29","79","14.8","Yes","Controlled","SYNTHETIC DEMO DATA — Assets, preventive and corrective maintenance, downtime, maintenance costs, and asset condition."
"MAINTENANCEOPERATIONS-00552","2026-02-03","2026-02","Western","Zone Abha","HVAC","Corrective","Outage","Mobile Maintenance","1","8298.64","3435.64","79","15.68","Yes","At Risk","SYNTHETIC DEMO DATA — Assets, preventive and corrective maintenance, downtime, maintenance costs, and asset condition."
"MAINTENANCEOPERATIONS-00553","2026-02-16","2026-02","Northern","Zone Riyadh","Electrical","Preventive","Scheduled","Reliability Team","10","7161.68","3050.88","80","16.56","Yes","Controlled","SYNTHETIC DEMO DATA — Assets, preventive and corrective maintenance, downtime, maintenance costs, and asset condition."
"MAINTENANCEOPERATIONS-00554","2026-03-01","2026-03","Central","Zone Jeddah","Fire Systems","Overhaul","Completed","Mobile Maintenance","7","10321.44","4520.79","81","17.44","Yes","Controlled","SYNTHETIC DEMO DATA — Assets, preventive and corrective maintenance, downtime, maintenance costs, and asset condition."
"MAINTENANCEOPERATIONS-00555","2026-03-14","2026-03","Eastern","Zone Dammam","Vertical Transport","Inspection","Completed","Reliability Team","4","9968.92","3887.88","82","18.32","Yes","Controlled","SYNTHETIC DEMO DATA — Assets, preventive and corrective maintenance, downtime, maintenance costs, and asset condition."
"MAINTENANCEOPERATIONS-00556","2026-03-27","2026-03","Southern","Zone Tabuk","HVAC","Corrective","Outage","Mobile Maintenance","1","8494.3","3414.71","83","19.2","Yes","At Risk","SYNTHETIC DEMO DATA — Assets, preventive and corrective maintenance, downtime, maintenance costs, and asset condition."
"MAINTENANCEOPERATIONS-00557","2026-04-09","2026-04","Western","Zone Abha","Electrical","Preventive","Scheduled","Reliability Team","10","8847.97","3663.06","84","20.08","Yes","Controlled","SYNTHETIC DEMO DATA — Assets, preventive and corrective maintenance, downtime, maintenance costs, and asset condition."
"MAINTENANCEOPERATIONS-00558","2026-04-22","2026-04","Northern","Zone Riyadh","Fire Systems","Overhaul","Completed","Mobile Maintenance","7","4462.12","1900.86","85","20.96","No","At Risk","SYNTHETIC DEMO DATA — Assets, preventive and corrective maintenance, downtime, maintenance costs, and asset condition."
"MAINTENANCEOPERATIONS-00559","2026-05-05","2026-05","Central","Zone Jeddah","Vertical Transport","Inspection","Completed","Reliability Team","4","6617.29","2898.37","85","10.4","No","At Risk","SYNTHETIC DEMO DATA — Assets, preventive and corrective maintenance, downtime, maintenance costs, and asset condition."
"MAINTENANCEOPERATIONS-00560","2026-05-18","2026-05","Eastern","Zone Dammam","HVAC","Corrective","Outage","Mobile Maintenance","1","6486.32","2529.66","86","11.28","Yes","At Risk","SYNTHETIC DEMO DATA — Assets, preventive and corrective maintenance, downtime, maintenance costs, and asset condition."
"MAINTENANCEOPERATIONS-00561","2026-05-31","2026-05","Southern","Zone Tabuk","Electrical","Preventive","Scheduled","Reliability Team","10","5507.29","2213.93","78","12.16","Yes","Controlled","SYNTHETIC DEMO DATA — Assets, preventive and corrective maintenance, downtime, maintenance costs, and asset condition."
"MAINTENANCEOPERATIONS-00562","2026-06-13","2026-06","Western","Zone Abha","Fire Systems","Overhaul","Completed","Mobile Maintenance","7","8066.14","3339.38","79","13.04","Yes","Controlled","SYNTHETIC DEMO DATA — Assets, preventive and corrective maintenance, downtime, maintenance costs, and asset condition."
"MAINTENANCEOPERATIONS-00563","2025-01-02","2025-01","Northern","Zone Riyadh","Vertical Transport","Inspection","Completed","Reliability Team","4","6717.99","2861.86","79","13.92","Yes","Controlled","SYNTHETIC DEMO DATA — Assets, preventive and corrective maintenance, downtime, maintenance costs, and asset condition."
"MAINTENANCEOPERATIONS-00564","2025-01-15","2025-01","Central","Zone Jeddah","HVAC","Corrective","Outage","Mobile Maintenance","1","9192.76","4026.43","80","14.8","Yes","At Risk","SYNTHETIC DEMO DATA — Assets, preventive and corrective maintenance, downtime, maintenance costs, and asset condition."
"MAINTENANCEOPERATIONS-00565","2025-01-28","2025-01","Eastern","Zone Dammam","Electrical","Preventive","Scheduled","Reliability Team","10","8854.43","3453.23","81","15.68","Yes","Controlled","SYNTHETIC DEMO DATA — Assets, preventive and corrective maintenance, downtime, maintenance costs, and asset condition."
"MAINTENANCEOPERATIONS-00566","2025-02-10","2025-02","Southern","Zone Tabuk","Fire Systems","Overhaul","Completed","Mobile Maintenance","7","7791.26","3132.09","82","16.56","Yes","Controlled","SYNTHETIC DEMO DATA — Assets, preventive and corrective maintenance, downtime, maintenance costs, and asset condition."
"MAINTENANCEOPERATIONS-00567","2025-02-23","2025-02","Western","Zone Abha","Vertical Transport","Inspection","Completed","Reliability Team","4","6297.98","2607.36","83","17.44","No","At Risk","SYNTHETIC DEMO DATA — Assets, preventive and corrective maintenance, downtime, maintenance costs, and asset condition."
"MAINTENANCEOPERATIONS-00568","2025-03-08","2025-03","Northern","Zone Riyadh","HVAC","Corrective","Outage","Mobile Maintenance","1","5783.4","2463.73","84","18.32","No","At Risk","SYNTHETIC DEMO DATA — Assets, preventive and corrective maintenance, downtime, maintenance costs, and asset condition."
"MAINTENANCEOPERATIONS-00569","2025-03-21","2025-03","Central","Zone Jeddah","Electrical","Preventive","Scheduled","Reliability Team","10","8031.57","3517.83","85","19.2","Yes","Controlled","SYNTHETIC DEMO DATA — Assets, preventive and corrective maintenance, downtime, maintenance costs, and asset condition."
"MAINTENANCEOPERATIONS-00570","2025-04-03","2025-04","Eastern","Zone Dammam","Fire Systems","Overhaul","Completed","Mobile Maintenance","7","6079.33","2370.94","85","20.08","Yes","Controlled","SYNTHETIC DEMO DATA — Assets, preventive and corrective maintenance, downtime, maintenance costs, and asset condition."
"MAINTENANCEOPERATIONS-00571","2025-04-16","2025-04","Southern","Zone Tabuk","Vertical Transport","Inspection","Completed","Reliability Team","4","5141.8","2067","86","20.96","Yes","Controlled","SYNTHETIC DEMO DATA — Assets, preventive and corrective maintenance, downtime, maintenance costs, and asset condition."
"MAINTENANCEOPERATIONS-00572","2025-04-29","2025-04","Western","Zone Abha","HVAC","Corrective","Outage","Mobile Maintenance","1","7088.1","2934.47","78","10.4","Yes","At Risk","SYNTHETIC DEMO DATA — Assets, preventive and corrective maintenance, downtime, maintenance costs, and asset condition."
"MAINTENANCEOPERATIONS-00573","2025-05-12","2025-05","Northern","Zone Riyadh","Electrical","Preventive","Scheduled","Reliability Team","10","6457.26","2750.79","79","11.28","Yes","Controlled","SYNTHETIC DEMO DATA — Assets, preventive and corrective maintenance, downtime, maintenance costs, and asset condition."
"MAINTENANCEOPERATIONS-00574","2025-05-25","2025-05","Central","Zone Jeddah","Fire Systems","Overhaul","Completed","Mobile Maintenance","7","8811.75","3859.55","79","12.16","Yes","Controlled","SYNTHETIC DEMO DATA — Assets, preventive and corrective maintenance, downtime, maintenance costs, and asset condition."
"MAINTENANCEOPERATIONS-00575","2025-06-07","2025-06","Eastern","Zone Dammam","Vertical Transport","Inspection","Completed","Reliability Team","4","8964.44","3496.13","80","13.04","Yes","Controlled","SYNTHETIC DEMO DATA — Assets, preventive and corrective maintenance, downtime, maintenance costs, and asset condition."
"MAINTENANCEOPERATIONS-00576","2025-06-20","2025-06","Southern","Zone Tabuk","HVAC","Corrective","Outage","Mobile Maintenance","1","4430.7","1781.14","81","13.92","No","At Risk","SYNTHETIC DEMO DATA — Assets, preventive and corrective maintenance, downtime, maintenance costs, and asset condition."
"MAINTENANCEOPERATIONS-00577","2025-07-03","2025-07","Western","Zone Abha","Electrical","Preventive","Scheduled","Reliability Team","10","6671.97","2762.2","82","14.8","No","At Risk","SYNTHETIC DEMO DATA — Assets, preventive and corrective maintenance, downtime, maintenance costs, and asset condition."
"MAINTENANCEOPERATIONS-00578","2025-07-16","2025-07","Northern","Zone Riyadh","Fire Systems","Overhaul","Completed","Mobile Maintenance","7","5805.69","2473.22","83","15.68","Yes","Controlled","SYNTHETIC DEMO DATA — Assets, preventive and corrective maintenance, downtime, maintenance costs, and asset condition."
"MAINTENANCEOPERATIONS-00579","2025-07-29","2025-07","Central","Zone Jeddah","Vertical Transport","Inspection","Completed","Reliability Team","4","8027.12","3515.88","84","16.56","Yes","Controlled","SYNTHETIC DEMO DATA — Assets, preventive and corrective maintenance, downtime, maintenance costs, and asset condition."
"MAINTENANCEOPERATIONS-00580","2025-08-11","2025-08","Eastern","Zone Dammam","HVAC","Corrective","Outage","Mobile Maintenance","1","8214.15","3203.52","85","17.44","Yes","At Risk","SYNTHETIC DEMO DATA — Assets, preventive and corrective maintenance, downtime, maintenance costs, and asset condition."
"MAINTENANCEOPERATIONS-00581","2025-08-24","2025-08","Southern","Zone Tabuk","Electrical","Preventive","Scheduled","Reliability Team","10","6923.61","2783.29","85","18.32","Yes","Controlled","SYNTHETIC DEMO DATA — Assets, preventive and corrective maintenance, downtime, maintenance costs, and asset condition."
"MAINTENANCEOPERATIONS-00582","2025-09-06","2025-09","Western","Zone Abha","Fire Systems","Overhaul","Completed","Mobile Maintenance","7","9990.96","4136.26","86","19.2","Yes","Controlled","SYNTHETIC DEMO DATA — Assets, preventive and corrective maintenance, downtime, maintenance costs, and asset condition."
"MAINTENANCEOPERATIONS-00583","2025-09-19","2025-09","Northern","Zone Riyadh","Vertical Transport","Inspection","Completed","Reliability Team","4","8542.87","3639.26","78","20.08","Yes","Controlled","SYNTHETIC DEMO DATA — Assets, preventive and corrective maintenance, downtime, maintenance costs, and asset condition."
"MAINTENANCEOPERATIONS-00584","2025-10-02","2025-10","Central","Zone Jeddah","HVAC","Corrective","Outage","Mobile Maintenance","1","9014.08","3948.17","79","20.96","Yes","At Risk","SYNTHETIC DEMO DATA — Assets, preventive and corrective maintenance, downtime, maintenance costs, and asset condition."
"MAINTENANCEOPERATIONS-00585","2025-10-15","2025-10","Eastern","Zone Dammam","Electrical","Preventive","Scheduled","Reliability Team","10","5120.8","1997.11","79","10.4","No","At Risk","SYNTHETIC DEMO DATA — Assets, preventive and corrective maintenance, downtime, maintenance costs, and asset condition."
"MAINTENANCEOPERATIONS-00586","2025-10-28","2025-10","Southern","Zone Tabuk","Fire Systems","Overhaul","Completed","Mobile Maintenance","7","4389.16","1764.44","80","11.28","No","At Risk","SYNTHETIC DEMO DATA — Assets, preventive and corrective maintenance, downtime, maintenance costs, and asset condition."
"MAINTENANCEOPERATIONS-00587","2025-11-10","2025-11","Western","Zone Abha","Vertical Transport","Inspection","Completed","Reliability Team","4","6504.39","2692.82","81","12.16","Yes","Controlled","SYNTHETIC DEMO DATA — Assets, preventive and corrective maintenance, downtime, maintenance costs, and asset condition."
"MAINTENANCEOPERATIONS-00588","2025-11-23","2025-11","Northern","Zone Riyadh","HVAC","Corrective","Outage","Mobile Maintenance","1","5635.02","2400.52","82","13.04","Yes","At Risk","SYNTHETIC DEMO DATA — Assets, preventive and corrective maintenance, downtime, maintenance costs, and asset condition."
"MAINTENANCEOPERATIONS-00589","2025-12-06","2025-12","Central","Zone Jeddah","Electrical","Preventive","Scheduled","Reliability Team","10","8217.58","3599.3","83","13.92","Yes","Controlled","SYNTHETIC DEMO DATA — Assets, preventive and corrective maintenance, downtime, maintenance costs, and asset condition."
"MAINTENANCEOPERATIONS-00590","2025-12-19","2025-12","Eastern","Zone Dammam","Fire Systems","Overhaul","Completed","Mobile Maintenance","7","7961.25","3104.89","84","14.8","Yes","Controlled","SYNTHETIC DEMO DATA — Assets, preventive and corrective maintenance, downtime, maintenance costs, and asset condition."
"MAINTENANCEOPERATIONS-00591","2026-01-01","2026-01","Southern","Zone Tabuk","Vertical Transport","Inspection","Completed","Reliability Team","4","7182.19","2887.24","85","15.68","Yes","Controlled","SYNTHETIC DEMO DATA — Assets, preventive and corrective maintenance, downtime, maintenance costs, and asset condition."
"MAINTENANCEOPERATIONS-00592","2026-01-14","2026-01","Western","Zone Abha","HVAC","Corrective","Outage","Mobile Maintenance","1","9843.5","4075.21","85","16.56","Yes","At Risk","SYNTHETIC DEMO DATA — Assets, preventive and corrective maintenance, downtime, maintenance costs, and asset condition."
"MAINTENANCEOPERATIONS-00593","2026-01-27","2026-01","Northern","Zone Riyadh","Electrical","Preventive","Scheduled","Reliability Team","10","8395.93","3576.67","86","17.44","Yes","Controlled","SYNTHETIC DEMO DATA — Assets, preventive and corrective maintenance, downtime, maintenance costs, and asset condition."
"MAINTENANCEOPERATIONS-00594","2026-02-09","2026-02","Central","Zone Jeddah","Fire Systems","Overhaul","Completed","Mobile Maintenance","7","7113.12","3115.55","78","18.32","No","At Risk","SYNTHETIC DEMO DATA — Assets, preventive and corrective maintenance, downtime, maintenance costs, and asset condition."
"MAINTENANCEOPERATIONS-00595","2026-02-22","2026-02","Eastern","Zone Dammam","Vertical Transport","Inspection","Completed","Reliability Team","4","7007.63","2732.98","79","19.2","No","At Risk","SYNTHETIC DEMO DATA — Assets, preventive and corrective maintenance, downtime, maintenance costs, and asset condition."
"MAINTENANCEOPERATIONS-00596","2026-03-07","2026-03","Southern","Zone Tabuk","HVAC","Corrective","Outage","Mobile Maintenance","1","6274.97","2522.54","79","20.08","Yes","At Risk","SYNTHETIC DEMO DATA — Assets, preventive and corrective maintenance, downtime, maintenance costs, and asset condition."
"MAINTENANCEOPERATIONS-00597","2026-03-20","2026-03","Western","Zone Abha","Electrical","Preventive","Scheduled","Reliability Team","10","8713.58","3607.42","80","20.96","Yes","Controlled","SYNTHETIC DEMO DATA — Assets, preventive and corrective maintenance, downtime, maintenance costs, and asset condition."
"MAINTENANCEOPERATIONS-00598","2026-04-02","2026-04","Northern","Zone Riyadh","Fire Systems","Overhaul","Completed","Mobile Maintenance","7","5825.55","2481.68","81","10.4","Yes","Controlled","SYNTHETIC DEMO DATA — Assets, preventive and corrective maintenance, downtime, maintenance costs, and asset condition."
"MAINTENANCEOPERATIONS-00599","2026-04-15","2026-04","Central","Zone Jeddah","Vertical Transport","Inspection","Completed","Reliability Team","4","7996","3502.25","82","11.28","Yes","Controlled","SYNTHETIC DEMO DATA — Assets, preventive and corrective maintenance, downtime, maintenance costs, and asset condition."
"MAINTENANCEOPERATIONS-00600","2026-04-28","2026-04","Eastern","Zone Dammam","HVAC","Corrective","Outage","Mobile Maintenance","1","7722.9","3011.93","83","12.16","Yes","At Risk","SYNTHETIC DEMO DATA — Assets, preventive and corrective maintenance, downtime, maintenance costs, and asset condition."
