"raw_record_id","event_date","period","region_name","location","category","subcategory","status","owner_group","quantity","metric_value","metric_cost","score","cycle_hours","sla_met","risk_flag","notes"
"EHSCOMPLIANCE-00001","2025-06-17","2025-06","Western","Facility MF-18","Moderate","Inspection","Action Due","Compliance Office","10","5598.64","1018.95","90","26.79","No","At Risk","SYNTHETIC DEMO DATA — Safety inspections, observations, incidents, corrective actions, risk levels, and compliance scores."
"EHSCOMPLIANCE-00002","2025-06-30","2025-06","Northern","Facility MF-23","High","Corrective Action","Closed","EHS West","7","4957.86","961.82","90","28.88","Yes","Controlled","SYNTHETIC DEMO DATA — Safety inspections, observations, incidents, corrective actions, risk levels, and compliance scores."
"EHSCOMPLIANCE-00003","2025-07-13","2025-07","Central","Facility MF-01","Critical","Incident","Closed","Compliance Office","4","7235.71","1490.56","91","30.97","Yes","Controlled","SYNTHETIC DEMO DATA — Safety inspections, observations, incidents, corrective actions, risk levels, and compliance scores."
"EHSCOMPLIANCE-00004","2025-07-26","2025-07","Eastern","Facility MF-07","Low","Observation","Escalated","EHS West","1","7034.09","1533.43","92","33.06","Yes","At Risk","SYNTHETIC DEMO DATA — Safety inspections, observations, incidents, corrective actions, risk levels, and compliance scores."
"EHSCOMPLIANCE-00005","2025-08-08","2025-08","Southern","Facility MF-12","Moderate","Inspection","Action Due","Compliance Office","10","6241","1060.97","93","35.15","Yes","Controlled","SYNTHETIC DEMO DATA — Safety inspections, observations, incidents, corrective actions, risk levels, and compliance scores."
"EHSCOMPLIANCE-00006","2025-08-21","2025-08","Western","Facility MF-18","High","Corrective Action","Closed","EHS West","7","8577.09","1561.03","94","37.24","Yes","Controlled","SYNTHETIC DEMO DATA — Safety inspections, observations, incidents, corrective actions, risk levels, and compliance scores."
"EHSCOMPLIANCE-00007","2025-09-03","2025-09","Northern","Facility MF-23","Critical","Incident","Closed","Compliance Office","4","7700.61","1493.92","95","39.33","Yes","Controlled","SYNTHETIC DEMO DATA — Safety inspections, observations, incidents, corrective actions, risk levels, and compliance scores."
"EHSCOMPLIANCE-00008","2025-09-16","2025-09","Central","Facility MF-01","Low","Observation","Escalated","EHS West","1","10482.42","2159.38","96","41.42","Yes","At Risk","SYNTHETIC DEMO DATA — Safety inspections, observations, incidents, corrective actions, risk levels, and compliance scores."
"EHSCOMPLIANCE-00009","2025-09-29","2025-09","Eastern","Facility MF-07","Moderate","Inspection","Action Due","Compliance Office","10","6058.41","1320.73","96","43.51","No","At Risk","SYNTHETIC DEMO DATA — Safety inspections, observations, incidents, corrective actions, risk levels, and compliance scores."
"EHSCOMPLIANCE-00010","2025-10-12","2025-10","Southern","Facility MF-12","High","Corrective Action","Closed","EHS West","7","3956.43","672.59","97","45.6","No","At Risk","SYNTHETIC DEMO DATA — Safety inspections, observations, incidents, corrective actions, risk levels, and compliance scores."
"EHSCOMPLIANCE-00011","2025-10-25","2025-10",,"Facility MF-18","Critical","Incident","Closed","Compliance Office","4","5518.22","1004.32","89","47.69","Yes","Controlled","SYNTHETIC DEMO DATA — Safety inspections, observations, incidents, corrective actions, risk levels, and compliance scores."
"EHSCOMPLIANCE-00012","2025-11-07","2025-11","Northern","Facility MF-23","Low","Observation","Escalated","EHS West","1","5079.45","985.41","90","49.78","Yes","At Risk","SYNTHETIC DEMO DATA — Safety inspections, observations, incidents, corrective actions, risk levels, and compliance scores."
"EHSCOMPLIANCE-00013","2025-11-20","2025-11","Central","Facility MF-01","Moderate","Inspection","Action Due","Compliance Office","10","6995.88","1441.15","90","24.7","Yes","Controlled","SYNTHETIC DEMO DATA — Safety inspections, observations, incidents, corrective actions, risk levels, and compliance scores."
"EHSCOMPLIANCE-00014","2025-12-03","2025-12","Eastern","Facility MF-07","High","Corrective Action","Closed","EHS West","7","7176.33","1564.44","91","26.79","Yes","Controlled","SYNTHETIC DEMO DATA — Safety inspections, observations, incidents, corrective actions, risk levels, and compliance scores."
"EHSCOMPLIANCE-00015","2025-12-16","2025-12","Southern","Facility MF-12","Critical","Incident","Closed","Compliance Office","4","6030.36","1025.16","92","28.88","Yes","Controlled","SYNTHETIC DEMO DATA — Safety inspections, observations, incidents, corrective actions, risk levels, and compliance scores."
"EHSCOMPLIANCE-00016","2025-12-29","2025-12","Western","Facility MF-18","Low","Observation","Escalated","EHS West","1","8406.02","1529.9","93","30.97","Yes","At Risk","SYNTHETIC DEMO DATA — Safety inspections, observations, incidents, corrective actions, risk levels, and compliance scores."
"EHSCOMPLIANCE-00017","2026-01-11","2026-01","Northern","Facility MF-23","Moderate","Inspection","Action Due","Compliance Office","10","7568.16","1468.22","94","33.06","Yes","Controlled","SYNTHETIC DEMO DATA — Safety inspections, observations, incidents, corrective actions, risk levels, and compliance scores."
"EHSCOMPLIANCE-00018","2026-01-24","2026-01","Central","Facility MF-01","High","Corrective Action","Closed","EHS West","7","6091.24","1254.8","95","35.15","No","At Risk","SYNTHETIC DEMO DATA — Safety inspections, observations, incidents, corrective actions, risk levels, and compliance scores."
"EHSCOMPLIANCE-00019","2026-02-06","2026-02","Eastern","Facility MF-07","Critical","Incident","Closed","Compliance Office","4","6316.74","1377.05","96","37.24","No","At Risk","SYNTHETIC DEMO DATA — Safety inspections, observations, incidents, corrective actions, risk levels, and compliance scores."
"EHSCOMPLIANCE-00020","2026-02-19","2026-02","Southern","Facility MF-12","Low","Observation","Escalated","EHS West","1","5386.96","915.78","96","39.33","Yes","At Risk","SYNTHETIC DEMO DATA — Safety inspections, observations, incidents, corrective actions, risk levels, and compliance scores."
"EHSCOMPLIANCE-00021","2026-03-04","2026-03","Western","Facility MF-18","Moderate","Inspection","Action Due","Compliance Office","10","7854.49","1429.52","97","41.42","Yes","Controlled","SYNTHETIC DEMO DATA — Safety inspections, observations, incidents, corrective actions, risk levels, and compliance scores."
"EHSCOMPLIANCE-00022","2026-03-17","2026-03","Northern","Facility MF-23","High","Corrective Action","Closed","EHS West","7","6778.38","1315.01","89","43.51","Yes","Controlled","SYNTHETIC DEMO DATA — Safety inspections, observations, incidents, corrective actions, risk levels, and compliance scores."
"EHSCOMPLIANCE-00023","2026-03-30","2026-03","Central","Facility MF-01","Critical","Incident","Closed","Compliance Office","4","9460.05","1948.77","90","45.6","Yes","Controlled","SYNTHETIC DEMO DATA — Safety inspections, observations, incidents, corrective actions, risk levels, and compliance scores."
"EHSCOMPLIANCE-00024","2026-04-12","2026-04","Eastern","Facility MF-07","Low","Observation","Escalated","EHS West","1","6961.49","1517.6","90","47.69","Yes","At Risk","SYNTHETIC DEMO DATA — Safety inspections, observations, incidents, corrective actions, risk levels, and compliance scores."
"EHSCOMPLIANCE-00025","2026-04-25","2026-04","Southern","Facility MF-12","Moderate","Inspection","Action Due","Compliance Office","10","5833.78","991.74","91","49.78","Yes","Controlled","SYNTHETIC DEMO DATA — Safety inspections, observations, incidents, corrective actions, risk levels, and compliance scores."
"EHSCOMPLIANCE-00026","2026-05-08","2026-05","Western","Facility MF-18","High","Corrective Action","Closed","EHS West","7","8474.11","1542.29","92","24.7","Yes","Controlled","SYNTHETIC DEMO DATA — Safety inspections, observations, incidents, corrective actions, risk levels, and compliance scores."
"EHSCOMPLIANCE-00027","2026-05-21","2026-05","Northern","Facility MF-23","Critical","Incident","Closed","Compliance Office","4","4273.58","829.07","93","26.79","No","At Risk","SYNTHETIC DEMO DATA — Safety inspections, observations, incidents, corrective actions, risk levels, and compliance scores."
"EHSCOMPLIANCE-00028","2026-06-03","2026-06","Central","Facility MF-01","Low","Observation","Escalated","EHS West","1","6315.76","1301.05","94","28.88","No","At Risk","SYNTHETIC DEMO DATA — Safety inspections, observations, incidents, corrective actions, risk levels, and compliance scores."
"EHSCOMPLIANCE-00029","2026-06-16","2026-06","Eastern","Facility MF-07","Moderate","Inspection","Action Due","Compliance Office","10","6190.75","1349.58","95","30.97","Yes","Controlled","SYNTHETIC DEMO DATA — Safety inspections, observations, incidents, corrective actions, risk levels, and compliance scores."
"EHSCOMPLIANCE-00030","2025-01-05","2025-01","Southern","Facility MF-12","High","Corrective Action","Closed","EHS West","7","5090.24","865.34","96","33.06","Yes","Controlled","SYNTHETIC DEMO DATA — Safety inspections, observations, incidents, corrective actions, risk levels, and compliance scores."
"EHSCOMPLIANCE-00031","2025-01-18","2025-01","Western","Facility MF-18","Critical","Incident","Closed","Compliance Office","4","7041.13","1281.49","96","35.15","Yes","Controlled","SYNTHETIC DEMO DATA — Safety inspections, observations, incidents, corrective actions, risk levels, and compliance scores."
"EHSCOMPLIANCE-00032","2025-01-31","2025-01","Northern","Facility MF-23","Low","Observation","Escalated","EHS West","1","6055.65","1174.8","97","37.24","Yes","At Risk","SYNTHETIC DEMO DATA — Safety inspections, observations, incidents, corrective actions, risk levels, and compliance scores."
"EHSCOMPLIANCE-00033","2025-02-13","2025-02","Central","Facility MF-01","Moderate","Inspection","Action Due","Compliance Office","10","8722.56","1796.85","89","39.33","Yes","Controlled","SYNTHETIC DEMO DATA — Safety inspections, observations, incidents, corrective actions, risk levels, and compliance scores."
"EHSCOMPLIANCE-00034","2025-02-26","2025-02","Eastern","Facility MF-07","High","Corrective Action","Closed","EHS West","7","8401.54","1831.54","90","41.42","Yes","Controlled","SYNTHETIC DEMO DATA — Safety inspections, observations, incidents, corrective actions, risk levels, and compliance scores."
"EHSCOMPLIANCE-00035","2025-03-11","2025-03","Southern","Facility MF-12","Critical","Incident","Closed","Compliance Office","4","7374.26","1253.62","90","43.51","Yes","Controlled","SYNTHETIC DEMO DATA — Safety inspections, observations, incidents, corrective actions, risk levels, and compliance scores."
"EHSCOMPLIANCE-00036","2025-03-24","2025-03","Western","Facility MF-18","Low","Observation","Escalated","EHS West","1","5960.91","1084.89","91","45.6","No","At Risk","SYNTHETIC DEMO DATA — Safety inspections, observations, incidents, corrective actions, risk levels, and compliance scores."
"EHSCOMPLIANCE-00037","2025-04-06","2025-04","Northern","Facility MF-23","Moderate","Inspection","Action Due","Compliance Office","10","4043.46","784.43","92","47.69","No","At Risk","SYNTHETIC DEMO DATA — Safety inspections, observations, incidents, corrective actions, risk levels, and compliance scores."
"EHSCOMPLIANCE-00038","2025-04-19","2025-04","Central","Facility MF-01","High","Corrective Action","Closed","EHS West","7","5615.27","1156.75","93","49.78","Yes","Controlled","SYNTHETIC DEMO DATA — Safety inspections, observations, incidents, corrective actions, risk levels, and compliance scores."
"EHSCOMPLIANCE-00039","2025-05-02","2025-05","Eastern","Facility MF-07","Critical","Incident","Closed","Compliance Office","4","5822.46","1269.3","94","24.7","Yes","Controlled","SYNTHETIC DEMO DATA — Safety inspections, observations, incidents, corrective actions, risk levels, and compliance scores."
"EHSCOMPLIANCE-00040","2025-05-15","2025-05","Southern","Facility MF-12","Low","Observation","Escalated","EHS West","1","4924.54","837.17","95","26.79","Yes","At Risk","SYNTHETIC DEMO DATA — Safety inspections, observations, incidents, corrective actions, risk levels, and compliance scores."
"EHSCOMPLIANCE-00041","2025-05-28","2025-05","Western","Facility MF-18","Moderate","Inspection","Action Due","Compliance Office","10","6788.6","1235.53","96","28.88","Yes","Controlled","SYNTHETIC DEMO DATA — Safety inspections, observations, incidents, corrective actions, risk levels, and compliance scores."
"EHSCOMPLIANCE-00042","2025-06-10","2025-06","Northern","Facility MF-23","High","Corrective Action","Closed","EHS West","7","6163.02","1195.63","96","30.97","Yes","Controlled","SYNTHETIC DEMO DATA — Safety inspections, observations, incidents, corrective actions, risk levels, and compliance scores."
"EHSCOMPLIANCE-00043","2025-06-23","2025-06","Central","Facility MF-01","Critical","Incident","Closed","Compliance Office","4","8410.22","1732.51","97","33.06","Yes","Controlled","SYNTHETIC DEMO DATA — Safety inspections, observations, incidents, corrective actions, risk levels, and compliance scores."
"EHSCOMPLIANCE-00044","2025-07-06","2025-07","Eastern","Facility MF-07","Low","Observation","Escalated","EHS West","1","8680.36","1892.32","89","35.15","Yes","At Risk","SYNTHETIC DEMO DATA — Safety inspections, observations, incidents, corrective actions, risk levels, and compliance scores."
"EHSCOMPLIANCE-00045","2025-07-19","2025-07","Southern","Facility MF-12","Moderate","Inspection","Action Due","Compliance Office","10","4290.29","729.35","90","37.24","No","At Risk","SYNTHETIC DEMO DATA — Safety inspections, observations, incidents, corrective actions, risk levels, and compliance scores."
"EHSCOMPLIANCE-00046","2025-08-01","2025-08","Western","Facility MF-18","High","Corrective Action","Closed","EHS West","7","6330.71","1152.19","90","39.33","No","At Risk","SYNTHETIC DEMO DATA — Safety inspections, observations, incidents, corrective actions, risk levels, and compliance scores."
"EHSCOMPLIANCE-00047","2025-08-14","2025-08","Northern","Facility MF-23","Critical","Incident","Closed","Compliance Office","4","5508.74","1068.7","91","41.42","Yes","Controlled","SYNTHETIC DEMO DATA — Safety inspections, observations, incidents, corrective actions, risk levels, and compliance scores."
"EHSCOMPLIANCE-00048","2025-08-27","2025-08","Central","Facility MF-01","Low","Observation","Escalated","EHS West","1","7616.54","1569.01","92","43.51","Yes","At Risk","SYNTHETIC DEMO DATA — Safety inspections, observations, incidents, corrective actions, risk levels, and compliance scores."
"EHSCOMPLIANCE-00049","2025-09-09","2025-09","Eastern","Facility MF-07","Moderate","Inspection","Action Due","Compliance Office","10","7774.52","1694.85","93","45.6","Yes","Controlled","SYNTHETIC DEMO DATA — Safety inspections, observations, incidents, corrective actions, risk levels, and compliance scores."
"EHSCOMPLIANCE-00050","2025-09-22","2025-09","Southern","Facility MF-12","High","Corrective Action","Closed","EHS West","7","6553.05","1114.02","94","47.69","Yes","Controlled","SYNTHETIC DEMO DATA — Safety inspections, observations, incidents, corrective actions, risk levels, and compliance scores."
"EHSCOMPLIANCE-00051","2025-10-05","2025-10","western","Facility MF-18","Critical","Incident","Closed","Compliance Office","4","6980.89","1270.52","95","49.78","Yes","Controlled","SYNTHETIC DEMO DATA — Safety inspections, observations, incidents, corrective actions, risk levels, and compliance scores."
"EHSCOMPLIANCE-00052","2025-10-18","2025-10","Northern","Facility MF-23","Low","Observation","Escalated","EHS West","1","5969.07","1158","96","24.7","Yes","At Risk","SYNTHETIC DEMO DATA — Safety inspections, observations, incidents, corrective actions, risk levels, and compliance scores."
"EHSCOMPLIANCE-00053","2025-10-31","2025-10","Central","Facility MF-01","Moderate","Inspection","Action Due","Compliance Office","10","8125.37","1673.83","96","26.79","Yes","Controlled","SYNTHETIC DEMO DATA — Safety inspections, observations, incidents, corrective actions, risk levels, and compliance scores."
"EHSCOMPLIANCE-00054","2025-11-13","2025-11","Eastern","Facility MF-07","High","Corrective Action","Closed","EHS West","7","4904.43","1069.17","97","28.88","No","At Risk","SYNTHETIC DEMO DATA — Safety inspections, observations, incidents, corrective actions, risk levels, and compliance scores."
"EHSCOMPLIANCE-00055","2025-11-26","2025-11","Southern","Facility MF-12","Critical","Incident","Closed","Compliance Office","4","4203.71","714.63","89","30.97","No","At Risk","SYNTHETIC DEMO DATA — Safety inspections, observations, incidents, corrective actions, risk levels, and compliance scores."
"EHSCOMPLIANCE-00056","2025-12-09","2025-12","Western","Facility MF-18","Low","Observation","Escalated","EHS West","1","6208","1129.86","90","33.06","Yes","At Risk","SYNTHETIC DEMO DATA — Safety inspections, observations, incidents, corrective actions, risk levels, and compliance scores."
"EHSCOMPLIANCE-00057","2025-12-22","2025-12","Northern","Facility MF-23","Moderate","Inspection","Action Due","Compliance Office","10","5378.24","1043.38","90","35.15","Yes","Controlled","SYNTHETIC DEMO DATA — Safety inspections, observations, incidents, corrective actions, risk levels, and compliance scores."
"EHSCOMPLIANCE-00058","2026-01-04","2026-01","Central","Facility MF-01","High","Corrective Action","Closed","EHS West","7","7952.45","1638.2","91","37.24","Yes","Controlled","SYNTHETIC DEMO DATA — Safety inspections, observations, incidents, corrective actions, risk levels, and compliance scores."
"EHSCOMPLIANCE-00059","2026-01-17","2026-01","Eastern","Facility MF-07","Critical","Incident","Closed","Compliance Office","4","7704.38","1679.55","92","39.33","Yes","Controlled","SYNTHETIC DEMO DATA — Safety inspections, observations, incidents, corrective actions, risk levels, and compliance scores."
"EHSCOMPLIANCE-00060","2026-01-30","2026-01","Southern","Facility MF-12","Low","Observation","Escalated","EHS West","1","6474.09","1100.6","93","41.42","Yes","At Risk","SYNTHETIC DEMO DATA — Safety inspections, observations, incidents, corrective actions, risk levels, and compliance scores."
"EHSCOMPLIANCE-00061","2026-02-12","2026-02","Western","Facility MF-18","Moderate","Inspection","Action Due","Compliance Office","10","9340.02","1699.88","94","43.51","Yes","Controlled","SYNTHETIC DEMO DATA — Safety inspections, observations, incidents, corrective actions, risk levels, and compliance scores."
"EHSCOMPLIANCE-00062","2026-02-25","2026-02","Northern","Facility MF-23","High","Corrective Action","Closed","EHS West","7","7966.49","1545.5","95","45.6","Yes","Controlled","SYNTHETIC DEMO DATA — Safety inspections, observations, incidents, corrective actions, risk levels, and compliance scores."
"EHSCOMPLIANCE-00063","2026-03-10","2026-03","Central","Facility MF-01","Critical","Incident","Closed","Compliance Office","4","6732.42","1386.88","96","47.69","No","At Risk","SYNTHETIC DEMO DATA — Safety inspections, observations, incidents, corrective actions, risk levels, and compliance scores."
"EHSCOMPLIANCE-00064","2026-03-23","2026-03","Eastern","Facility MF-07","Low","Observation","Escalated","EHS West","1","6632.58","1445.9","96","49.78","No","At Risk","SYNTHETIC DEMO DATA — Safety inspections, observations, incidents, corrective actions, risk levels, and compliance scores."
"EHSCOMPLIANCE-00065","2026-04-05","2026-04","Southern","Facility MF-12","Moderate","Inspection","Action Due","Compliance Office","10","4381.93","744.93","97","24.7","Yes","Controlled","SYNTHETIC DEMO DATA — Safety inspections, observations, incidents, corrective actions, risk levels, and compliance scores."
"EHSCOMPLIANCE-00066","2026-04-18","2026-04","Western","Facility MF-18","High","Corrective Action","Closed","EHS West","7","6084.86","1107.44","89","26.79","Yes","Controlled","SYNTHETIC DEMO DATA — Safety inspections, observations, incidents, corrective actions, risk levels, and compliance scores."
"EHSCOMPLIANCE-00067","2026-05-01","2026-05","Northern","Facility MF-23","Critical","Incident","Closed","Compliance Office","4","5579.4","1082.4","90","28.88","Yes","Controlled","SYNTHETIC DEMO DATA — Safety inspections, observations, incidents, corrective actions, risk levels, and compliance scores."
"EHSCOMPLIANCE-00068","2026-05-14","2026-05","Central","Facility MF-01","Low","Observation","Escalated","EHS West","1","7658.14","1577.58","90","30.97","Yes","At Risk","SYNTHETIC DEMO DATA — Safety inspections, observations, incidents, corrective actions, risk levels, and compliance scores."
"EHSCOMPLIANCE-00069","2026-05-27","2026-05","Eastern","Facility MF-07","Moderate","Inspection","Action Due","Compliance Office","10","7396.58","1612.45","91","33.06","Yes","Controlled","SYNTHETIC DEMO DATA — Safety inspections, observations, incidents, corrective actions, risk levels, and compliance scores."
"EHSCOMPLIANCE-00070","2026-06-09","2026-06","Southern","Facility MF-12","High","Corrective Action","Closed","EHS West","7","6563","1115.71","92","35.15","Yes","Controlled","SYNTHETIC DEMO DATA — Safety inspections, observations, incidents, corrective actions, risk levels, and compliance scores."
"EHSCOMPLIANCE-00071","2026-06-22","2026-06","Western","Facility MF-18","Critical","Incident","Closed","Compliance Office","4","8972.59","1633.01","93","37.24","Yes","Controlled","SYNTHETIC DEMO DATA — Safety inspections, observations, incidents, corrective actions, risk levels, and compliance scores."
"EHSCOMPLIANCE-00072","2025-01-11","2025-01","Northern","Facility MF-23","Low","Observation","Escalated","EHS West","1","4381.98","850.1","94","39.33","No","At Risk","SYNTHETIC DEMO DATA — Safety inspections, observations, incidents, corrective actions, risk levels, and compliance scores."
"EHSCOMPLIANCE-00073","2025-01-24","2025-01","Central","Facility MF-01","Moderate","Inspection","Action Due","Compliance Office","10","6116.18","1259.93","95","41.42","No","At Risk","SYNTHETIC DEMO DATA — Safety inspections, observations, incidents, corrective actions, risk levels, and compliance scores."
"EHSCOMPLIANCE-00074","2025-02-06","2025-02","Eastern","Facility MF-07","High","Corrective Action","Closed","EHS West","7","6310.66","1375.72","96","43.51","Yes","Controlled","SYNTHETIC DEMO DATA — Safety inspections, observations, incidents, corrective actions, risk levels, and compliance scores."
"EHSCOMPLIANCE-00075","2025-02-19","2025-02","Southern","Facility MF-12","Critical","Incident","Closed","Compliance Office","4","5358.14","910.88","96","45.6","Yes","Controlled","SYNTHETIC DEMO DATA — Safety inspections, observations, incidents, corrective actions, risk levels, and compliance scores."
"EHSCOMPLIANCE-00076","2025-03-04","2025-03","Western","Facility MF-18","Low","Observation","Escalated","EHS West","1","7782.3","1416.38","97","47.69","Yes","At Risk","SYNTHETIC DEMO DATA — Safety inspections, observations, incidents, corrective actions, risk levels, and compliance scores."
"EHSCOMPLIANCE-00077","2025-03-17","2025-03","Northern","Facility MF-23","Moderate","Inspection","Action Due","Compliance Office","10","6693.09","1298.46","89","49.78","Yes","Controlled","SYNTHETIC DEMO DATA — Safety inspections, observations, incidents, corrective actions, risk levels, and compliance scores."
"EHSCOMPLIANCE-00078","2025-03-30","2025-03","Central","Facility MF-01","High","Corrective Action","Closed","EHS West","7","9158.69","1886.69","90","24.7","Yes","Controlled","SYNTHETIC DEMO DATA — Safety inspections, observations, incidents, corrective actions, risk levels, and compliance scores."
"EHSCOMPLIANCE-00079","2025-04-12","2025-04","Eastern","Facility MF-07","Critical","Incident","Closed","Compliance Office","4","6842.21","1491.6","90","26.79","Yes","Controlled","SYNTHETIC DEMO DATA — Safety inspections, observations, incidents, corrective actions, risk levels, and compliance scores."
"EHSCOMPLIANCE-00080","2025-04-25","2025-04","Southern","Facility MF-12","Low","Observation","Escalated","EHS West","1","5719.62","972.34","91","28.88","Yes","At Risk","SYNTHETIC DEMO DATA — Safety inspections, observations, incidents, corrective actions, risk levels, and compliance scores."
"EHSCOMPLIANCE-00081","2025-05-08","2025-05","Western","Facility MF-18","Moderate","Inspection","Action Due","Compliance Office","10","4912.36","894.05","92","30.97","No","At Risk","SYNTHETIC DEMO DATA — Safety inspections, observations, incidents, corrective actions, risk levels, and compliance scores."
"EHSCOMPLIANCE-00082","2025-05-21","2025-05","Northern","Facility MF-23","High","Corrective Action","Closed","EHS West","7","4296.18","833.46","93","33.06","No","At Risk","SYNTHETIC DEMO DATA — Safety inspections, observations, incidents, corrective actions, risk levels, and compliance scores."
"EHSCOMPLIANCE-00083","2025-06-03","2025-06","Central","Facility MF-01","Critical","Incident","Closed","Compliance Office","4","6317.18","1301.34","94","35.15","Yes","Controlled","SYNTHETIC DEMO DATA — Safety inspections, observations, incidents, corrective actions, risk levels, and compliance scores."
"EHSCOMPLIANCE-00084","2025-06-16","2025-06","Eastern","Facility MF-07","Low","Observation","Escalated","EHS West","1","6164.96","1343.96","95","37.24","Yes","At Risk","SYNTHETIC DEMO DATA — Safety inspections, observations, incidents, corrective actions, risk levels, and compliance scores."
"EHSCOMPLIANCE-00085","2025-06-29","2025-06","Southern","Facility MF-12","Moderate","Inspection","Action Due","Compliance Office","10","5214.22","886.42","96","39.33","Yes","Controlled","SYNTHETIC DEMO DATA — Safety inspections, observations, incidents, corrective actions, risk levels, and compliance scores."
"EHSCOMPLIANCE-00086","2025-07-12","2025-07","Western","Facility MF-18","High","Corrective Action","Closed","EHS West","7","7721.42","1405.3","96","41.42","Yes","Controlled","SYNTHETIC DEMO DATA — Safety inspections, observations, incidents, corrective actions, risk levels, and compliance scores."
"EHSCOMPLIANCE-00087","2025-07-25","2025-07","Northern","Facility MF-23","Critical","Incident","Closed","Compliance Office","4","6620.44","1284.37","97","43.51","Yes","Controlled","SYNTHETIC DEMO DATA — Safety inspections, observations, incidents, corrective actions, risk levels, and compliance scores."
"EHSCOMPLIANCE-00088","2025-08-07","2025-08","Central","Facility MF-01","Low","Observation","Escalated","EHS West","1","9509.92","1959.04","89","45.6","Yes","At Risk","SYNTHETIC DEMO DATA — Safety inspections, observations, incidents, corrective actions, risk levels, and compliance scores."
"EHSCOMPLIANCE-00089","2025-08-20","2025-08","Eastern","Facility MF-07","Moderate","Inspection","Action Due","Compliance Office","10","9137.22","1991.91","90","47.69","Yes","Controlled","SYNTHETIC DEMO DATA — Safety inspections, observations, incidents, corrective actions, risk levels, and compliance scores."
"EHSCOMPLIANCE-00090","2025-09-02","2025-09","Southern","Facility MF-12","High","Corrective Action","Closed","EHS West","7","4741.9","806.12","90","49.78","No","At Risk","SYNTHETIC DEMO DATA — Safety inspections, observations, incidents, corrective actions, risk levels, and compliance scores."
"EHSCOMPLIANCE-00091","2025-09-15","2025-09","Western","Facility MF-18","Critical","Incident","Closed","Compliance Office","4","6647.24","1209.8","91","24.7","No","At Risk","SYNTHETIC DEMO DATA — Safety inspections, observations, incidents, corrective actions, risk levels, and compliance scores."
"EHSCOMPLIANCE-00092","2025-09-28","2025-09","Northern","Facility MF-23","Low","Observation","Escalated","EHS West","1","5884.67","1141.63","92","26.79","Yes","At Risk","SYNTHETIC DEMO DATA — Safety inspections, observations, incidents, corrective actions, risk levels, and compliance scores."
"EHSCOMPLIANCE-00093","2025-10-11","2025-10","Central","Facility MF-01","Moderate","Inspection","Action Due","Compliance Office","10","6199.1","1277.01","93","28.88","Yes","Controlled","SYNTHETIC DEMO DATA — Safety inspections, observations, incidents, corrective actions, risk levels, and compliance scores."
"EHSCOMPLIANCE-00094","2025-10-24","2025-10","Eastern","Facility MF-07","High","Corrective Action","Closed","EHS West","7","6026.36","1313.75","94","30.97","Yes","Controlled","SYNTHETIC DEMO DATA — Safety inspections, observations, incidents, corrective actions, risk levels, and compliance scores."
"EHSCOMPLIANCE-00095","2025-11-06","2025-11","Southern","Facility MF-12","Critical","Incident","Closed","Compliance Office","4","5397.02","917.49","95","33.06","Yes","Controlled","SYNTHETIC DEMO DATA — Safety inspections, observations, incidents, corrective actions, risk levels, and compliance scores."
"EHSCOMPLIANCE-00096","2025-11-19","2025-11","Western","Facility MF-18","Low","Observation","Escalated","EHS West","1","7417.19","1349.93","96","35.15","Yes","At Risk","SYNTHETIC DEMO DATA — Safety inspections, observations, incidents, corrective actions, risk levels, and compliance scores."
"EHSCOMPLIANCE-00097","2025-12-02","2025-12","Northern","Facility MF-23","Moderate","Inspection","Action Due","Compliance Office","10","6715.21","1302.75","96","37.24","Yes","Controlled","SYNTHETIC DEMO DATA — Safety inspections, observations, incidents, corrective actions, risk levels, and compliance scores."
"EHSCOMPLIANCE-00098","2025-12-15","2025-12","Central","Facility MF-01","High","Corrective Action","Closed","EHS West","7","9141.04","1883.05","97","39.33","Yes","Controlled","SYNTHETIC DEMO DATA — Safety inspections, observations, incidents, corrective actions, risk levels, and compliance scores."
"EHSCOMPLIANCE-00099","2025-12-28","2025-12","Eastern","Facility MF-07","Critical","Incident","Closed","Compliance Office","4","5281.61","1151.39","89","41.42","No","At Risk","SYNTHETIC DEMO DATA — Safety inspections, observations, incidents, corrective actions, risk levels, and compliance scores."
"EHSCOMPLIANCE-00100","2026-01-10","2026-01","Southern","Facility MF-12","Low","Observation","Escalated","EHS West","1","4778.5","812.34","90","43.51","No","At Risk","SYNTHETIC DEMO DATA — Safety inspections, observations, incidents, corrective actions, risk levels, and compliance scores."
,"2026-01-23","2026-01","Western","Facility MF-18","Moderate","Inspection","Action Due","Compliance Office","10","6664.8","1212.99","90","45.6","Yes","Controlled","SYNTHETIC DEMO DATA — Safety inspections, observations, incidents, corrective actions, risk levels, and compliance scores."
"EHSCOMPLIANCE-00102","2026-02-05","2026-02","Northern","Facility MF-23","High","Corrective Action","Closed","EHS West","7","6077.88","1179.11","91","47.69","Yes","Controlled","SYNTHETIC DEMO DATA — Safety inspections, observations, incidents, corrective actions, risk levels, and compliance scores."
"EHSCOMPLIANCE-00103","2026-02-18","2026-02","Central","Facility MF-01","Critical","Incident","Closed","Compliance Office","4","8371","1724.43","92","49.78","Yes","Controlled","SYNTHETIC DEMO DATA — Safety inspections, observations, incidents, corrective actions, risk levels, and compliance scores."
"EHSCOMPLIANCE-00104","2026-03-03","2026-03","Eastern","Facility MF-07","Low","Observation","Escalated","EHS West","1","8515.37","1856.35","93","24.7","Yes","At Risk","SYNTHETIC DEMO DATA — Safety inspections, observations, incidents, corrective actions, risk levels, and compliance scores."
"EHSCOMPLIANCE-00105","2026-03-16","2026-03","Southern","Facility MF-12","Moderate","Inspection","Action Due","Compliance Office","10","7155.57","1216.45","94","26.79","Yes","Controlled","SYNTHETIC DEMO DATA — Safety inspections, observations, incidents, corrective actions, risk levels, and compliance scores."
"EHSCOMPLIANCE-00106","2026-03-29","2026-03","Western","Facility MF-18","High","Corrective Action","Closed","EHS West","7","9971.69","1814.85","95","28.88","Yes","Controlled","SYNTHETIC DEMO DATA — Safety inspections, observations, incidents, corrective actions, risk levels, and compliance scores."
"EHSCOMPLIANCE-00107","2026-04-11","2026-04","Northern","Facility MF-23","Critical","Incident","Closed","Compliance Office","4","6480.2","1257.16","96","30.97","Yes","Controlled","SYNTHETIC DEMO DATA — Safety inspections, observations, incidents, corrective actions, risk levels, and compliance scores."
"EHSCOMPLIANCE-00108","2026-04-24","2026-04","Central","Facility MF-01","Low","Observation","Escalated","EHS West","1","5215.59","1074.41","96","33.06","No","At Risk","SYNTHETIC DEMO DATA — Safety inspections, observations, incidents, corrective actions, risk levels, and compliance scores."
"EHSCOMPLIANCE-00109","2026-05-07","2026-05","Eastern","Facility MF-07","Moderate","Inspection","Action Due","Compliance Office","10","5459.38","1190.14","97","35.15","No","At Risk","SYNTHETIC DEMO DATA — Safety inspections, observations, incidents, corrective actions, risk levels, and compliance scores."
"EHSCOMPLIANCE-00110","2026-05-20","2026-05","Southern","Facility MF-12","High","Corrective Action","Closed","EHS West","7","4655.8","791.49","89","37.24","Yes","Controlled","SYNTHETIC DEMO DATA — Safety inspections, observations, incidents, corrective actions, risk levels, and compliance scores."
"EHSCOMPLIANCE-00111","2026-06-02","2026-06","Western","Facility MF-18","Critical","Incident","Closed","Compliance Office","4","6845.47","1245.88","90","39.33","Yes","Controlled","SYNTHETIC DEMO DATA — Safety inspections, observations, incidents, corrective actions, risk levels, and compliance scores."
"EHSCOMPLIANCE-00112","2026-06-15","2026-06","Northern","Facility MF-23","Low","Observation","Escalated","EHS West","1","5907.6","1146.07","90","41.42","Yes","At Risk","SYNTHETIC DEMO DATA — Safety inspections, observations, incidents, corrective actions, risk levels, and compliance scores."
"EHSCOMPLIANCE-00113","2025-01-04","2025-01","Central","Facility MF-01","Moderate","Inspection","Action Due","Compliance Office","10","7852.38","1617.59","91","43.51","Yes","Controlled","SYNTHETIC DEMO DATA — Safety inspections, observations, incidents, corrective actions, risk levels, and compliance scores."
"EHSCOMPLIANCE-00114","2025-01-17","2025-01","Eastern","Facility MF-07","High","Corrective Action","Closed","EHS West","7","7584.19","1653.35","92","45.6","Yes","Controlled","SYNTHETIC DEMO DATA — Safety inspections, observations, incidents, corrective actions, risk levels, and compliance scores."
"EHSCOMPLIANCE-00115","2025-01-30","2025-01","Southern","Facility MF-12","Critical","Incident","Closed","Compliance Office","4","6355.61","1080.45","93","47.69","Yes","Controlled","SYNTHETIC DEMO DATA — Safety inspections, observations, incidents, corrective actions, risk levels, and compliance scores."
"EHSCOMPLIANCE-00116","2025-02-12","2025-02","Western","Facility MF-18","Low","Observation","Escalated","EHS West","1","9146.37","1664.64","94","49.78","Yes","At Risk","SYNTHETIC DEMO DATA — Safety inspections, observations, incidents, corrective actions, risk levels, and compliance scores."
"EHSCOMPLIANCE-00117","2025-02-25","2025-02","Northern","Facility MF-23","Moderate","Inspection","Action Due","Compliance Office","10","4612.61","894.85","95","24.7","No","At Risk","SYNTHETIC DEMO DATA — Safety inspections, observations, incidents, corrective actions, risk levels, and compliance scores."
"EHSCOMPLIANCE-00118","2025-03-10","2025-03","Central","Facility MF-01","High","Corrective Action","Closed","EHS West","7","6759.98","1392.56","96","26.79","No","At Risk","SYNTHETIC DEMO DATA — Safety inspections, observations, incidents, corrective actions, risk levels, and compliance scores."
"EHSCOMPLIANCE-00119","2025-03-23","2025-03","Eastern","Facility MF-07","Critical","Incident","Closed","Compliance Office","4","6626.19","1444.51","96","28.88","Yes","Controlled","SYNTHETIC DEMO DATA — Safety inspections, observations, incidents, corrective actions, risk levels, and compliance scores."
"EHSCOMPLIANCE-00120","2025-04-05","2025-04","Southern","Facility MF-12","Low","Observation","Escalated","EHS West","1","4363.67","741.82","97","30.97","Yes","At Risk","SYNTHETIC DEMO DATA — Safety inspections, observations, incidents, corrective actions, risk levels, and compliance scores."
"EHSCOMPLIANCE-00121","2025-04-18","2025-04","Western","Facility MF-18","Moderate","Inspection","Action Due","Compliance Office","10","6036.1","1098.57","89","33.06","Yes","Controlled","SYNTHETIC DEMO DATA — Safety inspections, observations, incidents, corrective actions, risk levels, and compliance scores."
"EHSCOMPLIANCE-00122","2025-05-01","2025-05","Northern","Facility MF-23","High","Corrective Action","Closed","EHS West","7","5515.74","1070.05","90","35.15","Yes","Controlled","SYNTHETIC DEMO DATA — Safety inspections, observations, incidents, corrective actions, risk levels, and compliance scores."
"EHSCOMPLIANCE-00123","2025-05-14","2025-05","Central","Facility MF-01","Critical","Incident","Closed","Compliance Office","4","7547.63","1554.81","90","37.24","Yes","Controlled","SYNTHETIC DEMO DATA — Safety inspections, observations, incidents, corrective actions, risk levels, and compliance scores."
"EHSCOMPLIANCE-00124","2025-05-27","2025-05","Eastern","Facility MF-07","Low","Observation","Escalated","EHS West","1","7269.85","1584.83","91","39.33","Yes","At Risk","SYNTHETIC DEMO DATA — Safety inspections, observations, incidents, corrective actions, risk levels, and compliance scores."
"EHSCOMPLIANCE-00125","2025-06-09","2025-06","Southern","Facility MF-12","Moderate","Inspection","Action Due","Compliance Office","10","6434.57","1093.88","92","41.42","Yes","Controlled","SYNTHETIC DEMO DATA — Safety inspections, observations, incidents, corrective actions, risk levels, and compliance scores."
"EHSCOMPLIANCE-00126","2025-06-22","2025-06","Western","Facility MF-18","High","Corrective Action","Closed","EHS West","7","5201.32","946.64","93","43.51","No","At Risk","SYNTHETIC DEMO DATA — Safety inspections, observations, incidents, corrective actions, risk levels, and compliance scores."
"EHSCOMPLIANCE-00127","2025-07-05","2025-07","Northern","Facility MF-23","Critical","Incident","Closed","Compliance Office","4","4886.51","947.98","94","45.6","No","At Risk","SYNTHETIC DEMO DATA — Safety inspections, observations, incidents, corrective actions, risk levels, and compliance scores."
"EHSCOMPLIANCE-00128","2025-07-18","2025-07","Central","Facility MF-01","Low","Observation","Escalated","EHS West","1","6786.04","1397.92","95","47.69","Yes","At Risk","SYNTHETIC DEMO DATA — Safety inspections, observations, incidents, corrective actions, risk levels, and compliance scores."
"EHSCOMPLIANCE-00129","2025-07-31","2025-07","Eastern","Facility MF-07","Moderate","Inspection","Action Due","Compliance Office","10","6622.52","1443.71","96","49.78","Yes","Controlled","SYNTHETIC DEMO DATA — Safety inspections, observations, incidents, corrective actions, risk levels, and compliance scores."
"EHSCOMPLIANCE-00130","2025-08-13","2025-08","Southern","Facility MF-12","High","Corrective Action","Closed","EHS West","7","5896.02","1002.32","96","24.7","Yes","Controlled","SYNTHETIC DEMO DATA — Safety inspections, observations, incidents, corrective actions, risk levels, and compliance scores."
"EHSCOMPLIANCE-00131","2025-08-26","2025-08","Western","Facility MF-18","Critical","Incident","Closed","Compliance Office","4","8127.81","1479.26","97","26.79","Yes","Controlled","SYNTHETIC DEMO DATA — Safety inspections, observations, incidents, corrective actions, risk levels, and compliance scores."
"EHSCOMPLIANCE-00132","2025-09-08","2025-09","Northern","Facility MF-23","Low","Observation","Escalated","EHS West","1","7317.33","1419.56","89","28.88","Yes","At Risk","SYNTHETIC DEMO DATA — Safety inspections, observations, incidents, corrective actions, risk levels, and compliance scores."
"EHSCOMPLIANCE-00133","2025-09-21","2025-09","Central","Facility MF-01","Moderate","Inspection","Action Due","Compliance Office","10","9985.41","2056.99","90","30.97","Yes","Controlled","SYNTHETIC DEMO DATA — Safety inspections, observations, incidents, corrective actions, risk levels, and compliance scores."
"EHSCOMPLIANCE-00134","2025-10-04","2025-10","Eastern","Facility MF-07","High","Corrective Action","Closed","EHS West","7","7436.78","1621.22","90","33.06","Yes","Controlled","SYNTHETIC DEMO DATA — Safety inspections, observations, incidents, corrective actions, risk levels, and compliance scores."
"EHSCOMPLIANCE-00135","2025-10-17","2025-10","Southern","Facility MF-12","Critical","Incident","Closed","Compliance Office","4","3675.65","624.86","91","35.15","No","At Risk","SYNTHETIC DEMO DATA — Safety inspections, observations, incidents, corrective actions, risk levels, and compliance scores."
"EHSCOMPLIANCE-00136","2025-10-30","2025-10","Western","Facility MF-18","Low","Observation","Escalated","EHS West","1","5152.56","937.77","92","37.24","No","At Risk","SYNTHETIC DEMO DATA — Safety inspections, observations, incidents, corrective actions, risk levels, and compliance scores."
"EHSCOMPLIANCE-00137","2025-11-12","2025-11","Northern","Facility MF-23","Moderate","Inspection","Action Due","Compliance Office","10","4763.78","924.17","93","39.33","Yes","Controlled","SYNTHETIC DEMO DATA — Safety inspections, observations, incidents, corrective actions, risk levels, and compliance scores."
"EHSCOMPLIANCE-00138","2025-11-25","2025-11","Central","Facility MF-01","High","Corrective Action","Closed","EHS West","7","6586.54","1356.83","94","41.42","Yes","Controlled","SYNTHETIC DEMO DATA — Safety inspections, observations, incidents, corrective actions, risk levels, and compliance scores."
"EHSCOMPLIANCE-00139","2025-12-08","2025-12","Eastern","Facility MF-07","Critical","Incident","Closed","Compliance Office","4","6779.65","1477.96","95","43.51","Yes","Controlled","SYNTHETIC DEMO DATA — Safety inspections, observations, incidents, corrective actions, risk levels, and compliance scores."
"EHSCOMPLIANCE-00140","2025-12-21","2025-12","Southern","Facility MF-12","Low","Observation","Escalated","EHS West","1","5714.49","971.46","96","45.6","Yes","At Risk","SYNTHETIC DEMO DATA — Safety inspections, observations, incidents, corrective actions, risk levels, and compliance scores."
"EHSCOMPLIANCE-00141","2026-01-03","2026-01","Western","Facility MF-18","Moderate","Inspection","Action Due","Compliance Office","10","8431.37","1534.51","96","47.69","Yes","Controlled","SYNTHETIC DEMO DATA — Safety inspections, observations, incidents, corrective actions, risk levels, and compliance scores."
"EHSCOMPLIANCE-00142","2026-01-16","2026-01","Northern","Facility MF-23","High","Corrective Action","Closed","EHS West","7","7209.33","1398.61","97","49.78","Yes","Controlled","SYNTHETIC DEMO DATA — Safety inspections, observations, incidents, corrective actions, risk levels, and compliance scores."
"EHSCOMPLIANCE-00143","2026-01-29","2026-01","Central","Facility MF-01","Critical","Incident","Closed","Compliance Office","4","9813.66","2021.61","89","24.7","Yes","Controlled","SYNTHETIC DEMO DATA — Safety inspections, observations, incidents, corrective actions, risk levels, and compliance scores."
"EHSCOMPLIANCE-00144","2026-02-11","2026-02","Eastern","Facility MF-07","Low","Observation","Escalated","EHS West","1","5868.45","1279.32","90","26.79","No","At Risk","SYNTHETIC DEMO DATA — Safety inspections, observations, incidents, corrective actions, risk levels, and compliance scores."
"EHSCOMPLIANCE-00145","2026-02-24","2026-02","Southern","Facility MF-12","Moderate","Inspection","Action Due","Compliance Office","10","5030","855.1","90","28.88","No","At Risk","SYNTHETIC DEMO DATA — Safety inspections, observations, incidents, corrective actions, risk levels, and compliance scores."
"EHSCOMPLIANCE-00146","2026-03-09","2026-03","Western","Facility MF-18","High","Corrective Action","Closed","EHS West","7","7366.36","1340.68","91","30.97","Yes","Controlled","SYNTHETIC DEMO DATA — Safety inspections, observations, incidents, corrective actions, risk levels, and compliance scores."
"EHSCOMPLIANCE-00147","2026-03-22","2026-03","Northern","Facility MF-23","Critical","Incident","Closed","Compliance Office","4","6381.77","1238.06","92","33.06","Yes","Controlled","SYNTHETIC DEMO DATA — Safety inspections, observations, incidents, corrective actions, risk levels, and compliance scores."
"EHSCOMPLIANCE-00148","2026-04-04","2026-04","Central","Facility MF-01","Low","Observation","Escalated","EHS West","1","6809.25","1402.71","93","35.15","Yes","At Risk","SYNTHETIC DEMO DATA — Safety inspections, observations, incidents, corrective actions, risk levels, and compliance scores."
"EHSCOMPLIANCE-00149","2026-04-17","2026-04","Eastern","Facility MF-07","Moderate","Inspection","Action Due","Compliance Office","10","6596.84","1438.11","94","37.24","Yes","Controlled","SYNTHETIC DEMO DATA — Safety inspections, observations, incidents, corrective actions, risk levels, and compliance scores."
"EHSCOMPLIANCE-00150","2026-04-30","2026-04","Southern","Facility MF-12","High","Corrective Action","Closed","EHS West","7","5543.41","942.38","95","39.33","Yes","Controlled","SYNTHETIC DEMO DATA — Safety inspections, observations, incidents, corrective actions, risk levels, and compliance scores."
"EHSCOMPLIANCE-00151","2026-05-13","2026-05","Western","Facility MF-18","Critical","Incident","Closed","Compliance Office","4","-1","1469.16","96","41.42","Yes","Controlled","SYNTHETIC DEMO DATA — Safety inspections, observations, incidents, corrective actions, risk levels, and compliance scores."
"EHSCOMPLIANCE-00152","2026-05-26","2026-05","Northern","Facility MF-23","Low","Observation","Escalated","EHS West","1","6885.21","1335.73","96","43.51","Yes","At Risk","SYNTHETIC DEMO DATA — Safety inspections, observations, incidents, corrective actions, risk levels, and compliance scores."
"EHSCOMPLIANCE-00153","2026-06-08","2026-06","Central","Facility MF-01","Moderate","Inspection","Action Due","Compliance Office","10","5867.54","1208.71","97","45.6","No","At Risk","SYNTHETIC DEMO DATA — Safety inspections, observations, incidents, corrective actions, risk levels, and compliance scores."
"EHSCOMPLIANCE-00154","2026-06-21","2026-06","Eastern","Facility MF-07","High","Corrective Action","Closed","EHS West","7","5780.52","1260.15","89","47.69","No","At Risk","SYNTHETIC DEMO DATA — Safety inspections, observations, incidents, corrective actions, risk levels, and compliance scores."
"EHSCOMPLIANCE-00155","2025-01-10","2025-01","Southern","Facility MF-12","Critical","Incident","Closed","Compliance Office","4","4773.89","811.56","90","49.78","Yes","Controlled","SYNTHETIC DEMO DATA — Safety inspections, observations, incidents, corrective actions, risk levels, and compliance scores."
"EHSCOMPLIANCE-00156","2025-01-23","2025-01","Western","Facility MF-18","Low","Observation","Escalated","EHS West","1","6629.15","1206.51","90","24.7","Yes","At Risk","SYNTHETIC DEMO DATA — Safety inspections, observations, incidents, corrective actions, risk levels, and compliance scores."
"EHSCOMPLIANCE-00157","2025-02-05","2025-02","Northern","Facility MF-23","Moderate","Inspection","Action Due","Compliance Office","10","6022.02","1168.27","91","26.79","Yes","Controlled","SYNTHETIC DEMO DATA — Safety inspections, observations, incidents, corrective actions, risk levels, and compliance scores."
"EHSCOMPLIANCE-00158","2025-02-18","2025-02","Central","Facility MF-01","High","Corrective Action","Closed","EHS West","7","8265.66","1702.73","92","28.88","Yes","Controlled","SYNTHETIC DEMO DATA — Safety inspections, observations, incidents, corrective actions, risk levels, and compliance scores."
"EHSCOMPLIANCE-00159","2025-03-03","2025-03","Eastern","Facility MF-07","Critical","Incident","Closed","Compliance Office","4","8382.53","1827.39","93","30.97","Yes","Controlled","SYNTHETIC DEMO DATA — Safety inspections, observations, incidents, corrective actions, risk levels, and compliance scores."
"EHSCOMPLIANCE-00160","2025-03-16","2025-03","Southern","Facility MF-12","Low","Observation","Escalated","EHS West","1","7024.62","1194.19","94","33.06","Yes","At Risk","SYNTHETIC DEMO DATA — Safety inspections, observations, incidents, corrective actions, risk levels, and compliance scores."
"EHSCOMPLIANCE-00161","2025-03-29","2025-03","Western","Facility MF-18","Moderate","Inspection","Action Due","Compliance Office","10","9603.69","1747.87","95","35.15","Yes","Controlled","SYNTHETIC DEMO DATA — Safety inspections, observations, incidents, corrective actions, risk levels, and compliance scores."
"EHSCOMPLIANCE-00162","2025-04-11","2025-04","Northern","Facility MF-23","High","Corrective Action","Closed","EHS West","7","3756.51","728.76","96","37.24","No","At Risk","SYNTHETIC DEMO DATA — Safety inspections, observations, incidents, corrective actions, risk levels, and compliance scores."
"EHSCOMPLIANCE-00163","2025-04-24","2025-04","Central","Facility MF-01","Critical","Incident","Closed","Compliance Office","4","5243.17","1080.09","96","39.33","No","At Risk","SYNTHETIC DEMO DATA — Safety inspections, observations, incidents, corrective actions, risk levels, and compliance scores."
"EHSCOMPLIANCE-00164","2025-05-07","2025-05","Eastern","Facility MF-07","Low","Observation","Escalated","EHS West","1","5460.61","1190.41","97","41.42","Yes","At Risk","SYNTHETIC DEMO DATA — Safety inspections, observations, incidents, corrective actions, risk levels, and compliance scores."
"EHSCOMPLIANCE-00165","2025-05-20","2025-05","Southern","Facility MF-12","Moderate","Inspection","Action Due","Compliance Office","10","4636.4","788.19","89","43.51","Yes","Controlled","SYNTHETIC DEMO DATA — Safety inspections, observations, incidents, corrective actions, risk levels, and compliance scores."
"EHSCOMPLIANCE-00166","2025-06-02","2025-06","Western","Facility MF-18","High","Corrective Action","Closed","EHS West","7","6790.61","1235.89","90","45.6","Yes","Controlled","SYNTHETIC DEMO DATA — Safety inspections, observations, incidents, corrective actions, risk levels, and compliance scores."
"EHSCOMPLIANCE-00167","2025-06-15","2025-06","Northern","Facility MF-23","Critical","Incident","Closed","Compliance Office","4","5840.2","1133","90","47.69","Yes","Controlled","SYNTHETIC DEMO DATA — Safety inspections, observations, incidents, corrective actions, risk levels, and compliance scores."
"EHSCOMPLIANCE-00168","2025-06-28","2025-06","Central","Facility MF-01","Low","Observation","Escalated","EHS West","1","7991.61","1646.27","91","49.78","Yes","At Risk","SYNTHETIC DEMO DATA — Safety inspections, observations, incidents, corrective actions, risk levels, and compliance scores."
"EHSCOMPLIANCE-00169","2025-07-11","2025-07","Eastern","Facility MF-07","Moderate","Inspection","Action Due","Compliance Office","10","8268.79","1802.6","92","24.7","Yes","Controlled","SYNTHETIC DEMO DATA — Safety inspections, observations, incidents, corrective actions, risk levels, and compliance scores."
"EHSCOMPLIANCE-00170","2025-07-24","2025-07","Southern","Facility MF-12","High","Corrective Action","Closed","EHS West","7","6912.14","1175.06","93","26.79","Yes","Controlled","SYNTHETIC DEMO DATA — Safety inspections, observations, incidents, corrective actions, risk levels, and compliance scores."
"EHSCOMPLIANCE-00171","2025-08-06","2025-08","Western","Facility MF-18","Critical","Incident","Closed","Compliance Office","4","5881.43","1070.42","94","28.88","No","At Risk","SYNTHETIC DEMO DATA — Safety inspections, observations, incidents, corrective actions, risk levels, and compliance scores."
"EHSCOMPLIANCE-00172","2025-08-19","2025-08","Northern","Facility MF-23","Low","Observation","Escalated","EHS West","1","5143.7","997.88","95","30.97","No","At Risk","SYNTHETIC DEMO DATA — Safety inspections, observations, incidents, corrective actions, risk levels, and compliance scores."
"EHSCOMPLIANCE-00173","2025-09-01","2025-09","Central","Facility MF-01","Moderate","Inspection","Action Due","Compliance Office","10","7500.35","1545.07","96","33.06","Yes","Controlled","SYNTHETIC DEMO DATA — Safety inspections, observations, incidents, corrective actions, risk levels, and compliance scores."
"EHSCOMPLIANCE-00174","2025-09-14","2025-09","Eastern","Facility MF-07","High","Corrective Action","Closed","EHS West","7","7319.62","1595.68","96","35.15","Yes","Controlled","SYNTHETIC DEMO DATA — Safety inspections, observations, incidents, corrective actions, risk levels, and compliance scores."
"EHSCOMPLIANCE-00175","2025-09-27","2025-09","Southern","Facility MF-12","Critical","Incident","Closed","Compliance Office","4","6190.82","1052.44","97","37.24","Yes","Controlled","SYNTHETIC DEMO DATA — Safety inspections, observations, incidents, corrective actions, risk levels, and compliance scores."
"EHSCOMPLIANCE-00176","2025-10-10","2025-10","Western","Facility MF-18","Low","Observation","Escalated","EHS West","1","6615.22","1203.97","89","39.33","Yes","At Risk","SYNTHETIC DEMO DATA — Safety inspections, observations, incidents, corrective actions, risk levels, and compliance scores."
"EHSCOMPLIANCE-00177","2025-10-23","2025-10","Northern","Facility MF-23","Moderate","Inspection","Action Due","Compliance Office","10","5671.97","1100.36","90","41.42","Yes","Controlled","SYNTHETIC DEMO DATA — Safety inspections, observations, incidents, corrective actions, risk levels, and compliance scores."
"EHSCOMPLIANCE-00178","2025-11-05","2025-11","Central","Facility MF-01","High","Corrective Action","Closed","EHS West","7","8223.87","1694.12","90","43.51","Yes","Controlled","SYNTHETIC DEMO DATA — Safety inspections, observations, incidents, corrective actions, risk levels, and compliance scores."
"EHSCOMPLIANCE-00179","2025-11-18","2025-11","Eastern","Facility MF-07","Critical","Incident","Closed","Compliance Office","4","7901.58","1722.54","91","45.6","Yes","Controlled","SYNTHETIC DEMO DATA — Safety inspections, observations, incidents, corrective actions, risk levels, and compliance scores."
"EHSCOMPLIANCE-00180","2025-12-01","2025-12","Southern","Facility MF-12","Low","Observation","Escalated","EHS West","1","4135.11","702.97","92","47.69","No","At Risk","SYNTHETIC DEMO DATA — Safety inspections, observations, incidents, corrective actions, risk levels, and compliance scores."
"EHSCOMPLIANCE-00181","2025-12-14","2025-12","Western","Facility MF-18","Moderate","Inspection","Action Due","Compliance Office","10","5796.63","1054.99","93","49.78","No","At Risk","SYNTHETIC DEMO DATA — Safety inspections, observations, incidents, corrective actions, risk levels, and compliance scores."
"EHSCOMPLIANCE-00182","2025-12-27","2025-12","Northern","Facility MF-23","High","Corrective Action","Closed","EHS West","7","5130.14","995.25","94","24.7","Yes","Controlled","SYNTHETIC DEMO DATA — Safety inspections, observations, incidents, corrective actions, risk levels, and compliance scores."
"EHSCOMPLIANCE-00183","2026-01-09","2026-01","Central","Facility MF-01","Critical","Incident","Closed","Compliance Office","4","7487.15","1542.35","95","26.79","Yes","Controlled","SYNTHETIC DEMO DATA — Safety inspections, observations, incidents, corrective actions, risk levels, and compliance scores."
"EHSCOMPLIANCE-00184","2026-01-22","2026-01","Eastern","Facility MF-07","Low","Observation","Escalated","EHS West","1","7278.51","1586.72","96","28.88","Yes","At Risk","SYNTHETIC DEMO DATA — Safety inspections, observations, incidents, corrective actions, risk levels, and compliance scores."
"EHSCOMPLIANCE-00185","2026-02-04","2026-02","Southern","Facility MF-12","Moderate","Inspection","Action Due","Compliance Office","10","6457.87","1097.84","96","30.97","Yes","Controlled","SYNTHETIC DEMO DATA — Safety inspections, observations, incidents, corrective actions, risk levels, and compliance scores."
"EHSCOMPLIANCE-00186","2026-02-17","2026-02","Western","Facility MF-18","High","Corrective Action","Closed","EHS West","7","8875.13","1615.27","97","33.06","Yes","Controlled","SYNTHETIC DEMO DATA — Safety inspections, observations, incidents, corrective actions, risk levels, and compliance scores."
"EHSCOMPLIANCE-00187","2026-03-02","2026-03","Northern","Facility MF-23","Critical","Incident","Closed","Compliance Office","4","7968.2","1545.83","89","35.15","Yes","Controlled","SYNTHETIC DEMO DATA — Safety inspections, observations, incidents, corrective actions, risk levels, and compliance scores."
"EHSCOMPLIANCE-00188","2026-03-15","2026-03","Central","Facility MF-01","Low","Observation","Escalated","EHS West","1","10846.68","2234.42","90","37.24","Yes","At Risk","SYNTHETIC DEMO DATA — Safety inspections, observations, incidents, corrective actions, risk levels, and compliance scores."
"EHSCOMPLIANCE-00189","2026-03-28","2026-03","Eastern","Facility MF-07","Moderate","Inspection","Action Due","Compliance Office","10","6265.34","1365.84","90","39.33","No","At Risk","SYNTHETIC DEMO DATA — Safety inspections, observations, incidents, corrective actions, risk levels, and compliance scores."
"EHSCOMPLIANCE-00190","2026-04-10","2026-04","Southern","Facility MF-12","High","Corrective Action","Closed","EHS West","7","4091.56","695.57","91","41.42","No","At Risk","SYNTHETIC DEMO DATA — Safety inspections, observations, incidents, corrective actions, risk levels, and compliance scores."
"EHSCOMPLIANCE-00191","2026-04-23","2026-04","Western","Facility MF-18","Critical","Incident","Closed","Compliance Office","4","5706.7","1038.62","92","43.51","Yes","Controlled","SYNTHETIC DEMO DATA — Safety inspections, observations, incidents, corrective actions, risk levels, and compliance scores."
"EHSCOMPLIANCE-00192","2026-05-06","2026-05","Northern","Facility MF-23","Low","Observation","Escalated","EHS West","1","5252.94","1019.07","93","45.6","Yes","At Risk","SYNTHETIC DEMO DATA — Safety inspections, observations, incidents, corrective actions, risk levels, and compliance scores."
"EHSCOMPLIANCE-00193","2026-05-19","2026-05","Central","Facility MF-01","Moderate","Inspection","Action Due","Compliance Office","10","7234.82","1490.37","94","47.69","Yes","Controlled","SYNTHETIC DEMO DATA — Safety inspections, observations, incidents, corrective actions, risk levels, and compliance scores."
"EHSCOMPLIANCE-00194","2026-06-01","2026-06","Eastern","Facility MF-07","High","Corrective Action","Closed","EHS West","7","7421.45","1617.88","95","49.78","Yes","Controlled","SYNTHETIC DEMO DATA — Safety inspections, observations, incidents, corrective actions, risk levels, and compliance scores."
"EHSCOMPLIANCE-00195","2026-06-14","2026-06","Southern","Facility MF-12","Critical","Incident","Closed","Compliance Office","4","6236.33","1060.18","96","24.7","Yes","Controlled","SYNTHETIC DEMO DATA — Safety inspections, observations, incidents, corrective actions, risk levels, and compliance scores."
"EHSCOMPLIANCE-00196","2025-01-03","2025-01","Western","Facility MF-18","Low","Observation","Escalated","EHS West","1","8277.07","1506.43","96","26.79","Yes","At Risk","SYNTHETIC DEMO DATA — Safety inspections, observations, incidents, corrective actions, risk levels, and compliance scores."
"EHSCOMPLIANCE-00197","2025-01-16","2025-01","Northern","Facility MF-23","Moderate","Inspection","Action Due","Compliance Office","10","7059.85","1369.61","97","28.88","Yes","Controlled","SYNTHETIC DEMO DATA — Safety inspections, observations, incidents, corrective actions, risk levels, and compliance scores."
"EHSCOMPLIANCE-00198","2025-01-29","2025-01","Central","Facility MF-01","High","Corrective Action","Closed","EHS West","7","5682.12","1170.52","89","30.97","No","At Risk","SYNTHETIC DEMO DATA — Safety inspections, observations, incidents, corrective actions, risk levels, and compliance scores."
"EHSCOMPLIANCE-00199","2025-02-11","2025-02","Eastern","Facility MF-07","Critical","Incident","Closed","Compliance Office","4","5892.48","1284.56","90","33.06","No","At Risk","SYNTHETIC DEMO DATA — Safety inspections, observations, incidents, corrective actions, risk levels, and compliance scores."
"EHSCOMPLIANCE-00200","2025-02-24","2025-02","Southern","Facility MF-12","Low","Observation","Escalated","EHS West","1","5025.15","854.28","90","35.15","Yes","At Risk","SYNTHETIC DEMO DATA — Safety inspections, observations, incidents, corrective actions, risk levels, and compliance scores."
"EHSCOMPLIANCE-00201","2025-03-09","2025-03","Western","Facility MF-18","Moderate","Inspection","Action Due","Compliance Office","10","7326.95","1333.5","91","37.24","Yes","Controlled","SYNTHETIC DEMO DATA — Safety inspections, observations, incidents, corrective actions, risk levels, and compliance scores."
"EHSCOMPLIANCE-00202","2025-03-22","2025-03","Northern","Facility MF-23","High","Corrective Action","Closed","EHS West","7","6323.12","1226.69","92","39.33","Yes","Controlled","SYNTHETIC DEMO DATA — Safety inspections, observations, incidents, corrective actions, risk levels, and compliance scores."
"EHSCOMPLIANCE-00203","2025-04-04","2025-04","Central","Facility MF-01","Critical","Incident","Closed","Compliance Office","4","6731.56","1386.7","93","41.42","Yes","Controlled","SYNTHETIC DEMO DATA — Safety inspections, observations, incidents, corrective actions, risk levels, and compliance scores."
"EHSCOMPLIANCE-00204","2025-04-17","2025-04","Eastern","Facility MF-07","Low","Observation","Escalated","EHS West","1","6501.65","1417.36","94","43.51","Yes","At Risk","SYNTHETIC DEMO DATA — Safety inspections, observations, incidents, corrective actions, risk levels, and compliance scores."
"EHSCOMPLIANCE-00205","2025-04-30","2025-04","Southern","Facility MF-12","Moderate","Inspection","Action Due","Compliance Office","10","5448.43","926.23","95","45.6","Yes","Controlled","SYNTHETIC DEMO DATA — Safety inspections, observations, incidents, corrective actions, risk levels, and compliance scores."
"EHSCOMPLIANCE-00206","2025-05-13","2025-05","Western","Facility MF-18","High","Corrective Action","Closed","EHS West","7","7914.35","1440.41","96","47.69","Yes","Controlled","SYNTHETIC DEMO DATA — Safety inspections, observations, incidents, corrective actions, risk levels, and compliance scores."
"EHSCOMPLIANCE-00207","2025-05-26","2025-05","Northern","Facility MF-23","Critical","Incident","Closed","Compliance Office","4","3991.29","774.31","96","49.78","No","At Risk","SYNTHETIC DEMO DATA — Safety inspections, observations, incidents, corrective actions, risk levels, and compliance scores."
"EHSCOMPLIANCE-00208","2025-06-08","2025-06","Central","Facility MF-01","Low","Observation","Escalated","EHS West","1","5898.57","1215.11","97","24.7","No","At Risk","SYNTHETIC DEMO DATA — Safety inspections, observations, incidents, corrective actions, risk levels, and compliance scores."
"EHSCOMPLIANCE-00209","2025-06-21","2025-06","Eastern","Facility MF-07","Moderate","Inspection","Action Due","Compliance Office","10","5781.82","1260.44","89","26.79","Yes","Controlled","SYNTHETIC DEMO DATA — Safety inspections, observations, incidents, corrective actions, risk levels, and compliance scores."
"EHSCOMPLIANCE-00210","2025-07-04","2025-07","Southern","Facility MF-12","High","Corrective Action","Closed","EHS West","7","5273.49","896.49","90","28.88","Yes","Controlled","SYNTHETIC DEMO DATA — Safety inspections, observations, incidents, corrective actions, risk levels, and compliance scores."
"EHSCOMPLIANCE-00211","2025-07-17","2025-07","Western","Facility MF-18","Critical","Incident","Closed","Compliance Office","4","7294.61","1327.62","90","30.97","Yes","Controlled","SYNTHETIC DEMO DATA — Safety inspections, observations, incidents, corrective actions, risk levels, and compliance scores."
"EHSCOMPLIANCE-00212","2025-07-30","2025-07","Northern","Facility MF-23","Low","Observation","Escalated","EHS West","1","6273.65","1217.09","91","33.06","Yes","At Risk","SYNTHETIC DEMO DATA — Safety inspections, observations, incidents, corrective actions, risk levels, and compliance scores."
"EHSCOMPLIANCE-00213","2025-08-12","2025-08","Central","Facility MF-01","Moderate","Inspection","Action Due","Compliance Office","10","9036.57","1861.53","92","35.15","Yes","Controlled","SYNTHETIC DEMO DATA — Safety inspections, observations, incidents, corrective actions, risk levels, and compliance scores."
"EHSCOMPLIANCE-00214","2025-08-25","2025-08","Eastern","Facility MF-07","High","Corrective Action","Closed","EHS West","7","8703.99","1897.47","93","37.24","Yes","Controlled","SYNTHETIC DEMO DATA — Safety inspections, observations, incidents, corrective actions, risk levels, and compliance scores."
"EHSCOMPLIANCE-00215","2025-09-07","2025-09","Southern","Facility MF-12","Critical","Incident","Closed","Compliance Office","4","7639.73","1298.75","94","39.33","Yes","Controlled","SYNTHETIC DEMO DATA — Safety inspections, observations, incidents, corrective actions, risk levels, and compliance scores."
"EHSCOMPLIANCE-00216","2025-09-20","2025-09","Western","Facility MF-18","Low","Observation","Escalated","EHS West","1","6175.5","1123.94","95","41.42","No","At Risk","SYNTHETIC DEMO DATA — Safety inspections, observations, incidents, corrective actions, risk levels, and compliance scores."
"EHSCOMPLIANCE-00217","2025-10-03","2025-10","Northern","Facility MF-23","Moderate","Inspection","Action Due","Compliance Office","10","4186.45","812.17","96","43.51","No","At Risk","SYNTHETIC DEMO DATA — Safety inspections, observations, incidents, corrective actions, risk levels, and compliance scores."
"EHSCOMPLIANCE-00218","2025-10-16","2025-10","Central","Facility MF-01","High","Corrective Action","Closed","EHS West","7","5813.84","1197.65","96","45.6","Yes","Controlled","SYNTHETIC DEMO DATA — Safety inspections, observations, incidents, corrective actions, risk levels, and compliance scores."
"EHSCOMPLIANCE-00219","2025-10-29","2025-10","Eastern","Facility MF-07","Critical","Incident","Closed","Compliance Office","4","5673.75","1236.88","97","47.69","Yes","Controlled","SYNTHETIC DEMO DATA — Safety inspections, observations, incidents, corrective actions, risk levels, and compliance scores."
"EHSCOMPLIANCE-00220","2025-11-11","2025-11","Southern","Facility MF-12","Low","Observation","Escalated","EHS West","1","5098.69","866.78","89","49.78","Yes","At Risk","SYNTHETIC DEMO DATA — Safety inspections, observations, incidents, corrective actions, risk levels, and compliance scores."
"EHSCOMPLIANCE-00221","2025-11-24","2025-11","Western","Facility MF-18","Moderate","Inspection","Action Due","Compliance Office","10","7028.67","1279.22","90","24.7","Yes","Controlled","SYNTHETIC DEMO DATA — Safety inspections, observations, incidents, corrective actions, risk levels, and compliance scores."
"EHSCOMPLIANCE-00222","2025-12-07","2025-12","Northern","Facility MF-23","High","Corrective Action","Closed","EHS West","7","6380.97","1237.91","90","26.79","Yes","Controlled","SYNTHETIC DEMO DATA — Safety inspections, observations, incidents, corrective actions, risk levels, and compliance scores."
"EHSCOMPLIANCE-00223","2025-12-20","2025-12","Central","Facility MF-01","Critical","Incident","Closed","Compliance Office","4","8707.63","1793.77","91","28.88","Yes","Controlled","SYNTHETIC DEMO DATA — Safety inspections, observations, incidents, corrective actions, risk levels, and compliance scores."
"EHSCOMPLIANCE-00224","2026-01-02","2026-01","Eastern","Facility MF-07","Low","Observation","Escalated","EHS West","1","8981.99","1958.07","92","30.97","Yes","At Risk","SYNTHETIC DEMO DATA — Safety inspections, observations, incidents, corrective actions, risk levels, and compliance scores."
"EHSCOMPLIANCE-00225","2026-01-15","2026-01","Southern","Facility MF-12","Moderate","Inspection","Action Due","Compliance Office","10","4439.38","754.69","93","33.06","No","At Risk","SYNTHETIC DEMO DATA — Safety inspections, observations, incidents, corrective actions, risk levels, and compliance scores."
"EHSCOMPLIANCE-00226","2026-01-28","2026-01","Western","Facility MF-18","High","Corrective Action","Closed","EHS West","7","6223.16","1132.62","94","35.15","No","At Risk","SYNTHETIC DEMO DATA — Safety inspections, observations, incidents, corrective actions, risk levels, and compliance scores."
"EHSCOMPLIANCE-00227","2026-02-10","2026-02","Northern","Facility MF-23","Critical","Incident","Closed","Compliance Office","4","5700.16","1105.83","95","37.24","Yes","Controlled","SYNTHETIC DEMO DATA — Safety inspections, observations, incidents, corrective actions, risk levels, and compliance scores."
"EHSCOMPLIANCE-00228","2026-02-23","2026-02","Central","Facility MF-01","Low","Observation","Escalated","EHS West","1","7881.21","1623.53","96","39.33","Yes","At Risk","SYNTHETIC DEMO DATA — Safety inspections, observations, incidents, corrective actions, risk levels, and compliance scores."
"EHSCOMPLIANCE-00229","2026-03-08","2026-03","Eastern","Facility MF-07","Moderate","Inspection","Action Due","Compliance Office","10","8044.67","1753.74","96","41.42","Yes","Controlled","SYNTHETIC DEMO DATA — Safety inspections, observations, incidents, corrective actions, risk levels, and compliance scores."
"EHSCOMPLIANCE-00230","2026-03-21","2026-03","Southern","Facility MF-12","High","Corrective Action","Closed","EHS West","7","6780.76","1152.73","97","43.51","Yes","Controlled","SYNTHETIC DEMO DATA — Safety inspections, observations, incidents, corrective actions, risk levels, and compliance scores."
"EHSCOMPLIANCE-00231","2026-04-03","2026-04","Western","Facility MF-18","Critical","Incident","Closed","Compliance Office","4","7219.32","1313.92","89","45.6","Yes","Controlled","SYNTHETIC DEMO DATA — Safety inspections, observations, incidents, corrective actions, risk levels, and compliance scores."
"EHSCOMPLIANCE-00232","2026-04-16","2026-04","Northern","Facility MF-23","Low","Observation","Escalated","EHS West","1","6172.95","1197.55","90","47.69","Yes","At Risk","SYNTHETIC DEMO DATA — Safety inspections, observations, incidents, corrective actions, risk levels, and compliance scores."
"EHSCOMPLIANCE-00233","2026-04-29","2026-04","Central","Facility MF-01","Moderate","Inspection","Action Due","Compliance Office","10","8402.9","1731","90","49.78","Yes","Controlled","SYNTHETIC DEMO DATA — Safety inspections, observations, incidents, corrective actions, risk levels, and compliance scores."
"EHSCOMPLIANCE-00234","2026-05-12","2026-05","Eastern","Facility MF-07","High","Corrective Action","Closed","EHS West","7","5071.94","1105.68","91","24.7","No","At Risk","SYNTHETIC DEMO DATA — Safety inspections, observations, incidents, corrective actions, risk levels, and compliance scores."
"EHSCOMPLIANCE-00235","2026-05-25","2026-05","Southern","Facility MF-12","Critical","Incident","Closed","Compliance Office","4","4347.29","739.04","92","26.79","No","At Risk","SYNTHETIC DEMO DATA — Safety inspections, observations, incidents, corrective actions, risk levels, and compliance scores."
"EHSCOMPLIANCE-00236","2026-06-07","2026-06","Western","Facility MF-18","Low","Observation","Escalated","EHS West","1","6420.04","1168.45","93","28.88","Yes","At Risk","SYNTHETIC DEMO DATA — Safety inspections, observations, incidents, corrective actions, risk levels, and compliance scores."
"EHSCOMPLIANCE-00237","2026-06-20","2026-06","Northern","Facility MF-23","Moderate","Inspection","Action Due","Compliance Office","10","5561.94","1079.02","94","30.97","Yes","Controlled","SYNTHETIC DEMO DATA — Safety inspections, observations, incidents, corrective actions, risk levels, and compliance scores."
"EHSCOMPLIANCE-00238","2025-01-09","2025-01","Central","Facility MF-01","High","Corrective Action","Closed","EHS West","7","7418.33","1528.18","95","33.06","Yes","Controlled","SYNTHETIC DEMO DATA — Safety inspections, observations, incidents, corrective actions, risk levels, and compliance scores."
"EHSCOMPLIANCE-00239","2025-01-22","2025-01","Eastern","Facility MF-07","Critical","Incident","Closed","Compliance Office","4","7186.92","1566.75","96","35.15","Yes","Controlled","SYNTHETIC DEMO DATA — Safety inspections, observations, incidents, corrective actions, risk levels, and compliance scores."
"EHSCOMPLIANCE-00240","2025-02-04","2025-02","Southern","Facility MF-12","Low","Observation","Escalated","EHS West","1","6357.12","1080.71","96","37.24","Yes","At Risk","SYNTHETIC DEMO DATA — Safety inspections, observations, incidents, corrective actions, risk levels, and compliance scores."
"EHSCOMPLIANCE-00241","2025-02-17","2025-02","Western","Facility MF-18","Moderate","Inspection","Action Due","Compliance Office","10","8712.7","1585.71","97","39.33","Yes","Controlled","SYNTHETIC DEMO DATA — Safety inspections, observations, incidents, corrective actions, risk levels, and compliance scores."
"EHSCOMPLIANCE-00242","2025-03-02","2025-03","Northern","Facility MF-23","High","Corrective Action","Closed","EHS West","7","7803","1513.78","89","41.42","Yes","Controlled","SYNTHETIC DEMO DATA — Safety inspections, observations, incidents, corrective actions, risk levels, and compliance scores."
"EHSCOMPLIANCE-00243","2025-03-15","2025-03","Central","Facility MF-01","Critical","Incident","Closed","Compliance Office","4","6280.24","1293.73","90","43.51","No","At Risk","SYNTHETIC DEMO DATA — Safety inspections, observations, incidents, corrective actions, risk levels, and compliance scores."
"EHSCOMPLIANCE-00244","2025-03-28","2025-03","Eastern","Facility MF-07","Low","Observation","Escalated","EHS West","1","6187.1","1348.79","90","45.6","No","At Risk","SYNTHETIC DEMO DATA — Safety inspections, observations, incidents, corrective actions, risk levels, and compliance scores."
"EHSCOMPLIANCE-00245","2025-04-10","2025-04","Southern","Facility MF-12","Moderate","Inspection","Action Due","Compliance Office","10","4092.48","695.72","91","47.69","Yes","Controlled","SYNTHETIC DEMO DATA — Safety inspections, observations, incidents, corrective actions, risk levels, and compliance scores."
"EHSCOMPLIANCE-00246","2025-04-23","2025-04","Western","Facility MF-18","High","Corrective Action","Closed","EHS West","7","5682.92","1034.29","92","49.78","Yes","Controlled","SYNTHETIC DEMO DATA — Safety inspections, observations, incidents, corrective actions, risk levels, and compliance scores."
"EHSCOMPLIANCE-00247","2025-05-06","2025-05","Northern","Facility MF-23","Critical","Incident","Closed","Compliance Office","4","5210.85","1010.9","93","24.7","Yes","Controlled","SYNTHETIC DEMO DATA — Safety inspections, observations, incidents, corrective actions, risk levels, and compliance scores."
"EHSCOMPLIANCE-00248","2025-05-19","2025-05","Central","Facility MF-01","Low","Observation","Escalated","EHS West","1","7152.28","1473.37","94","26.79","Yes","At Risk","SYNTHETIC DEMO DATA — Safety inspections, observations, incidents, corrective actions, risk levels, and compliance scores."
"EHSCOMPLIANCE-00249","2025-06-01","2025-06","Eastern","Facility MF-07","Moderate","Inspection","Action Due","Compliance Office","10","7314.35","1594.53","95","28.88","Yes","Controlled","SYNTHETIC DEMO DATA — Safety inspections, observations, incidents, corrective actions, risk levels, and compliance scores."
"EHSCOMPLIANCE-00250","2025-06-14","2025-06","Southern","Facility MF-12","High","Corrective Action","Closed","EHS West","7","6129.48","1042.01","96","30.97","Yes","Controlled","SYNTHETIC DEMO DATA — Safety inspections, observations, incidents, corrective actions, risk levels, and compliance scores."
"EHSCOMPLIANCE-00251","2025-06-27","2025-06","Western","Facility MF-18","Critical","Incident","Closed","Compliance Office","4","8379.9","1525.14","96","33.06","Yes","Controlled","SYNTHETIC DEMO DATA — Safety inspections, observations, incidents, corrective actions, risk levels, and compliance scores."
"EHSCOMPLIANCE-00252","2025-07-10","2025-07","Northern","Facility MF-23","Low","Observation","Escalated","EHS West","1","4539.73","880.71","97","35.15","No","At Risk","SYNTHETIC DEMO DATA — Safety inspections, observations, incidents, corrective actions, risk levels, and compliance scores."
"EHSCOMPLIANCE-00253","2025-07-23","2025-07","Central","Facility MF-01","Moderate","Inspection","Action Due","Compliance Office","10","6336.36","1305.29","89","37.24","No","At Risk","SYNTHETIC DEMO DATA — Safety inspections, observations, incidents, corrective actions, risk levels, and compliance scores."
"EHSCOMPLIANCE-00254","2025-08-05","2025-08","Eastern","Facility MF-07","High","Corrective Action","Closed","EHS West","7","6537.84","1425.25","90","39.33","Yes","Controlled","SYNTHETIC DEMO DATA — Safety inspections, observations, incidents, corrective actions, risk levels, and compliance scores."
"EHSCOMPLIANCE-00255","2025-08-18","2025-08","Southern","Facility MF-12","Critical","Incident","Closed","Compliance Office","4","5551.04","943.68","90","41.42","Yes","Controlled","SYNTHETIC DEMO DATA — Safety inspections, observations, incidents, corrective actions, risk levels, and compliance scores."
"EHSCOMPLIANCE-00256","2025-08-31","2025-08","Western","Facility MF-18","Low","Observation","Escalated","EHS West","1","7678.53","1397.49","91","43.51","Yes","At Risk","SYNTHETIC DEMO DATA — Safety inspections, observations, incidents, corrective actions, risk levels, and compliance scores."
"EHSCOMPLIANCE-00257","2025-09-13","2025-09","Northern","Facility MF-23","Moderate","Inspection","Action Due","Compliance Office","10","6934.04","1345.2","92","45.6","Yes","Controlled","SYNTHETIC DEMO DATA — Safety inspections, observations, incidents, corrective actions, risk levels, and compliance scores."
"EHSCOMPLIANCE-00258","2025-09-26","2025-09","Central","Facility MF-01","High","Corrective Action","Closed","EHS West","7","9488.4","1954.61","93","47.69","Yes","Controlled","SYNTHETIC DEMO DATA — Safety inspections, observations, incidents, corrective actions, risk levels, and compliance scores."
"EHSCOMPLIANCE-00259","2025-10-09","2025-10","Eastern","Facility MF-07","Critical","Incident","Closed","Compliance Office","4","7084.18","1544.35","94","49.78","Yes","Controlled","SYNTHETIC DEMO DATA — Safety inspections, observations, incidents, corrective actions, risk levels, and compliance scores."
"EHSCOMPLIANCE-00260","2025-10-22","2025-10","Southern","Facility MF-12","Low","Observation","Escalated","EHS West","1","5921.88","1006.72","95","24.7","Yes","At Risk","SYNTHETIC DEMO DATA — Safety inspections, observations, incidents, corrective actions, risk levels, and compliance scores."
"EHSCOMPLIANCE-00261","2025-11-04","2025-11","Western","Facility MF-18","Moderate","Inspection","Action Due","Compliance Office","10","5086.07","925.66","96","26.79","No","At Risk","SYNTHETIC DEMO DATA — Safety inspections, observations, incidents, corrective actions, risk levels, and compliance scores."
"EHSCOMPLIANCE-00262","2025-11-17","2025-11","Northern","Facility MF-23","High","Corrective Action","Closed","EHS West","7","4448.11","862.93","96","28.88","No","At Risk","SYNTHETIC DEMO DATA — Safety inspections, observations, incidents, corrective actions, risk levels, and compliance scores."
"EHSCOMPLIANCE-00263","2025-11-30","2025-11","Central","Facility MF-01","Critical","Incident","Closed","Compliance Office","4","6177.21","1272.51","97","30.97","Yes","Controlled","SYNTHETIC DEMO DATA — Safety inspections, observations, incidents, corrective actions, risk levels, and compliance scores."
"EHSCOMPLIANCE-00264","2025-12-13","2025-12","Eastern","Facility MF-07","Low","Observation","Escalated","EHS West","1","6382.97","1391.49","89","33.06","Yes","At Risk","SYNTHETIC DEMO DATA — Safety inspections, observations, incidents, corrective actions, risk levels, and compliance scores."
"EHSCOMPLIANCE-00265","2025-12-26","2025-12","Southern","Facility MF-12","Moderate","Inspection","Action Due","Compliance Office","10","5398.61","917.76","90","35.15","Yes","Controlled","SYNTHETIC DEMO DATA — Safety inspections, observations, incidents, corrective actions, risk levels, and compliance scores."
"EHSCOMPLIANCE-00266","2026-01-08","2026-01","Western","Facility MF-18","High","Corrective Action","Closed","EHS West","7","7989.73","1454.13","90","37.24","Yes","Controlled","SYNTHETIC DEMO DATA — Safety inspections, observations, incidents, corrective actions, risk levels, and compliance scores."
"EHSCOMPLIANCE-00267","2026-01-21","2026-01","Northern","Facility MF-23","Critical","Incident","Closed","Compliance Office","4","6850.49","1329","91","39.33","Yes","Controlled","SYNTHETIC DEMO DATA — Safety inspections, observations, incidents, corrective actions, risk levels, and compliance scores."
"EHSCOMPLIANCE-00268","2026-02-03","2026-02","Central","Facility MF-01","Low","Observation","Escalated","EHS West","1","9840.38","2027.12","92","41.42","Yes","At Risk","SYNTHETIC DEMO DATA — Safety inspections, observations, incidents, corrective actions, risk levels, and compliance scores."
"EHSCOMPLIANCE-00269","2026-02-16","2026-02","Eastern","Facility MF-07","Moderate","Inspection","Action Due","Compliance Office","10","9454.73","2061.13","93","43.51","Yes","Controlled","SYNTHETIC DEMO DATA — Safety inspections, observations, incidents, corrective actions, risk levels, and compliance scores."
"EHSCOMPLIANCE-00270","2026-03-01","2026-03","Southern","Facility MF-12","High","Corrective Action","Closed","EHS West","7","4906.68","834.14","94","45.6","No","At Risk","SYNTHETIC DEMO DATA — Safety inspections, observations, incidents, corrective actions, risk levels, and compliance scores."
"EHSCOMPLIANCE-00271","2026-03-14","2026-03","Western","Facility MF-18","Critical","Incident","Closed","Compliance Office","4","6878.23","1251.84","95","47.69","No","At Risk","SYNTHETIC DEMO DATA — Safety inspections, observations, incidents, corrective actions, risk levels, and compliance scores."
"EHSCOMPLIANCE-00272","2026-03-27","2026-03","Northern","Facility MF-23","Low","Observation","Escalated","EHS West","1","6085.66","1180.62","96","49.78","Yes","At Risk","SYNTHETIC DEMO DATA — Safety inspections, observations, incidents, corrective actions, risk levels, and compliance scores."
"EHSCOMPLIANCE-00273","2026-04-09","2026-04","Central","Facility MF-01","Moderate","Inspection","Action Due","Compliance Office","10","6410.83","1320.63","96","24.7","Yes","Controlled","SYNTHETIC DEMO DATA — Safety inspections, observations, incidents, corrective actions, risk levels, and compliance scores."
"EHSCOMPLIANCE-00274","2026-04-22","2026-04","Eastern","Facility MF-07","High","Corrective Action","Closed","EHS West","7","6232.19","1358.62","97","26.79","Yes","Controlled","SYNTHETIC DEMO DATA — Safety inspections, observations, incidents, corrective actions, risk levels, and compliance scores."
"EHSCOMPLIANCE-00275","2026-05-05","2026-05","Southern","Facility MF-12","Critical","Incident","Closed","Compliance Office","4","5581.35","948.83","89","28.88","Yes","Controlled","SYNTHETIC DEMO DATA — Safety inspections, observations, incidents, corrective actions, risk levels, and compliance scores."
"EHSCOMPLIANCE-00276","2026-05-18","2026-05","Western","Facility MF-18","Low","Observation","Escalated","EHS West","1","7670.53","1396.04","90","30.97","Yes","At Risk","SYNTHETIC DEMO DATA — Safety inspections, observations, incidents, corrective actions, risk levels, and compliance scores."
"EHSCOMPLIANCE-00277","2026-05-31","2026-05","Northern","Facility MF-23","Moderate","Inspection","Action Due","Compliance Office","10","6558.76","1272.4","90","33.06","Yes","Controlled","SYNTHETIC DEMO DATA — Safety inspections, observations, incidents, corrective actions, risk levels, and compliance scores."
"EHSCOMPLIANCE-00278","2026-06-13","2026-06","Central","Facility MF-01","High","Corrective Action","Closed","EHS West","7","9453.26","1947.37","91","35.15","Yes","Controlled","SYNTHETIC DEMO DATA — Safety inspections, observations, incidents, corrective actions, risk levels, and compliance scores."
"EHSCOMPLIANCE-00279","2025-01-02","2025-01","Eastern","Facility MF-07","Critical","Incident","Closed","Compliance Office","4","5200.59","1133.73","92","37.24","No","At Risk","SYNTHETIC DEMO DATA — Safety inspections, observations, incidents, corrective actions, risk levels, and compliance scores."
"EHSCOMPLIANCE-00280","2025-01-15","2025-01","Southern","Facility MF-12","Low","Observation","Escalated","EHS West","1","4457.55","757.78","93","39.33","No","At Risk","SYNTHETIC DEMO DATA — Safety inspections, observations, incidents, corrective actions, risk levels, and compliance scores."
"EHSCOMPLIANCE-00281","2025-01-28","2025-01","Western","Facility MF-18","Moderate","Inspection","Action Due","Compliance Office","10","6217.16","1131.52","94","41.42","Yes","Controlled","SYNTHETIC DEMO DATA — Safety inspections, observations, incidents, corrective actions, risk levels, and compliance scores."
"EHSCOMPLIANCE-00282","2025-02-10","2025-02","Northern","Facility MF-23","High","Corrective Action","Closed","EHS West","7","5669.66","1099.91","95","43.51","Yes","Controlled","SYNTHETIC DEMO DATA — Safety inspections, observations, incidents, corrective actions, risk levels, and compliance scores."
"EHSCOMPLIANCE-00283","2025-02-23","2025-02","Central","Facility MF-01","Critical","Incident","Closed","Compliance Office","4","7808.77","1608.61","96","45.6","Yes","Controlled","SYNTHETIC DEMO DATA — Safety inspections, observations, incidents, corrective actions, risk levels, and compliance scores."
"EHSCOMPLIANCE-00284","2025-03-08","2025-03","Eastern","Facility MF-07","Low","Observation","Escalated","EHS West","1","7943.44","1731.67","96","47.69","Yes","At Risk","SYNTHETIC DEMO DATA — Safety inspections, observations, incidents, corrective actions, risk levels, and compliance scores."
"EHSCOMPLIANCE-00285","2025-03-21","2025-03","Southern","Facility MF-12","Moderate","Inspection","Action Due","Compliance Office","10","6674.98","1134.75","97","49.78","Yes","Controlled","SYNTHETIC DEMO DATA — Safety inspections, observations, incidents, corrective actions, risk levels, and compliance scores."
"EHSCOMPLIANCE-00286","2025-04-03","2025-04","Western","Facility MF-18","High","Corrective Action","Closed","EHS West","7","7095.63","1291.4","89","24.7","Yes","Controlled","SYNTHETIC DEMO DATA — Safety inspections, observations, incidents, corrective actions, risk levels, and compliance scores."
"EHSCOMPLIANCE-00287","2025-04-16","2025-04","Northern","Facility MF-23","Critical","Incident","Closed","Compliance Office","4","6052.15","1174.12","90","26.79","Yes","Controlled","SYNTHETIC DEMO DATA — Safety inspections, observations, incidents, corrective actions, risk levels, and compliance scores."
"EHSCOMPLIANCE-00288","2025-04-29","2025-04","Central","Facility MF-01","Low","Observation","Escalated","EHS West","1","4871.08","1003.44","90","28.88","No","At Risk","SYNTHETIC DEMO DATA — Safety inspections, observations, incidents, corrective actions, risk levels, and compliance scores."
"EHSCOMPLIANCE-00289","2025-05-12","2025-05","Eastern","Facility MF-07","Moderate","Inspection","Action Due","Compliance Office","10","5098.76","1111.53","91","30.97","No","At Risk","SYNTHETIC DEMO DATA — Safety inspections, observations, incidents, corrective actions, risk levels, and compliance scores."
"EHSCOMPLIANCE-00290","2025-05-25","2025-05","Southern","Facility MF-12","High","Corrective Action","Closed","EHS West","7","4348.26","739.2","92","33.06","Yes","Controlled","SYNTHETIC DEMO DATA — Safety inspections, observations, incidents, corrective actions, risk levels, and compliance scores."
"EHSCOMPLIANCE-00291","2025-06-07","2025-06","Western","Facility MF-18","Critical","Incident","Closed","Compliance Office","4","6393.29","1163.58","93","35.15","Yes","Controlled","SYNTHETIC DEMO DATA — Safety inspections, observations, incidents, corrective actions, risk levels, and compliance scores."
"EHSCOMPLIANCE-00292","2025-06-20","2025-06","Northern","Facility MF-23","Low","Observation","Escalated","EHS West","1","5517.37","1070.37","94","37.24","Yes","At Risk","SYNTHETIC DEMO DATA — Safety inspections, observations, incidents, corrective actions, risk levels, and compliance scores."
"EHSCOMPLIANCE-00293","2025-07-03","2025-07","Central","Facility MF-01","Moderate","Inspection","Action Due","Compliance Office","10","8135.07","1675.82","95","39.33","Yes","Controlled","SYNTHETIC DEMO DATA — Safety inspections, observations, incidents, corrective actions, risk levels, and compliance scores."
"EHSCOMPLIANCE-00294","2025-07-16","2025-07","Eastern","Facility MF-07","High","Corrective Action","Closed","EHS West","7","7857.22","1712.87","96","41.42","Yes","Controlled","SYNTHETIC DEMO DATA — Safety inspections, observations, incidents, corrective actions, risk levels, and compliance scores."
"EHSCOMPLIANCE-00295","2025-07-29","2025-07","Southern","Facility MF-12","Critical","Incident","Closed","Compliance Office","4","6584.41","1119.35","96","43.51","Yes","Controlled","SYNTHETIC DEMO DATA — Safety inspections, observations, incidents, corrective actions, risk levels, and compliance scores."
"EHSCOMPLIANCE-00296","2025-08-11","2025-08","Western","Facility MF-18","Low","Observation","Escalated","EHS West","1","9475.64","1724.57","97","45.6","Yes","At Risk","SYNTHETIC DEMO DATA — Safety inspections, observations, incidents, corrective actions, risk levels, and compliance scores."
"EHSCOMPLIANCE-00297","2025-08-24","2025-08","Northern","Facility MF-23","Moderate","Inspection","Action Due","Compliance Office","10","4778.66","927.06","89","47.69","No","At Risk","SYNTHETIC DEMO DATA — Safety inspections, observations, incidents, corrective actions, risk levels, and compliance scores."
"EHSCOMPLIANCE-00298","2025-09-06","2025-09","Central","Facility MF-01","High","Corrective Action","Closed","EHS West","7","7003.34","1442.69","90","49.78","No","At Risk","SYNTHETIC DEMO DATA — Safety inspections, observations, incidents, corrective actions, risk levels, and compliance scores."
"EHSCOMPLIANCE-00299","2025-09-19","2025-09","Eastern","Facility MF-07","Critical","Incident","Closed","Compliance Office","4","6864.73","1496.51","90","24.7","Yes","Controlled","SYNTHETIC DEMO DATA — Safety inspections, observations, incidents, corrective actions, risk levels, and compliance scores."
"EHSCOMPLIANCE-00300","2025-10-02","2025-10","Southern","Facility MF-12","Low","Observation","Escalated","EHS West","1","4517.99","768.06","91","26.79","Yes","At Risk","SYNTHETIC DEMO DATA — Safety inspections, observations, incidents, corrective actions, risk levels, and compliance scores."
"EHSCOMPLIANCE-00301","2025-10-15","2025-10","Western","Facility MF-18","Moderate","Inspection","Action Due","Compliance Office","10","6249.56","1137.42","92","28.88","Yes","Controlled","SYNTHETIC DEMO DATA — Safety inspections, observations, incidents, corrective actions, risk levels, and compliance scores."
"EHSCOMPLIANCE-00302","2025-10-28","2025-10","Northern","Facility MF-23","High","Corrective Action","Closed","EHS West","7","5374.87","1042.72","93","30.97","Yes","Controlled","SYNTHETIC DEMO DATA — Safety inspections, observations, incidents, corrective actions, risk levels, and compliance scores."
"EHSCOMPLIANCE-00303","2025-11-10","2025-11","Central","Facility MF-01","Critical","Incident","Closed","Compliance Office","4","7814.54","1609.8","94","33.06","Yes","Controlled","SYNTHETIC DEMO DATA — Safety inspections, observations, incidents, corrective actions, risk levels, and compliance scores."
"EHSCOMPLIANCE-00304","2025-11-23","2025-11","Eastern","Facility MF-07","Low","Observation","Escalated","EHS West","1","7526.94","1640.87","95","35.15","Yes","At Risk","SYNTHETIC DEMO DATA — Safety inspections, observations, incidents, corrective actions, risk levels, and compliance scores."
"EHSCOMPLIANCE-00305","2025-12-06","2025-12","Southern","Facility MF-12","Moderate","Inspection","Action Due","Compliance Office","10","6662.12","1132.56","96","37.24","Yes","Controlled","SYNTHETIC DEMO DATA — Safety inspections, observations, incidents, corrective actions, risk levels, and compliance scores."
"EHSCOMPLIANCE-00306","2025-12-19","2025-12","Western","Facility MF-18","High","Corrective Action","Closed","EHS West","7","5385.26","980.12","96","39.33","No","At Risk","SYNTHETIC DEMO DATA — Safety inspections, observations, incidents, corrective actions, risk levels, and compliance scores."
"EHSCOMPLIANCE-00307","2026-01-01","2026-01","Northern","Facility MF-23","Critical","Incident","Closed","Compliance Office","4","5056.32","980.93","97","41.42","No","At Risk","SYNTHETIC DEMO DATA — Safety inspections, observations, incidents, corrective actions, risk levels, and compliance scores."
"EHSCOMPLIANCE-00308","2026-01-14","2026-01","Central","Facility MF-01","Low","Observation","Escalated","EHS West","1","7021.84","1446.5","89","43.51","Yes","At Risk","SYNTHETIC DEMO DATA — Safety inspections, observations, incidents, corrective actions, risk levels, and compliance scores."
"EHSCOMPLIANCE-00309","2026-01-27","2026-01","Eastern","Facility MF-07","Moderate","Inspection","Action Due","Compliance Office","10","6852.64","1493.88","90","45.6","Yes","Controlled","SYNTHETIC DEMO DATA — Safety inspections, observations, incidents, corrective actions, risk levels, and compliance scores."
"EHSCOMPLIANCE-00310","2026-02-09","2026-02","Southern","Facility MF-12","High","Corrective Action","Closed","EHS West","7","6100.9","1037.15","90","47.69","Yes","Controlled","SYNTHETIC DEMO DATA — Safety inspections, observations, incidents, corrective actions, risk levels, and compliance scores."
"EHSCOMPLIANCE-00311","2026-02-22","2026-02","Western","Facility MF-18","Critical","Incident","Closed","Compliance Office","4","8410.24","1530.66","91","49.78","Yes","Controlled","SYNTHETIC DEMO DATA — Safety inspections, observations, incidents, corrective actions, risk levels, and compliance scores."
"EHSCOMPLIANCE-00312","2026-03-07","2026-03","Northern","Facility MF-23","Low","Observation","Escalated","EHS West","1","7571.6","1468.89","92","24.7","Yes","At Risk","SYNTHETIC DEMO DATA — Safety inspections, observations, incidents, corrective actions, risk levels, and compliance scores."
"EHSCOMPLIANCE-00313","2026-03-20","2026-03","Central","Facility MF-01","Moderate","Inspection","Action Due","Compliance Office","10","10332.4","2128.47","93","26.79","Yes","Controlled","SYNTHETIC DEMO DATA — Safety inspections, observations, incidents, corrective actions, risk levels, and compliance scores."
"EHSCOMPLIANCE-00314","2026-04-02","2026-04","Eastern","Facility MF-07","High","Corrective Action","Closed","EHS West","7","7690.79","1676.59","94","28.88","Yes","Controlled","SYNTHETIC DEMO DATA — Safety inspections, observations, incidents, corrective actions, risk levels, and compliance scores."
"EHSCOMPLIANCE-00315","2026-04-15","2026-04","Southern","Facility MF-12","Critical","Incident","Closed","Compliance Office","4","3801.19","646.2","95","30.97","No","At Risk","SYNTHETIC DEMO DATA — Safety inspections, observations, incidents, corrective actions, risk levels, and compliance scores."
"EHSCOMPLIANCE-00316","2026-04-28","2026-04","Western","Facility MF-18","Low","Observation","Escalated","EHS West","1","5328.55","969.8","96","33.06","No","At Risk","SYNTHETIC DEMO DATA — Safety inspections, observations, incidents, corrective actions, risk levels, and compliance scores."
"EHSCOMPLIANCE-00317","2026-05-11","2026-05","Northern","Facility MF-23","Moderate","Inspection","Action Due","Compliance Office","10","4926.49","955.74","96","35.15","Yes","Controlled","SYNTHETIC DEMO DATA — Safety inspections, observations, incidents, corrective actions, risk levels, and compliance scores."
"EHSCOMPLIANCE-00318","2026-05-24","2026-05","Central","Facility MF-01","High","Corrective Action","Closed","EHS West","7","6811.51","1403.17","97","37.24","Yes","Controlled","SYNTHETIC DEMO DATA — Safety inspections, observations, incidents, corrective actions, risk levels, and compliance scores."
"EHSCOMPLIANCE-00319","2026-06-06","2026-06","Eastern","Facility MF-07","Critical","Incident","Closed","Compliance Office","4","7011.21","1528.44","89","39.33","Yes","Controlled","SYNTHETIC DEMO DATA — Safety inspections, observations, incidents, corrective actions, risk levels, and compliance scores."
"EHSCOMPLIANCE-00320","2026-06-19","2026-06","Southern","Facility MF-12","Low","Observation","Escalated","EHS West","1","5909.67","1004.64","90","41.42","Yes","At Risk","SYNTHETIC DEMO DATA — Safety inspections, observations, incidents, corrective actions, risk levels, and compliance scores."
"EHSCOMPLIANCE-00321","2025-01-08","2025-01","Western","Facility MF-18","Moderate","Inspection","Action Due","Compliance Office","10","7865.09","1431.45","90","43.51","Yes","Controlled","SYNTHETIC DEMO DATA — Safety inspections, observations, incidents, corrective actions, risk levels, and compliance scores."
"EHSCOMPLIANCE-00322","2025-01-21","2025-01","Northern","Facility MF-23","High","Corrective Action","Closed","EHS West","7","6725.12","1304.67","91","45.6","Yes","Controlled","SYNTHETIC DEMO DATA — Safety inspections, observations, incidents, corrective actions, risk levels, and compliance scores."
"EHSCOMPLIANCE-00323","2025-02-03","2025-02","Central","Facility MF-01","Critical","Incident","Closed","Compliance Office","4","9636.35","1985.09","92","47.69","Yes","Controlled","SYNTHETIC DEMO DATA — Safety inspections, observations, incidents, corrective actions, risk levels, and compliance scores."
"EHSCOMPLIANCE-00324","2025-02-16","2025-02","Eastern","Facility MF-07","Low","Observation","Escalated","EHS West","1","5474.3","1193.4","93","49.78","No","At Risk","SYNTHETIC DEMO DATA — Safety inspections, observations, incidents, corrective actions, risk levels, and compliance scores."
"EHSCOMPLIANCE-00325","2025-03-01","2025-03","Southern","Facility MF-12","Moderate","Inspection","Action Due","Compliance Office","10","4926.77","837.55","94","24.7","No","At Risk","SYNTHETIC DEMO DATA — Safety inspections, observations, incidents, corrective actions, risk levels, and compliance scores."
"EHSCOMPLIANCE-00326","2025-03-14","2025-03","Western","Facility MF-18","High","Corrective Action","Closed","EHS West","7","6871.6","1250.63","95","26.79","Yes","Controlled","SYNTHETIC DEMO DATA — Safety inspections, observations, incidents, corrective actions, risk levels, and compliance scores."
"EHSCOMPLIANCE-00327","2025-03-27","2025-03","Northern","Facility MF-23","Critical","Incident","Closed","Compliance Office","4","5953.15","1154.91","96","28.88","Yes","Controlled","SYNTHETIC DEMO DATA — Safety inspections, observations, incidents, corrective actions, risk levels, and compliance scores."
"EHSCOMPLIANCE-00328","2025-04-09","2025-04","Central","Facility MF-01","Low","Observation","Escalated","EHS West","1","6359.46","1310.05","96","30.97","Yes","At Risk","SYNTHETIC DEMO DATA — Safety inspections, observations, incidents, corrective actions, risk levels, and compliance scores."
"EHSCOMPLIANCE-00329","2025-04-22","2025-04","Eastern","Facility MF-07","Moderate","Inspection","Action Due","Compliance Office","10","6161.09","1343.12","97","33.06","Yes","Controlled","SYNTHETIC DEMO DATA — Safety inspections, observations, incidents, corrective actions, risk levels, and compliance scores."
"EHSCOMPLIANCE-00330","2025-05-05","2025-05","Southern","Facility MF-12","High","Corrective Action","Closed","EHS West","7","5500.82","935.14","89","35.15","Yes","Controlled","SYNTHETIC DEMO DATA — Safety inspections, observations, incidents, corrective actions, risk levels, and compliance scores."
"EHSCOMPLIANCE-00331","2025-05-18","2025-05","Western","Facility MF-18","Critical","Incident","Closed","Compliance Office","4","7539.1","1372.12","90","37.24","Yes","Controlled","SYNTHETIC DEMO DATA — Safety inspections, observations, incidents, corrective actions, risk levels, and compliance scores."
"EHSCOMPLIANCE-00332","2025-05-31","2025-05","Northern","Facility MF-23","Low","Observation","Escalated","EHS West","1","6430.41","1247.5","90","39.33","Yes","At Risk","SYNTHETIC DEMO DATA — Safety inspections, observations, incidents, corrective actions, risk levels, and compliance scores."
"EHSCOMPLIANCE-00333","2025-06-13","2025-06","Central","Facility MF-01","Moderate","Inspection","Action Due","Compliance Office","10","5479.96","1128.87","91","41.42","No","At Risk","SYNTHETIC DEMO DATA — Safety inspections, observations, incidents, corrective actions, risk levels, and compliance scores."
"EHSCOMPLIANCE-00334","2025-06-26","2025-06","Eastern","Facility MF-07","High","Corrective Action","Closed","EHS West","7","5398.69","1176.91","92","43.51","No","At Risk","SYNTHETIC DEMO DATA — Safety inspections, observations, incidents, corrective actions, risk levels, and compliance scores."
"EHSCOMPLIANCE-00335","2025-07-09","2025-07","Southern","Facility MF-12","Critical","Incident","Closed","Compliance Office","4","4945.75","840.78","93","45.6","Yes","Controlled","SYNTHETIC DEMO DATA — Safety inspections, observations, incidents, corrective actions, risk levels, and compliance scores."
"EHSCOMPLIANCE-00336","2025-07-22","2025-07","Western","Facility MF-18","Low","Observation","Escalated","EHS West","1","6867.79","1249.94","94","47.69","Yes","At Risk","SYNTHETIC DEMO DATA — Safety inspections, observations, incidents, corrective actions, risk levels, and compliance scores."
"EHSCOMPLIANCE-00337","2025-08-04","2025-08","Northern","Facility MF-23","Moderate","Inspection","Action Due","Compliance Office","10","6238.81","1210.33","95","49.78","Yes","Controlled","SYNTHETIC DEMO DATA — Safety inspections, observations, incidents, corrective actions, risk levels, and compliance scores."
"EHSCOMPLIANCE-00338","2025-08-17","2025-08","Central","Facility MF-01","High","Corrective Action","Closed","EHS West","7","8563.23","1764.03","96","24.7","Yes","Controlled","SYNTHETIC DEMO DATA — Safety inspections, observations, incidents, corrective actions, risk levels, and compliance scores."
"EHSCOMPLIANCE-00339","2025-08-30","2025-08","Eastern","Facility MF-07","Critical","Incident","Closed","Compliance Office","4","8270.76","1803.03","96","26.79","Yes","Controlled","SYNTHETIC DEMO DATA — Safety inspections, observations, incidents, corrective actions, risk levels, and compliance scores."
"EHSCOMPLIANCE-00340","2025-09-12","2025-09","Southern","Facility MF-12","Low","Observation","Escalated","EHS West","1","7277.5","1237.18","97","28.88","Yes","At Risk","SYNTHETIC DEMO DATA — Safety inspections, observations, incidents, corrective actions, risk levels, and compliance scores."
"EHSCOMPLIANCE-00341","2025-09-25","2025-09","Western","Facility MF-18","Moderate","Inspection","Action Due","Compliance Office","10","9949.42","1810.79","89","30.97","Yes","Controlled","SYNTHETIC DEMO DATA — Safety inspections, observations, incidents, corrective actions, risk levels, and compliance scores."
"EHSCOMPLIANCE-00342","2025-10-08","2025-10","Northern","Facility MF-23","High","Corrective Action","Closed","EHS West","7","3889.35","754.53","90","33.06","No","At Risk","SYNTHETIC DEMO DATA — Safety inspections, observations, incidents, corrective actions, risk levels, and compliance scores."
"EHSCOMPLIANCE-00343","2025-10-21","2025-10","Central","Facility MF-01","Critical","Incident","Closed","Compliance Office","4","5428.59","1118.29","90","35.15","No","At Risk","SYNTHETIC DEMO DATA — Safety inspections, observations, incidents, corrective actions, risk levels, and compliance scores."
"EHSCOMPLIANCE-00344","2025-11-03","2025-11","Eastern","Facility MF-07","Low","Observation","Escalated","EHS West","1","5653.72","1232.51","91","37.24","Yes","At Risk","SYNTHETIC DEMO DATA — Safety inspections, observations, incidents, corrective actions, risk levels, and compliance scores."
"EHSCOMPLIANCE-00345","2025-11-16","2025-11","Southern","Facility MF-12","Moderate","Inspection","Action Due","Compliance Office","10","4800.36","816.06","92","39.33","Yes","Controlled","SYNTHETIC DEMO DATA — Safety inspections, observations, incidents, corrective actions, risk levels, and compliance scores."
"EHSCOMPLIANCE-00346","2025-11-29","2025-11","Western","Facility MF-18","High","Corrective Action","Closed","EHS West","7","6640.15","1208.51","93","41.42","Yes","Controlled","SYNTHETIC DEMO DATA — Safety inspections, observations, incidents, corrective actions, risk levels, and compliance scores."
"EHSCOMPLIANCE-00347","2025-12-12","2025-12","Northern","Facility MF-23","Critical","Incident","Closed","Compliance Office","4","6046.73","1173.07","94","43.51","Yes","Controlled","SYNTHETIC DEMO DATA — Safety inspections, observations, incidents, corrective actions, risk levels, and compliance scores."
"EHSCOMPLIANCE-00348","2025-12-25","2025-12","Central","Facility MF-01","Low","Observation","Escalated","EHS West","1","8274.22","1704.49","95","45.6","Yes","At Risk","SYNTHETIC DEMO DATA — Safety inspections, observations, incidents, corrective actions, risk levels, and compliance scores."
"EHSCOMPLIANCE-00349","2026-01-07","2026-01","Eastern","Facility MF-07","Moderate","Inspection","Action Due","Compliance Office","10","8556.12","1865.23","96","47.69","Yes","Controlled","SYNTHETIC DEMO DATA — Safety inspections, observations, incidents, corrective actions, risk levels, and compliance scores."
"EHSCOMPLIANCE-00350","2026-01-20","2026-01","Southern","Facility MF-12","High","Corrective Action","Closed","EHS West","7","7152.33","1215.9","96","49.78","Yes","Controlled","SYNTHETIC DEMO DATA — Safety inspections, observations, incidents, corrective actions, risk levels, and compliance scores."
"EHSCOMPLIANCE-00351","2026-02-02","2026-02","Western","Facility MF-18","Critical","Incident","Closed","Compliance Office","4","6085.8","1107.62","97","24.7","No","At Risk","SYNTHETIC DEMO DATA — Safety inspections, observations, incidents, corrective actions, risk levels, and compliance scores."
"EHSCOMPLIANCE-00352","2026-02-15","2026-02","Northern","Facility MF-23","Low","Observation","Escalated","EHS West","1","5322.44","1032.55","89","26.79","No","At Risk","SYNTHETIC DEMO DATA — Safety inspections, observations, incidents, corrective actions, risk levels, and compliance scores."
"EHSCOMPLIANCE-00353","2026-02-28","2026-02","Central","Facility MF-01","Moderate","Inspection","Action Due","Compliance Office","10","7391.41","1522.63","90","28.88","Yes","Controlled","SYNTHETIC DEMO DATA — Safety inspections, observations, incidents, corrective actions, risk levels, and compliance scores."
"EHSCOMPLIANCE-00354","2026-03-13","2026-03","Eastern","Facility MF-07","High","Corrective Action","Closed","EHS West","7","7573.97","1651.13","90","30.97","Yes","Controlled","SYNTHETIC DEMO DATA — Safety inspections, observations, incidents, corrective actions, risk levels, and compliance scores."
"EHSCOMPLIANCE-00355","2026-03-26","2026-03","Southern","Facility MF-12","Critical","Incident","Closed","Compliance Office","4","6405.94","1089.01","91","33.06","Yes","Controlled","SYNTHETIC DEMO DATA — Safety inspections, observations, incidents, corrective actions, risk levels, and compliance scores."
"EHSCOMPLIANCE-00356","2026-04-08","2026-04","Western","Facility MF-18","Low","Observation","Escalated","EHS West","1","6841.17","1245.09","92","35.15","Yes","At Risk","SYNTHETIC DEMO DATA — Safety inspections, observations, incidents, corrective actions, risk levels, and compliance scores."
"EHSCOMPLIANCE-00357","2026-04-21","2026-04","Northern","Facility MF-23","Moderate","Inspection","Action Due","Compliance Office","10","5865.7","1137.95","93","37.24","Yes","Controlled","SYNTHETIC DEMO DATA — Safety inspections, observations, incidents, corrective actions, risk levels, and compliance scores."
"EHSCOMPLIANCE-00358","2026-05-04","2026-05","Central","Facility MF-01","High","Corrective Action","Closed","EHS West","7","8504.77","1751.98","94","39.33","Yes","Controlled","SYNTHETIC DEMO DATA — Safety inspections, observations, incidents, corrective actions, risk levels, and compliance scores."
"EHSCOMPLIANCE-00359","2026-05-17","2026-05","Eastern","Facility MF-07","Critical","Incident","Closed","Compliance Office","4","8171.46","1781.38","95","41.42","Yes","Controlled","SYNTHETIC DEMO DATA — Safety inspections, observations, incidents, corrective actions, risk levels, and compliance scores."
"EHSCOMPLIANCE-00360","2026-05-30","2026-05","Southern","Facility MF-12","Low","Observation","Escalated","EHS West","1","4038.77","686.59","96","43.51","No","At Risk","SYNTHETIC DEMO DATA — Safety inspections, observations, incidents, corrective actions, risk levels, and compliance scores."
"EHSCOMPLIANCE-00361","2026-06-12","2026-06","Western","Facility MF-18","Moderate","Inspection","Action Due","Compliance Office","10","5994.62","1091.02","96","45.6","No","At Risk","SYNTHETIC DEMO DATA — Safety inspections, observations, incidents, corrective actions, risk levels, and compliance scores."
"EHSCOMPLIANCE-00362","2025-01-01","2025-01","Northern","Facility MF-23","High","Corrective Action","Closed","EHS West","7","5051.45","979.98","97","47.69","Yes","Controlled","SYNTHETIC DEMO DATA — Safety inspections, observations, incidents, corrective actions, risk levels, and compliance scores."
"EHSCOMPLIANCE-00363","2025-01-14","2025-01","Central","Facility MF-01","Critical","Incident","Closed","Compliance Office","4","6984.28","1438.76","89","49.78","Yes","Controlled","SYNTHETIC DEMO DATA — Safety inspections, observations, incidents, corrective actions, risk levels, and compliance scores."
"EHSCOMPLIANCE-00364","2025-01-27","2025-01","Eastern","Facility MF-07","Low","Observation","Escalated","EHS West","1","6789.66","1480.15","90","24.7","Yes","At Risk","SYNTHETIC DEMO DATA — Safety inspections, observations, incidents, corrective actions, risk levels, and compliance scores."
"EHSCOMPLIANCE-00365","2025-02-09","2025-02","Southern","Facility MF-12","Moderate","Inspection","Action Due","Compliance Office","10","6024.13","1024.1","90","26.79","Yes","Controlled","SYNTHETIC DEMO DATA — Safety inspections, observations, incidents, corrective actions, risk levels, and compliance scores."
"EHSCOMPLIANCE-00366","2025-02-22","2025-02","Western","Facility MF-18","High","Corrective Action","Closed","EHS West","7","8279.04","1506.79","91","28.88","Yes","Controlled","SYNTHETIC DEMO DATA — Safety inspections, observations, incidents, corrective actions, risk levels, and compliance scores."
"EHSCOMPLIANCE-00367","2025-03-07","2025-03","Northern","Facility MF-23","Critical","Incident","Closed","Compliance Office","4","7433.03","1442.01","92","30.97","Yes","Controlled","SYNTHETIC DEMO DATA — Safety inspections, observations, incidents, corrective actions, risk levels, and compliance scores."
"EHSCOMPLIANCE-00368","2025-03-20","2025-03","Central","Facility MF-01","Low","Observation","Escalated","EHS West","1","10118.17","2084.34","93","33.06","Yes","At Risk","SYNTHETIC DEMO DATA — Safety inspections, observations, incidents, corrective actions, risk levels, and compliance scores."
"EHSCOMPLIANCE-00369","2025-04-02","2025-04","Eastern","Facility MF-07","Moderate","Inspection","Action Due","Compliance Office","10","4458.27","971.9","94","35.15","No","At Risk","SYNTHETIC DEMO DATA — Safety inspections, observations, incidents, corrective actions, risk levels, and compliance scores."
"EHSCOMPLIANCE-00370","2025-04-15","2025-04","Southern","Facility MF-12","High","Corrective Action","Closed","EHS West","7","3821.3","649.62","95","37.24","No","At Risk","SYNTHETIC DEMO DATA — Safety inspections, observations, incidents, corrective actions, risk levels, and compliance scores."
"EHSCOMPLIANCE-00371","2025-04-28","2025-04","Western","Facility MF-18","Critical","Incident","Closed","Compliance Office","4","5329.75","970.01","96","39.33","Yes","Controlled","SYNTHETIC DEMO DATA — Safety inspections, observations, incidents, corrective actions, risk levels, and compliance scores."
"EHSCOMPLIANCE-00372","2025-05-11","2025-05","Northern","Facility MF-23","Low","Observation","Escalated","EHS West","1","4905.96","951.76","96","41.42","Yes","At Risk","SYNTHETIC DEMO DATA — Safety inspections, observations, incidents, corrective actions, risk levels, and compliance scores."
"EHSCOMPLIANCE-00373","2025-05-24","2025-05","Central","Facility MF-01","Moderate","Inspection","Action Due","Compliance Office","10","6756.93","1391.93","97","43.51","Yes","Controlled","SYNTHETIC DEMO DATA — Safety inspections, observations, incidents, corrective actions, risk levels, and compliance scores."
"EHSCOMPLIANCE-00374","2025-06-06","2025-06","Eastern","Facility MF-07","High","Corrective Action","Closed","EHS West","7","6931.22","1511.01","89","45.6","Yes","Controlled","SYNTHETIC DEMO DATA — Safety inspections, observations, incidents, corrective actions, risk levels, and compliance scores."
"EHSCOMPLIANCE-00375","2025-06-19","2025-06","Southern","Facility MF-12","Critical","Incident","Closed","Compliance Office","4","5824.39","990.15","90","47.69","Yes","Controlled","SYNTHETIC DEMO DATA — Safety inspections, observations, incidents, corrective actions, risk levels, and compliance scores."
"EHSCOMPLIANCE-00376","2025-07-02","2025-07","Western","Facility MF-18","Low","Observation","Escalated","EHS West","1","8575.04","1560.66","90","49.78","Yes","At Risk","SYNTHETIC DEMO DATA — Safety inspections, observations, incidents, corrective actions, risk levels, and compliance scores."
"EHSCOMPLIANCE-00377","2025-07-15","2025-07","Northern","Facility MF-23","Moderate","Inspection","Action Due","Compliance Office","10","7314.01","1418.92","91","24.7","Yes","Controlled","SYNTHETIC DEMO DATA — Safety inspections, observations, incidents, corrective actions, risk levels, and compliance scores."
"EHSCOMPLIANCE-00378","2025-07-28","2025-07","Central","Facility MF-01","High","Corrective Action","Closed","EHS West","7","5886.68","1212.66","92","26.79","No","At Risk","SYNTHETIC DEMO DATA — Safety inspections, observations, incidents, corrective actions, risk levels, and compliance scores."
"EHSCOMPLIANCE-00379","2025-08-10","2025-08","Eastern","Facility MF-07","Critical","Incident","Closed","Compliance Office","4","6104.61","1330.8","93","28.88","No","At Risk","SYNTHETIC DEMO DATA — Safety inspections, observations, incidents, corrective actions, risk levels, and compliance scores."
"EHSCOMPLIANCE-00380","2025-08-23","2025-08","Southern","Facility MF-12","Low","Observation","Escalated","EHS West","1","5206.06","885.03","94","30.97","Yes","At Risk","SYNTHETIC DEMO DATA — Safety inspections, observations, incidents, corrective actions, risk levels, and compliance scores."
"EHSCOMPLIANCE-00381","2025-09-05","2025-09","Western","Facility MF-18","Moderate","Inspection","Action Due","Compliance Office","10","7590.72","1381.51","95","33.06","Yes","Controlled","SYNTHETIC DEMO DATA — Safety inspections, observations, incidents, corrective actions, risk levels, and compliance scores."
"EHSCOMPLIANCE-00382","2025-09-18","2025-09","Northern","Facility MF-23","High","Corrective Action","Closed","EHS West","7","6550.75","1270.85","96","35.15","Yes","Controlled","SYNTHETIC DEMO DATA — Safety inspections, observations, incidents, corrective actions, risk levels, and compliance scores."
"EHSCOMPLIANCE-00383","2025-10-01","2025-10","Central","Facility MF-01","Critical","Incident","Closed","Compliance Office","4","6969.61","1435.74","96","37.24","Yes","Controlled","SYNTHETIC DEMO DATA — Safety inspections, observations, incidents, corrective actions, risk levels, and compliance scores."
"EHSCOMPLIANCE-00384","2025-10-14","2025-10","Eastern","Facility MF-07","Low","Observation","Escalated","EHS West","1","6731.57","1467.48","97","39.33","Yes","At Risk","SYNTHETIC DEMO DATA — Safety inspections, observations, incidents, corrective actions, risk levels, and compliance scores."
"EHSCOMPLIANCE-00385","2025-10-27","2025-10","Southern","Facility MF-12","Moderate","Inspection","Action Due","Compliance Office","10","5641.1","958.99","89","41.42","Yes","Controlled","SYNTHETIC DEMO DATA — Safety inspections, observations, incidents, corrective actions, risk levels, and compliance scores."
"EHSCOMPLIANCE-00386","2025-11-09","2025-11","Western","Facility MF-18","High","Corrective Action","Closed","EHS West","7","8194.23","1491.35","90","43.51","Yes","Controlled","SYNTHETIC DEMO DATA — Safety inspections, observations, incidents, corrective actions, risk levels, and compliance scores."
"EHSCOMPLIANCE-00387","2025-11-22","2025-11","Northern","Facility MF-23","Critical","Incident","Closed","Compliance Office","4","4132.44","801.69","90","45.6","No","At Risk","SYNTHETIC DEMO DATA — Safety inspections, observations, incidents, corrective actions, risk levels, and compliance scores."
"EHSCOMPLIANCE-00388","2025-12-05","2025-12","Central","Facility MF-01","Low","Observation","Escalated","EHS West","1","6107.16","1258.07","91","47.69","No","At Risk","SYNTHETIC DEMO DATA — Safety inspections, observations, incidents, corrective actions, risk levels, and compliance scores."
"EHSCOMPLIANCE-00389","2025-12-18","2025-12","Eastern","Facility MF-07","Moderate","Inspection","Action Due","Compliance Office","10","5986.29","1305.01","92","49.78","Yes","Controlled","SYNTHETIC DEMO DATA — Safety inspections, observations, incidents, corrective actions, risk levels, and compliance scores."
"EHSCOMPLIANCE-00390","2025-12-31","2025-12","Southern","Facility MF-12","High","Corrective Action","Closed","EHS West","7","5169.54","878.82","93","24.7","Yes","Controlled","SYNTHETIC DEMO DATA — Safety inspections, observations, incidents, corrective actions, risk levels, and compliance scores."
"EHSCOMPLIANCE-00391","2026-01-13","2026-01","Western","Facility MF-18","Critical","Incident","Closed","Compliance Office","4","7548.09","1373.75","94","26.79","Yes","Controlled","SYNTHETIC DEMO DATA — Safety inspections, observations, incidents, corrective actions, risk levels, and compliance scores."
"EHSCOMPLIANCE-00392","2026-01-26","2026-01","Northern","Facility MF-23","Low","Observation","Escalated","EHS West","1","6491.66","1259.38","95","28.88","Yes","At Risk","SYNTHETIC DEMO DATA — Safety inspections, observations, incidents, corrective actions, risk levels, and compliance scores."
"EHSCOMPLIANCE-00393","2026-02-08","2026-02","Central","Facility MF-01","Moderate","Inspection","Action Due","Compliance Office","10","9350.58","1926.22","96","30.97","Yes","Controlled","SYNTHETIC DEMO DATA — Safety inspections, observations, incidents, corrective actions, risk levels, and compliance scores."
"EHSCOMPLIANCE-00394","2026-02-21","2026-02","Eastern","Facility MF-07","High","Corrective Action","Closed","EHS West","7","9006.45","1963.41","96","33.06","Yes","Controlled","SYNTHETIC DEMO DATA — Safety inspections, observations, incidents, corrective actions, risk levels, and compliance scores."
"EHSCOMPLIANCE-00395","2026-03-06","2026-03","Southern","Facility MF-12","Critical","Incident","Closed","Compliance Office","4","7905.21","1343.89","97","35.15","Yes","Controlled","SYNTHETIC DEMO DATA — Safety inspections, observations, incidents, corrective actions, risk levels, and compliance scores."
"EHSCOMPLIANCE-00396","2026-03-19","2026-03","Western","Facility MF-18","Low","Observation","Escalated","EHS West","1","6390.09","1163","89","37.24","No","At Risk","SYNTHETIC DEMO DATA — Safety inspections, observations, incidents, corrective actions, risk levels, and compliance scores."
"EHSCOMPLIANCE-00397","2026-04-01","2026-04","Northern","Facility MF-23","Moderate","Inspection","Action Due","Compliance Office","10","4329.45","839.91","90","39.33","No","At Risk","SYNTHETIC DEMO DATA — Safety inspections, observations, incidents, corrective actions, risk levels, and compliance scores."
"EHSCOMPLIANCE-00398","2026-04-14","2026-04","Central","Facility MF-01","High","Corrective Action","Closed","EHS West","7","6012.42","1238.56","90","41.42","Yes","Controlled","SYNTHETIC DEMO DATA — Safety inspections, observations, incidents, corrective actions, risk levels, and compliance scores."
"EHSCOMPLIANCE-00399","2026-04-27","2026-04","Eastern","Facility MF-07","Critical","Incident","Closed","Compliance Office","4","5867.54","1279.12","91","43.51","Yes","Controlled","SYNTHETIC DEMO DATA — Safety inspections, observations, incidents, corrective actions, risk levels, and compliance scores."
"EHSCOMPLIANCE-00400","2026-05-10","2026-05","Southern","Facility MF-12","Low","Observation","Escalated","EHS West","1","5272.84","896.38","92","45.6","Yes","At Risk","SYNTHETIC DEMO DATA — Safety inspections, observations, incidents, corrective actions, risk levels, and compliance scores."
"EHSCOMPLIANCE-00401","2026-05-23","2026-05","Western","Facility MF-18","Moderate","Inspection","Action Due","Compliance Office","10","7268.74","1322.91","93","47.69","Yes","Controlled","SYNTHETIC DEMO DATA — Safety inspections, observations, incidents, corrective actions, risk levels, and compliance scores."
"EHSCOMPLIANCE-00402","2026-06-05","2026-06","Northern","Facility MF-23","High","Corrective Action","Closed","EHS West","7","6598.91","1280.19","94","49.78","Yes","Controlled","SYNTHETIC DEMO DATA — Safety inspections, observations, incidents, corrective actions, risk levels, and compliance scores."
"EHSCOMPLIANCE-00403","2026-06-18","2026-06","Central","Facility MF-01","Critical","Incident","Closed","Compliance Office","4","9005.05","1855.04","95","24.7","Yes","Controlled","SYNTHETIC DEMO DATA — Safety inspections, observations, incidents, corrective actions, risk levels, and compliance scores."
"EHSCOMPLIANCE-00404","2025-01-07","2025-01","Eastern","Facility MF-07","Low","Observation","Escalated","EHS West","1","8378.73","1826.56","96","26.79","Yes","At Risk","SYNTHETIC DEMO DATA — Safety inspections, observations, incidents, corrective actions, risk levels, and compliance scores."
"EHSCOMPLIANCE-00405","2025-01-20","2025-01","Southern","Facility MF-12","Moderate","Inspection","Action Due","Compliance Office","10","4141.21","704.01","96","28.88","No","At Risk","SYNTHETIC DEMO DATA — Safety inspections, observations, incidents, corrective actions, risk levels, and compliance scores."
"EHSCOMPLIANCE-00406","2025-02-02","2025-02","Western","Facility MF-18","High","Corrective Action","Closed","EHS West","7","6110.72","1112.15","97","30.97","No","At Risk","SYNTHETIC DEMO DATA — Safety inspections, observations, incidents, corrective actions, risk levels, and compliance scores."
"EHSCOMPLIANCE-00407","2025-02-15","2025-02","Northern","Facility MF-23","Critical","Incident","Closed","Compliance Office","4","5317.31","1031.56","89","33.06","Yes","Controlled","SYNTHETIC DEMO DATA — Safety inspections, observations, incidents, corrective actions, risk levels, and compliance scores."
"EHSCOMPLIANCE-00408","2025-02-28","2025-02","Central","Facility MF-01","Low","Observation","Escalated","EHS West","1","7351.87","1514.49","90","35.15","Yes","At Risk","SYNTHETIC DEMO DATA — Safety inspections, observations, incidents, corrective actions, risk levels, and compliance scores."
"EHSCOMPLIANCE-00409","2025-03-13","2025-03","Eastern","Facility MF-07","Moderate","Inspection","Action Due","Compliance Office","10","7504.36","1635.95","90","37.24","Yes","Controlled","SYNTHETIC DEMO DATA — Safety inspections, observations, incidents, corrective actions, risk levels, and compliance scores."
"EHSCOMPLIANCE-00410","2025-03-26","2025-03","Southern","Facility MF-12","High","Corrective Action","Closed","EHS West","7","6325.33","1075.31","91","39.33","Yes","Controlled","SYNTHETIC DEMO DATA — Safety inspections, observations, incidents, corrective actions, risk levels, and compliance scores."
"EHSCOMPLIANCE-00411","2025-04-08","2025-04","Western","Facility MF-18","Critical","Incident","Closed","Compliance Office","4","6742.45","1227.13","92","41.42","Yes","Controlled","SYNTHETIC DEMO DATA — Safety inspections, observations, incidents, corrective actions, risk levels, and compliance scores."
"EHSCOMPLIANCE-00412","2025-04-21","2025-04","Northern","Facility MF-23","Low","Observation","Escalated","EHS West","1","5765.2","1118.45","93","43.51","Yes","At Risk","SYNTHETIC DEMO DATA — Safety inspections, observations, incidents, corrective actions, risk levels, and compliance scores."
"EHSCOMPLIANCE-00413","2025-05-04","2025-05","Central","Facility MF-01","Moderate","Inspection","Action Due","Compliance Office","10","8338.34","1717.7","94","45.6","Yes","Controlled","SYNTHETIC DEMO DATA — Safety inspections, observations, incidents, corrective actions, risk levels, and compliance scores."
"EHSCOMPLIANCE-00414","2025-05-17","2025-05","Eastern","Facility MF-07","High","Corrective Action","Closed","EHS West","7","4736.92","1032.65","95","47.69","No","At Risk","SYNTHETIC DEMO DATA — Safety inspections, observations, incidents, corrective actions, risk levels, and compliance scores."
"EHSCOMPLIANCE-00415","2025-05-30","2025-05","Southern","Facility MF-12","Critical","Incident","Closed","Compliance Office","4","4060.13","690.22","96","49.78","No","At Risk","SYNTHETIC DEMO DATA — Safety inspections, observations, incidents, corrective actions, risk levels, and compliance scores."
"EHSCOMPLIANCE-00416","2025-06-12","2025-06","Western","Facility MF-18","Low","Observation","Escalated","EHS West","1","5995.96","1091.26","96","24.7","Yes","At Risk","SYNTHETIC DEMO DATA — Safety inspections, observations, incidents, corrective actions, risk levels, and compliance scores."
"EHSCOMPLIANCE-00417","2025-06-25","2025-06","Northern","Facility MF-23","Moderate","Inspection","Action Due","Compliance Office","10","5194.55","1007.74","97","26.79","Yes","Controlled","SYNTHETIC DEMO DATA — Safety inspections, observations, incidents, corrective actions, risk levels, and compliance scores."
"EHSCOMPLIANCE-00418","2025-07-08","2025-07","Central","Facility MF-01","High","Corrective Action","Closed","EHS West","7","7685.39","1583.19","89","28.88","Yes","Controlled","SYNTHETIC DEMO DATA — Safety inspections, observations, incidents, corrective actions, risk levels, and compliance scores."
"EHSCOMPLIANCE-00419","2025-07-21","2025-07","Eastern","Facility MF-07","Critical","Incident","Closed","Compliance Office","4","7445.65","1623.15","90","30.97","Yes","Controlled","SYNTHETIC DEMO DATA — Safety inspections, observations, incidents, corrective actions, risk levels, and compliance scores."
"EHSCOMPLIANCE-00420","2025-08-03","2025-08","Southern","Facility MF-12","Low","Observation","Escalated","EHS West","1","6585.98","1119.62","90","33.06","Yes","At Risk","SYNTHETIC DEMO DATA — Safety inspections, observations, incidents, corrective actions, risk levels, and compliance scores."
"EHSCOMPLIANCE-00421","2025-08-16","2025-08","Western","Facility MF-18","Moderate","Inspection","Action Due","Compliance Office","10","9026.36","1642.8","91","35.15","Yes","Controlled","SYNTHETIC DEMO DATA — Safety inspections, observations, incidents, corrective actions, risk levels, and compliance scores."
"EHSCOMPLIANCE-00422","2025-08-29","2025-08","Northern","Facility MF-23","High","Corrective Action","Closed","EHS West","7","7698.96","1493.6","92","37.24","Yes","Controlled","SYNTHETIC DEMO DATA — Safety inspections, observations, incidents, corrective actions, risk levels, and compliance scores."
"EHSCOMPLIANCE-00423","2025-09-11","2025-09","Central","Facility MF-01","Critical","Incident","Closed","Compliance Office","4","6506.33","1340.3","93","39.33","No","At Risk","SYNTHETIC DEMO DATA — Safety inspections, observations, incidents, corrective actions, risk levels, and compliance scores."
"EHSCOMPLIANCE-00424","2025-09-24","2025-09","Eastern","Facility MF-07","Low","Observation","Escalated","EHS West","1","6409.84","1397.35","94","41.42","No","At Risk","SYNTHETIC DEMO DATA — Safety inspections, observations, incidents, corrective actions, risk levels, and compliance scores."
"EHSCOMPLIANCE-00425","2025-10-07","2025-10","Southern","Facility MF-12","Moderate","Inspection","Action Due","Compliance Office","10","4237.21","720.33","95","43.51","Yes","Controlled","SYNTHETIC DEMO DATA — Safety inspections, observations, incidents, corrective actions, risk levels, and compliance scores."
"EHSCOMPLIANCE-00426","2025-10-20","2025-10","Western","Facility MF-18","High","Corrective Action","Closed","EHS West","7","5883.89","1070.87","96","45.6","Yes","Controlled","SYNTHETIC DEMO DATA — Safety inspections, observations, incidents, corrective actions, risk levels, and compliance scores."
"EHSCOMPLIANCE-00427","2025-11-02","2025-11","Northern","Facility MF-23","Critical","Incident","Closed","Compliance Office","4","5395.12","1046.65","96","47.69","Yes","Controlled","SYNTHETIC DEMO DATA — Safety inspections, observations, incidents, corrective actions, risk levels, and compliance scores."
"EHSCOMPLIANCE-00428","2025-11-15","2025-11","Central","Facility MF-01","Low","Observation","Escalated","EHS West","1","7405.21","1525.47","97","49.78","Yes","At Risk","SYNTHETIC DEMO DATA — Safety inspections, observations, incidents, corrective actions, risk levels, and compliance scores."
"EHSCOMPLIANCE-00429","2025-11-28","2025-11","Eastern","Facility MF-07","Moderate","Inspection","Action Due","Compliance Office","10","7152.29","1559.2","89","24.7","Yes","Controlled","SYNTHETIC DEMO DATA — Safety inspections, observations, incidents, corrective actions, risk levels, and compliance scores."
"EHSCOMPLIANCE-00430","2025-12-11","2025-12","Southern","Facility MF-12","High","Corrective Action","Closed","EHS West","7","6346.24","1078.86","90","26.79","Yes","Controlled","SYNTHETIC DEMO DATA — Safety inspections, observations, incidents, corrective actions, risk levels, and compliance scores."
"EHSCOMPLIANCE-00431","2025-12-24","2025-12","Western","Facility MF-18","Critical","Incident","Closed","Compliance Office","4","8676.24","1579.08","90","28.88","Yes","Controlled","SYNTHETIC DEMO DATA — Safety inspections, observations, incidents, corrective actions, risk levels, and compliance scores."
"EHSCOMPLIANCE-00432","2026-01-06","2026-01","Northern","Facility MF-23","Low","Observation","Escalated","EHS West","1","4697.48","911.31","91","30.97","No","At Risk","SYNTHETIC DEMO DATA — Safety inspections, observations, incidents, corrective actions, risk levels, and compliance scores."
"EHSCOMPLIANCE-00433","2026-01-19","2026-01","Central","Facility MF-01","Moderate","Inspection","Action Due","Compliance Office","10","6556.54","1350.65","92","33.06","No","At Risk","SYNTHETIC DEMO DATA — Safety inspections, observations, incidents, corrective actions, risk levels, and compliance scores."
"EHSCOMPLIANCE-00434","2026-02-01","2026-02","Eastern","Facility MF-07","High","Corrective Action","Closed","EHS West","7","6765.02","1474.77","93","35.15","Yes","Controlled","SYNTHETIC DEMO DATA — Safety inspections, observations, incidents, corrective actions, risk levels, and compliance scores."
"EHSCOMPLIANCE-00435","2026-02-14","2026-02","Southern","Facility MF-12","Critical","Incident","Closed","Compliance Office","4","5743.93","976.47","94","37.24","Yes","Controlled","SYNTHETIC DEMO DATA — Safety inspections, observations, incidents, corrective actions, risk levels, and compliance scores."
"EHSCOMPLIANCE-00436","2026-02-27","2026-02","Western","Facility MF-18","Low","Observation","Escalated","EHS West","1","7945.36","1446.06","95","39.33","Yes","At Risk","SYNTHETIC DEMO DATA — Safety inspections, observations, incidents, corrective actions, risk levels, and compliance scores."
"EHSCOMPLIANCE-00437","2026-03-12","2026-03","Northern","Facility MF-23","Moderate","Inspection","Action Due","Compliance Office","10","7174.99","1391.95","96","41.42","Yes","Controlled","SYNTHETIC DEMO DATA — Safety inspections, observations, incidents, corrective actions, risk levels, and compliance scores."
"EHSCOMPLIANCE-00438","2026-03-25","2026-03","Central","Facility MF-01","High","Corrective Action","Closed","EHS West","7","9818.11","2022.53","96","43.51","Yes","Controlled","SYNTHETIC DEMO DATA — Safety inspections, observations, incidents, corrective actions, risk levels, and compliance scores."
"EHSCOMPLIANCE-00439","2026-04-07","2026-04","Eastern","Facility MF-07","Critical","Incident","Closed","Compliance Office","4","7326.14","1597.1","97","45.6","Yes","Controlled","SYNTHETIC DEMO DATA — Safety inspections, observations, incidents, corrective actions, risk levels, and compliance scores."
"EHSCOMPLIANCE-00440","2026-04-20","2026-04","Southern","Facility MF-12","Low","Observation","Escalated","EHS West","1","6124.15","1041.11","89","47.69","Yes","At Risk","SYNTHETIC DEMO DATA — Safety inspections, observations, incidents, corrective actions, risk levels, and compliance scores."
"EHSCOMPLIANCE-00441","2026-05-03","2026-05","Western","Facility MF-18","Moderate","Inspection","Action Due","Compliance Office","10","5259.79","957.28","90","49.78","No","At Risk","SYNTHETIC DEMO DATA — Safety inspections, observations, incidents, corrective actions, risk levels, and compliance scores."
"EHSCOMPLIANCE-00442","2026-05-16","2026-05","Northern","Facility MF-23","High","Corrective Action","Closed","EHS West","7","4600.04","892.41","90","24.7","No","At Risk","SYNTHETIC DEMO DATA — Safety inspections, observations, incidents, corrective actions, risk levels, and compliance scores."
"EHSCOMPLIANCE-00443","2026-05-29","2026-05","Central","Facility MF-01","Critical","Incident","Closed","Compliance Office","4","6388.2","1315.97","91","26.79","Yes","Controlled","SYNTHETIC DEMO DATA — Safety inspections, observations, incidents, corrective actions, risk levels, and compliance scores."
"EHSCOMPLIANCE-00444","2026-06-11","2026-06","Eastern","Facility MF-07","Low","Observation","Escalated","EHS West","1","6600.98","1439.01","92","28.88","Yes","At Risk","SYNTHETIC DEMO DATA — Safety inspections, observations, incidents, corrective actions, risk levels, and compliance scores."
"EHSCOMPLIANCE-00445","2026-06-24","2026-06","Southern","Facility MF-12","Moderate","Inspection","Action Due","Compliance Office","10","5583","949.11","93","30.97","Yes","Controlled","SYNTHETIC DEMO DATA — Safety inspections, observations, incidents, corrective actions, risk levels, and compliance scores."
"EHSCOMPLIANCE-00446","2025-01-13","2025-01","Western","Facility MF-18","High","Corrective Action","Closed","EHS West","7","7453.11","1356.47","94","33.06","Yes","Controlled","SYNTHETIC DEMO DATA — Safety inspections, observations, incidents, corrective actions, risk levels, and compliance scores."
"EHSCOMPLIANCE-00447","2025-01-26","2025-01","Northern","Facility MF-23","Critical","Incident","Closed","Compliance Office","4","6390.38","1239.73","95","35.15","Yes","Controlled","SYNTHETIC DEMO DATA — Safety inspections, observations, incidents, corrective actions, risk levels, and compliance scores."
"EHSCOMPLIANCE-00448","2025-02-08","2025-02","Central","Facility MF-01","Low","Observation","Escalated","EHS West","1","9179.46","1890.97","96","37.24","Yes","At Risk","SYNTHETIC DEMO DATA — Safety inspections, observations, incidents, corrective actions, risk levels, and compliance scores."
"EHSCOMPLIANCE-00449","2025-02-21","2025-02","Eastern","Facility MF-07","Moderate","Inspection","Action Due","Compliance Office","10","8819.71","1922.7","96","39.33","Yes","Controlled","SYNTHETIC DEMO DATA — Safety inspections, observations, incidents, corrective actions, risk levels, and compliance scores."
"EHSCOMPLIANCE-00450","2025-03-06","2025-03","Southern","Facility MF-12","High","Corrective Action","Closed","EHS West","7","4577.13","778.11","97","41.42","No","At Risk","SYNTHETIC DEMO DATA — Safety inspections, observations, incidents, corrective actions, risk levels, and compliance scores."
"EHSCOMPLIANCE-00451","2025-03-19","2025-03","Western","Facility MF-18","Critical","Incident","Closed","Compliance Office","4","6416.26","1167.76","89","43.51","No","At Risk","SYNTHETIC DEMO DATA — Safety inspections, observations, incidents, corrective actions, risk levels, and compliance scores."
"EHSCOMPLIANCE-00452","2025-04-01","2025-04","Northern","Facility MF-23","Low","Observation","Escalated","EHS West","1","4330.42","840.1","90","45.6","Yes","At Risk","SYNTHETIC DEMO DATA — Safety inspections, observations, incidents, corrective actions, risk levels, and compliance scores."
"EHSCOMPLIANCE-00453","2025-04-14","2025-04","Central","Facility MF-01","Moderate","Inspection","Action Due","Compliance Office","10","5987.36","1233.4","90","47.69","Yes","Controlled","SYNTHETIC DEMO DATA — Safety inspections, observations, incidents, corrective actions, risk levels, and compliance scores."
"EHSCOMPLIANCE-00454","2025-04-27","2025-04","Eastern","Facility MF-07","High","Corrective Action","Closed","EHS West","7","5820.52","1268.87","91","49.78","Yes","Controlled","SYNTHETIC DEMO DATA — Safety inspections, observations, incidents, corrective actions, risk levels, and compliance scores."
"EHSCOMPLIANCE-00455","2025-05-10","2025-05","Southern","Facility MF-12","Critical","Incident","Closed","Compliance Office","4","5212.68","886.16","92","24.7","Yes","Controlled","SYNTHETIC DEMO DATA — Safety inspections, observations, incidents, corrective actions, risk levels, and compliance scores."
"EHSCOMPLIANCE-00456","2025-05-23","2025-05","Western","Facility MF-18","Low","Observation","Escalated","EHS West","1","7163.85","1303.82","93","26.79","Yes","At Risk","SYNTHETIC DEMO DATA — Safety inspections, observations, incidents, corrective actions, risk levels, and compliance scores."
"EHSCOMPLIANCE-00457","2025-06-05","2025-06","Northern","Facility MF-23","Moderate","Inspection","Action Due","Compliance Office","10","6485.85","1258.25","94","28.88","Yes","Controlled","SYNTHETIC DEMO DATA — Safety inspections, observations, incidents, corrective actions, risk levels, and compliance scores."
"EHSCOMPLIANCE-00458","2025-06-18","2025-06","Central","Facility MF-01","High","Corrective Action","Closed","EHS West","7","8828.83","1818.74","95","30.97","Yes","Controlled","SYNTHETIC DEMO DATA — Safety inspections, observations, incidents, corrective actions, risk levels, and compliance scores."
"EHSCOMPLIANCE-00459","2025-07-01","2025-07","Eastern","Facility MF-07","Critical","Incident","Closed","Compliance Office","4","5387.81","1174.54","96","33.06","No","At Risk","SYNTHETIC DEMO DATA — Safety inspections, observations, incidents, corrective actions, risk levels, and compliance scores."
"EHSCOMPLIANCE-00460","2025-07-14","2025-07","Southern","Facility MF-12","Low","Observation","Escalated","EHS West","1","4618.02","785.06","96","35.15","No","At Risk","SYNTHETIC DEMO DATA — Safety inspections, observations, incidents, corrective actions, risk levels, and compliance scores."
"EHSCOMPLIANCE-00461","2025-07-27","2025-07","Western","Facility MF-18","Moderate","Inspection","Action Due","Compliance Office","10","6440.98","1172.26","97","37.24","Yes","Controlled","SYNTHETIC DEMO DATA — Safety inspections, observations, incidents, corrective actions, risk levels, and compliance scores."
"EHSCOMPLIANCE-00462","2025-08-09","2025-08","Northern","Facility MF-23","High","Corrective Action","Closed","EHS West","7","5873.77","1139.51","89","39.33","Yes","Controlled","SYNTHETIC DEMO DATA — Safety inspections, observations, incidents, corrective actions, risk levels, and compliance scores."
"EHSCOMPLIANCE-00463","2025-08-22","2025-08","Central","Facility MF-01","Critical","Incident","Closed","Compliance Office","4","8089.88","1666.52","90","41.42","Yes","Controlled","SYNTHETIC DEMO DATA — Safety inspections, observations, incidents, corrective actions, risk levels, and compliance scores."
"EHSCOMPLIANCE-00464","2025-09-04","2025-09","Eastern","Facility MF-07","Low","Observation","Escalated","EHS West","1","8229.41","1794.01","90","43.51","Yes","At Risk","SYNTHETIC DEMO DATA — Safety inspections, observations, incidents, corrective actions, risk levels, and compliance scores."
"EHSCOMPLIANCE-00465","2025-09-17","2025-09","Southern","Facility MF-12","Moderate","Inspection","Action Due","Compliance Office","10","6915.28","1175.6","91","45.6","Yes","Controlled","SYNTHETIC DEMO DATA — Safety inspections, observations, incidents, corrective actions, risk levels, and compliance scores."
"EHSCOMPLIANCE-00466","2025-09-30","2025-09","Western","Facility MF-18","High","Corrective Action","Closed","EHS West","7","9642.35","1754.91","92","47.69","Yes","Controlled","SYNTHETIC DEMO DATA — Safety inspections, observations, incidents, corrective actions, risk levels, and compliance scores."
"EHSCOMPLIANCE-00467","2025-10-13","2025-10","Northern","Facility MF-23","Critical","Incident","Closed","Compliance Office","4","6266.18","1215.64","93","49.78","Yes","Controlled","SYNTHETIC DEMO DATA — Safety inspections, observations, incidents, corrective actions, risk levels, and compliance scores."
"EHSCOMPLIANCE-00468","2025-10-26","2025-10","Central","Facility MF-01","Low","Observation","Escalated","EHS West","1","5043.33","1038.93","94","24.7","No","At Risk","SYNTHETIC DEMO DATA — Safety inspections, observations, incidents, corrective actions, risk levels, and compliance scores."
"EHSCOMPLIANCE-00469","2025-11-08","2025-11","Eastern","Facility MF-07","Moderate","Inspection","Action Due","Compliance Office","10","5279.07","1150.84","95","26.79","No","At Risk","SYNTHETIC DEMO DATA — Safety inspections, observations, incidents, corrective actions, risk levels, and compliance scores."
"EHSCOMPLIANCE-00470","2025-11-21","2025-11","Southern","Facility MF-12","High","Corrective Action","Closed","EHS West","7","4502.03","765.35","96","28.88","Yes","Controlled","SYNTHETIC DEMO DATA — Safety inspections, observations, incidents, corrective actions, risk levels, and compliance scores."
"EHSCOMPLIANCE-00471","2025-12-04","2025-12","Western","Facility MF-18","Critical","Incident","Closed","Compliance Office","4","6619.38","1204.73","96","30.97","Yes","Controlled","SYNTHETIC DEMO DATA — Safety inspections, observations, incidents, corrective actions, risk levels, and compliance scores."
"EHSCOMPLIANCE-00472","2025-12-17","2025-12","Northern","Facility MF-23","Low","Observation","Escalated","EHS West","1","5712.48","1108.22","97","33.06","Yes","At Risk","SYNTHETIC DEMO DATA — Safety inspections, observations, incidents, corrective actions, risk levels, and compliance scores."
"EHSCOMPLIANCE-00473","2025-12-30","2025-12","Central","Facility MF-01","Moderate","Inspection","Action Due","Compliance Office","10","7974.71","1642.79","89","35.15","Yes","Controlled","SYNTHETIC DEMO DATA — Safety inspections, observations, incidents, corrective actions, risk levels, and compliance scores."
"EHSCOMPLIANCE-00474","2026-01-12","2026-01","Eastern","Facility MF-07","High","Corrective Action","Closed","EHS West","7","8130.25","1772.39","90","37.24","Yes","Controlled","SYNTHETIC DEMO DATA — Safety inspections, observations, incidents, corrective actions, risk levels, and compliance scores."
"EHSCOMPLIANCE-00475","2026-01-25","2026-01","Southern","Facility MF-12","Critical","Incident","Closed","Compliance Office","4","6813.21","1158.25","90","39.33","Yes","Controlled","SYNTHETIC DEMO DATA — Safety inspections, observations, incidents, corrective actions, risk levels, and compliance scores."
"EHSCOMPLIANCE-00476","2026-02-07","2026-02","Western","Facility MF-18","Low","Observation","Escalated","EHS West","1","9804.91","1784.49","91","41.42","Yes","At Risk","SYNTHETIC DEMO DATA — Safety inspections, observations, incidents, corrective actions, risk levels, and compliance scores."
"EHSCOMPLIANCE-00477","2026-02-20","2026-02","Northern","Facility MF-23","Moderate","Inspection","Action Due","Compliance Office","10","4944.72","959.28","92","43.51","No","At Risk","SYNTHETIC DEMO DATA — Safety inspections, observations, incidents, corrective actions, risk levels, and compliance scores."
"EHSCOMPLIANCE-00478","2026-03-05","2026-03","Central","Facility MF-01","High","Corrective Action","Closed","EHS West","7","7246.7","1492.82","93","45.6","No","At Risk","SYNTHETIC DEMO DATA — Safety inspections, observations, incidents, corrective actions, risk levels, and compliance scores."
"EHSCOMPLIANCE-00479","2026-03-18","2026-03","Eastern","Facility MF-07","Critical","Incident","Closed","Compliance Office","4","7103.27","1548.51","94","47.69","Yes","Controlled","SYNTHETIC DEMO DATA — Safety inspections, observations, incidents, corrective actions, risk levels, and compliance scores."
"EHSCOMPLIANCE-00480","2026-03-31","2026-03","Southern","Facility MF-12","Low","Observation","Escalated","EHS West","1","6132.4","1042.51","95","49.78","Yes","At Risk","SYNTHETIC DEMO DATA — Safety inspections, observations, incidents, corrective actions, risk levels, and compliance scores."
"EHSCOMPLIANCE-00481","2026-04-13","2026-04","Western","Facility MF-18","Moderate","Inspection","Action Due","Compliance Office","10","6463.01","1176.27","96","24.7","Yes","Controlled","SYNTHETIC DEMO DATA — Safety inspections, observations, incidents, corrective actions, risk levels, and compliance scores."
"EHSCOMPLIANCE-00482","2026-04-26","2026-04","Northern","Facility MF-23","High","Corrective Action","Closed","EHS West","7","5558.45","1078.34","96","26.79","Yes","Controlled","SYNTHETIC DEMO DATA — Safety inspections, observations, incidents, corrective actions, risk levels, and compliance scores."
"EHSCOMPLIANCE-00483","2026-05-09","2026-05","Central","Facility MF-01","Critical","Incident","Closed","Compliance Office","4","8081.45","1664.78","97","28.88","Yes","Controlled","SYNTHETIC DEMO DATA — Safety inspections, observations, incidents, corrective actions, risk levels, and compliance scores."
"EHSCOMPLIANCE-00484","2026-05-22","2026-05","Eastern","Facility MF-07","Low","Observation","Escalated","EHS West","1","7784.02","1696.92","89","30.97","Yes","At Risk","SYNTHETIC DEMO DATA — Safety inspections, observations, incidents, corrective actions, risk levels, and compliance scores."
"EHSCOMPLIANCE-00485","2026-06-04","2026-06","Southern","Facility MF-12","Moderate","Inspection","Action Due","Compliance Office","10","6889.67","1171.24","90","33.06","Yes","Controlled","SYNTHETIC DEMO DATA — Safety inspections, observations, incidents, corrective actions, risk levels, and compliance scores."
"EHSCOMPLIANCE-00486","2026-06-17","2026-06","Western","Facility MF-18","High","Corrective Action","Closed","EHS West","7","5569.19","1013.59","90","35.15","No","At Risk","SYNTHETIC DEMO DATA — Safety inspections, observations, incidents, corrective actions, risk levels, and compliance scores."
"EHSCOMPLIANCE-00487","2025-01-06","2025-01","Northern","Facility MF-23","Critical","Incident","Closed","Compliance Office","4","4716.71","915.04","91","37.24","No","At Risk","SYNTHETIC DEMO DATA — Safety inspections, observations, incidents, corrective actions, risk levels, and compliance scores."
"EHSCOMPLIANCE-00488","2025-01-19","2025-01","Central","Facility MF-01","Low","Observation","Escalated","EHS West","1","6550.23","1349.35","92","39.33","Yes","At Risk","SYNTHETIC DEMO DATA — Safety inspections, observations, incidents, corrective actions, risk levels, and compliance scores."
"EHSCOMPLIANCE-00489","2025-02-01","2025-02","Eastern","Facility MF-07","Moderate","Inspection","Action Due","Compliance Office","10","6728.83","1466.88","93","41.42","Yes","Controlled","SYNTHETIC DEMO DATA — Safety inspections, observations, incidents, corrective actions, risk levels, and compliance scores."
"EHSCOMPLIANCE-00490","2025-02-14","2025-02","Southern","Facility MF-12","High","Corrective Action","Closed","EHS West","7","5691.14","967.49","94","43.51","Yes","Controlled","SYNTHETIC DEMO DATA — Safety inspections, observations, incidents, corrective actions, risk levels, and compliance scores."
"EHSCOMPLIANCE-00491","2025-02-27","2025-02","Western","Facility MF-18","Critical","Incident","Closed","Compliance Office","4","7845.38","1427.86","95","45.6","Yes","Controlled","SYNTHETIC DEMO DATA — Safety inspections, observations, incidents, corrective actions, risk levels, and compliance scores."
"EHSCOMPLIANCE-00492","2025-03-12","2025-03","Northern","Facility MF-23","Low","Observation","Escalated","EHS West","1","7063.06","1370.23","96","47.69","Yes","At Risk","SYNTHETIC DEMO DATA — Safety inspections, observations, incidents, corrective actions, risk levels, and compliance scores."
"EHSCOMPLIANCE-00493","2025-03-25","2025-03","Central","Facility MF-01","Moderate","Inspection","Action Due","Compliance Office","10","9638.43","1985.52","96","49.78","Yes","Controlled","SYNTHETIC DEMO DATA — Safety inspections, observations, incidents, corrective actions, risk levels, and compliance scores."
"EHSCOMPLIANCE-00494","2025-04-07","2025-04","Eastern","Facility MF-07","High","Corrective Action","Closed","EHS West","7","7182.77","1565.84","97","24.7","Yes","Controlled","SYNTHETIC DEMO DATA — Safety inspections, observations, incidents, corrective actions, risk levels, and compliance scores."
"EHSCOMPLIANCE-00495","2025-04-20","2025-04","Southern","Facility MF-12","Critical","Incident","Closed","Compliance Office","4","3550.11","603.52","89","26.79","No","At Risk","SYNTHETIC DEMO DATA — Safety inspections, observations, incidents, corrective actions, risk levels, and compliance scores."
"EHSCOMPLIANCE-00496","2025-05-03","2025-05","Western","Facility MF-18","Low","Observation","Escalated","EHS West","1","5287.61","962.35","90","28.88","No","At Risk","SYNTHETIC DEMO DATA — Safety inspections, observations, incidents, corrective actions, risk levels, and compliance scores."
"EHSCOMPLIANCE-00497","2025-05-16","2025-05","Northern","Facility MF-23","Moderate","Inspection","Action Due","Compliance Office","10","4601.07","892.61","90","30.97","Yes","Controlled","SYNTHETIC DEMO DATA — Safety inspections, observations, incidents, corrective actions, risk levels, and compliance scores."
"EHSCOMPLIANCE-00498","2025-05-29","2025-05","Central","Facility MF-01","High","Corrective Action","Closed","EHS West","7","6361.57","1310.48","91","33.06","Yes","Controlled","SYNTHETIC DEMO DATA — Safety inspections, observations, incidents, corrective actions, risk levels, and compliance scores."
"EHSCOMPLIANCE-00499","2025-06-11","2025-06","Eastern","Facility MF-07","Critical","Incident","Closed","Compliance Office","4","6548.09","1427.48","92","35.15","Yes","Controlled","SYNTHETIC DEMO DATA — Safety inspections, observations, incidents, corrective actions, risk levels, and compliance scores."
"EHSCOMPLIANCE-00500","2025-06-24","2025-06","Southern","Facility MF-12","Low","Observation","Escalated","EHS West","1","5519.31","938.28","93","37.24","Yes","At Risk","SYNTHETIC DEMO DATA — Safety inspections, observations, incidents, corrective actions, risk levels, and compliance scores."
"EHSCOMPLIANCE-00501","2025-07-07","2025-07","Western","Facility MF-18","Moderate","Inspection","Action Due","Compliance Office","10","8148.23","1482.98","94","39.33","Yes","Controlled","SYNTHETIC DEMO DATA — Safety inspections, observations, incidents, corrective actions, risk levels, and compliance scores."
"EHSCOMPLIANCE-00502","2025-07-20","2025-07","Northern","Facility MF-23","High","Corrective Action","Closed","EHS West","7","6967.22","1351.64","95","41.42","Yes","Controlled","SYNTHETIC DEMO DATA — Safety inspections, observations, incidents, corrective actions, risk levels, and compliance scores."
"EHSCOMPLIANCE-00503","2025-08-02","2025-08","Central","Facility MF-01","Critical","Incident","Closed","Compliance Office","4","9983.26","2056.55","96","43.51","Yes","Controlled","SYNTHETIC DEMO DATA — Safety inspections, observations, incidents, corrective actions, risk levels, and compliance scores."
"EHSCOMPLIANCE-00504","2025-08-15","2025-08","Eastern","Facility MF-07","Low","Observation","Escalated","EHS West","1","5671.38","1236.36","96","45.6","No","At Risk","SYNTHETIC DEMO DATA — Safety inspections, observations, incidents, corrective actions, risk levels, and compliance scores."
"EHSCOMPLIANCE-00505","2025-08-28","2025-08","Southern","Facility MF-12","Moderate","Inspection","Action Due","Compliance Office","10","4861.08","826.38","97","47.69","No","At Risk","SYNTHETIC DEMO DATA — Safety inspections, observations, incidents, corrective actions, risk levels, and compliance scores."
"EHSCOMPLIANCE-00506","2025-09-10","2025-09","Western","Facility MF-18","High","Corrective Action","Closed","EHS West","7","7118.98","1295.65","89","49.78","Yes","Controlled","SYNTHETIC DEMO DATA — Safety inspections, observations, incidents, corrective actions, risk levels, and compliance scores."
"EHSCOMPLIANCE-00507","2025-09-23","2025-09","Northern","Facility MF-23","Critical","Incident","Closed","Compliance Office","4","6167.46","1196.49","90","24.7","Yes","Controlled","SYNTHETIC DEMO DATA — Safety inspections, observations, incidents, corrective actions, risk levels, and compliance scores."
"EHSCOMPLIANCE-00508","2025-10-06","2025-10","Central","Facility MF-01","Low","Observation","Escalated","EHS West","1","6584.35","1356.38","90","26.79","Yes","At Risk","SYNTHETIC DEMO DATA — Safety inspections, observations, incidents, corrective actions, risk levels, and compliance scores."
"EHSCOMPLIANCE-00509","2025-10-19","2025-10","Eastern","Facility MF-07","Moderate","Inspection","Action Due","Compliance Office","10","6378.96","1390.61","91","28.88","Yes","Controlled","SYNTHETIC DEMO DATA — Safety inspections, observations, incidents, corrective actions, risk levels, and compliance scores."
"EHSCOMPLIANCE-00510","2025-11-01","2025-11","Southern","Facility MF-12","High","Corrective Action","Closed","EHS West","7","5695.34","968.21","92","30.97","Yes","Controlled","SYNTHETIC DEMO DATA — Safety inspections, observations, incidents, corrective actions, risk levels, and compliance scores."
"EHSCOMPLIANCE-00511","2025-11-14","2025-11","Western","Facility MF-18","Critical","Incident","Closed","Compliance Office","4","7805.71","1420.64","93","33.06","Yes","Controlled","SYNTHETIC DEMO DATA — Safety inspections, observations, incidents, corrective actions, risk levels, and compliance scores."
"EHSCOMPLIANCE-00512","2025-11-27","2025-11","Northern","Facility MF-23","Low","Observation","Escalated","EHS West","1","6657.81","1291.62","94","35.15","Yes","At Risk","SYNTHETIC DEMO DATA — Safety inspections, observations, incidents, corrective actions, risk levels, and compliance scores."
"EHSCOMPLIANCE-00513","2025-12-10","2025-12","Central","Facility MF-01","Moderate","Inspection","Action Due","Compliance Office","10","5673.75","1168.79","95","37.24","No","At Risk","SYNTHETIC DEMO DATA — Safety inspections, observations, incidents, corrective actions, risk levels, and compliance scores."
"EHSCOMPLIANCE-00514","2025-12-23","2025-12","Eastern","Facility MF-07","High","Corrective Action","Closed","EHS West","7","5589.61","1218.53","96","39.33","No","At Risk","SYNTHETIC DEMO DATA — Safety inspections, observations, incidents, corrective actions, risk levels, and compliance scores."
"EHSCOMPLIANCE-00515","2026-01-05","2026-01","Southern","Facility MF-12","Critical","Incident","Closed","Compliance Office","4","5117.61","869.99","96","41.42","Yes","Controlled","SYNTHETIC DEMO DATA — Safety inspections, observations, incidents, corrective actions, risk levels, and compliance scores."
"EHSCOMPLIANCE-00516","2026-01-18","2026-01","Western","Facility MF-18","Low","Observation","Escalated","EHS West","1","7106.44","1293.37","97","43.51","Yes","At Risk","SYNTHETIC DEMO DATA — Safety inspections, observations, incidents, corrective actions, risk levels, and compliance scores."
"EHSCOMPLIANCE-00517","2026-01-31","2026-01","Northern","Facility MF-23","Moderate","Inspection","Action Due","Compliance Office","10","6132.82","1189.77","89","45.6","Yes","Controlled","SYNTHETIC DEMO DATA — Safety inspections, observations, incidents, corrective actions, risk levels, and compliance scores."
"EHSCOMPLIANCE-00518","2026-02-13","2026-02","Central","Facility MF-01","High","Corrective Action","Closed","EHS West","7","8860.79","1825.32","90","47.69","Yes","Controlled","SYNTHETIC DEMO DATA — Safety inspections, observations, incidents, corrective actions, risk levels, and compliance scores."
"EHSCOMPLIANCE-00519","2026-02-26","2026-02","Eastern","Facility MF-07","Critical","Incident","Closed","Compliance Office","4","8558.16","1865.68","90","49.78","Yes","Controlled","SYNTHETIC DEMO DATA — Safety inspections, observations, incidents, corrective actions, risk levels, and compliance scores."
"EHSCOMPLIANCE-00520","2026-03-11","2026-03","Southern","Facility MF-12","Low","Observation","Escalated","EHS West","1","7530.39","1280.17","91","24.7","Yes","At Risk","SYNTHETIC DEMO DATA — Safety inspections, observations, incidents, corrective actions, risk levels, and compliance scores."
"EHSCOMPLIANCE-00521","2026-03-24","2026-03","Western","Facility MF-18","Moderate","Inspection","Action Due","Compliance Office","10","10295.15","1873.72","92","26.79","Yes","Controlled","SYNTHETIC DEMO DATA — Safety inspections, observations, incidents, corrective actions, risk levels, and compliance scores."
"EHSCOMPLIANCE-00522","2026-04-06","2026-04","Northern","Facility MF-23","High","Corrective Action","Closed","EHS West","7","4022.19","780.3","93","28.88","No","At Risk","SYNTHETIC DEMO DATA — Safety inspections, observations, incidents, corrective actions, risk levels, and compliance scores."
"EHSCOMPLIANCE-00523","2026-04-19","2026-04","Central","Facility MF-01","Critical","Incident","Closed","Compliance Office","4","5614.01","1156.49","94","30.97","No","At Risk","SYNTHETIC DEMO DATA — Safety inspections, observations, incidents, corrective actions, risk levels, and compliance scores."
"EHSCOMPLIANCE-00524","2026-05-02","2026-05","Eastern","Facility MF-07","Low","Observation","Escalated","EHS West","1","5846.82","1274.61","95","33.06","Yes","At Risk","SYNTHETIC DEMO DATA — Safety inspections, observations, incidents, corrective actions, risk levels, and compliance scores."
"EHSCOMPLIANCE-00525","2026-05-15","2026-05","Southern","Facility MF-12","Moderate","Inspection","Action Due","Compliance Office","10","4964.32","843.93","96","35.15","Yes","Controlled","SYNTHETIC DEMO DATA — Safety inspections, observations, incidents, corrective actions, risk levels, and compliance scores."
"EHSCOMPLIANCE-00526","2026-05-28","2026-05","Western","Facility MF-18","High","Corrective Action","Closed","EHS West","7","6866.95","1249.78","96","37.24","Yes","Controlled","SYNTHETIC DEMO DATA — Safety inspections, observations, incidents, corrective actions, risk levels, and compliance scores."
"EHSCOMPLIANCE-00527","2026-06-10","2026-06","Northern","Facility MF-23","Critical","Incident","Closed","Compliance Office","4","6253.26","1213.13","97","39.33","Yes","Controlled","SYNTHETIC DEMO DATA — Safety inspections, observations, incidents, corrective actions, risk levels, and compliance scores."
"EHSCOMPLIANCE-00528","2026-06-23","2026-06","Central","Facility MF-01","Low","Observation","Escalated","EHS West","1","8556.83","1762.71","89","41.42","Yes","At Risk","SYNTHETIC DEMO DATA — Safety inspections, observations, incidents, corrective actions, risk levels, and compliance scores."
"EHSCOMPLIANCE-00529","2025-01-12","2025-01","Eastern","Facility MF-07","Moderate","Inspection","Action Due","Compliance Office","10","7981.46","1739.96","90","43.51","Yes","Controlled","SYNTHETIC DEMO DATA — Safety inspections, observations, incidents, corrective actions, risk levels, and compliance scores."
"EHSCOMPLIANCE-00530","2025-01-25","2025-01","Southern","Facility MF-12","High","Corrective Action","Closed","EHS West","7","6671.95","1134.23","90","45.6","Yes","Controlled","SYNTHETIC DEMO DATA — Safety inspections, observations, incidents, corrective actions, risk levels, and compliance scores."
"EHSCOMPLIANCE-00531","2025-02-07","2025-02","Western","Facility MF-18","Critical","Incident","Closed","Compliance Office","4","5677.06","1033.22","91","47.69","No","At Risk","SYNTHETIC DEMO DATA — Safety inspections, observations, incidents, corrective actions, risk levels, and compliance scores."
"EHSCOMPLIANCE-00532","2025-02-20","2025-02","Northern","Facility MF-23","Low","Observation","Escalated","EHS West","1","4964.96","963.2","92","49.78","No","At Risk","SYNTHETIC DEMO DATA — Safety inspections, observations, incidents, corrective actions, risk levels, and compliance scores."
"EHSCOMPLIANCE-00533","2025-03-05","2025-03","Central","Facility MF-01","Moderate","Inspection","Action Due","Compliance Office","10","7239.72","1491.38","93","24.7","Yes","Controlled","SYNTHETIC DEMO DATA — Safety inspections, observations, incidents, corrective actions, risk levels, and compliance scores."
"EHSCOMPLIANCE-00534","2025-03-18","2025-03","Eastern","Facility MF-07","High","Corrective Action","Closed","EHS West","7","7065.27","1540.23","94","26.79","Yes","Controlled","SYNTHETIC DEMO DATA — Safety inspections, observations, incidents, corrective actions, risk levels, and compliance scores."
"EHSCOMPLIANCE-00535","2025-03-31","2025-03","Southern","Facility MF-12","Critical","Incident","Closed","Compliance Office","4","5975.69","1015.87","95","28.88","Yes","Controlled","SYNTHETIC DEMO DATA — Safety inspections, observations, incidents, corrective actions, risk levels, and compliance scores."
"EHSCOMPLIANCE-00536","2025-04-13","2025-04","Western","Facility MF-18","Low","Observation","Escalated","EHS West","1","6389.27","1162.85","96","30.97","Yes","At Risk","SYNTHETIC DEMO DATA — Safety inspections, observations, incidents, corrective actions, risk levels, and compliance scores."
"EHSCOMPLIANCE-00537","2025-04-26","2025-04","Northern","Facility MF-23","Moderate","Inspection","Action Due","Compliance Office","10","5478.24","1062.78","96","33.06","Yes","Controlled","SYNTHETIC DEMO DATA — Safety inspections, observations, incidents, corrective actions, risk levels, and compliance scores."
"EHSCOMPLIANCE-00538","2025-05-09","2025-05","Central","Facility MF-01","High","Corrective Action","Closed","EHS West","7","7942.98","1636.25","97","35.15","Yes","Controlled","SYNTHETIC DEMO DATA — Safety inspections, observations, incidents, corrective actions, risk levels, and compliance scores."
"EHSCOMPLIANCE-00539","2025-05-22","2025-05","Eastern","Facility MF-07","Critical","Incident","Closed","Compliance Office","4","7631.7","1663.71","89","37.24","Yes","Controlled","SYNTHETIC DEMO DATA — Safety inspections, observations, incidents, corrective actions, risk levels, and compliance scores."
"EHSCOMPLIANCE-00540","2025-06-04","2025-06","Southern","Facility MF-12","Low","Observation","Escalated","EHS West","1","3993.87","678.96","90","39.33","No","At Risk","SYNTHETIC DEMO DATA — Safety inspections, observations, incidents, corrective actions, risk levels, and compliance scores."
"EHSCOMPLIANCE-00541","2025-06-17","2025-06","Western","Facility MF-18","Moderate","Inspection","Action Due","Compliance Office","10","5598.64","1018.95","90","41.42","No","At Risk","SYNTHETIC DEMO DATA — Safety inspections, observations, incidents, corrective actions, risk levels, and compliance scores."
"EHSCOMPLIANCE-00542","2025-06-30","2025-06","Northern","Facility MF-23","High","Corrective Action","Closed","EHS West","7","4957.86","961.82","91","43.51","Yes","Controlled","SYNTHETIC DEMO DATA — Safety inspections, observations, incidents, corrective actions, risk levels, and compliance scores."
"EHSCOMPLIANCE-00543","2025-07-13","2025-07","Central","Facility MF-01","Critical","Incident","Closed","Compliance Office","4","7235.71","1490.56","92","45.6","Yes","Controlled","SYNTHETIC DEMO DATA — Safety inspections, observations, incidents, corrective actions, risk levels, and compliance scores."
"EHSCOMPLIANCE-00544","2025-07-26","2025-07","Eastern","Facility MF-07","Low","Observation","Escalated","EHS West","1","7034.09","1533.43","93","47.69","Yes","At Risk","SYNTHETIC DEMO DATA — Safety inspections, observations, incidents, corrective actions, risk levels, and compliance scores."
"EHSCOMPLIANCE-00545","2025-08-08","2025-08","Southern","Facility MF-12","Moderate","Inspection","Action Due","Compliance Office","10","6241","1060.97","94","49.78","Yes","Controlled","SYNTHETIC DEMO DATA — Safety inspections, observations, incidents, corrective actions, risk levels, and compliance scores."
"EHSCOMPLIANCE-00546","2025-08-21","2025-08","Western","Facility MF-18","High","Corrective Action","Closed","EHS West","7","8577.09","1561.03","95","24.7","Yes","Controlled","SYNTHETIC DEMO DATA — Safety inspections, observations, incidents, corrective actions, risk levels, and compliance scores."
"EHSCOMPLIANCE-00547","2025-09-03","2025-09","Northern","Facility MF-23","Critical","Incident","Closed","Compliance Office","4","7700.61","1493.92","96","26.79","Yes","Controlled","SYNTHETIC DEMO DATA — Safety inspections, observations, incidents, corrective actions, risk levels, and compliance scores."
"EHSCOMPLIANCE-00548","2025-09-16","2025-09","Central","Facility MF-01","Low","Observation","Escalated","EHS West","1","10482.42","2159.38","96","28.88","Yes","At Risk","SYNTHETIC DEMO DATA — Safety inspections, observations, incidents, corrective actions, risk levels, and compliance scores."
"EHSCOMPLIANCE-00549","2025-09-29","2025-09","Eastern","Facility MF-07","Moderate","Inspection","Action Due","Compliance Office","10","6058.41","1320.73","97","30.97","No","At Risk","SYNTHETIC DEMO DATA — Safety inspections, observations, incidents, corrective actions, risk levels, and compliance scores."
"EHSCOMPLIANCE-00550","2025-10-12","2025-10","Southern","Facility MF-12","High","Corrective Action","Closed","EHS West","7","3956.43","672.59","89","33.06","No","At Risk","SYNTHETIC DEMO DATA — Safety inspections, observations, incidents, corrective actions, risk levels, and compliance scores."
"EHSCOMPLIANCE-00551","2025-10-25","2025-10","Western","Facility MF-18","Critical","Incident","Closed","Compliance Office","4","5518.22","1004.32","90","35.15","Yes","Controlled","SYNTHETIC DEMO DATA — Safety inspections, observations, incidents, corrective actions, risk levels, and compliance scores."
"EHSCOMPLIANCE-00552","2025-11-07","2025-11","Northern","Facility MF-23","Low","Observation","Escalated","EHS West","1","5079.45","985.41","90","37.24","Yes","At Risk","SYNTHETIC DEMO DATA — Safety inspections, observations, incidents, corrective actions, risk levels, and compliance scores."
"EHSCOMPLIANCE-00553","2025-11-20","2025-11","Central","Facility MF-01","Moderate","Inspection","Action Due","Compliance Office","10","6995.88","1441.15","91","39.33","Yes","Controlled","SYNTHETIC DEMO DATA — Safety inspections, observations, incidents, corrective actions, risk levels, and compliance scores."
"EHSCOMPLIANCE-00554","2025-12-03","2025-12","Eastern","Facility MF-07","High","Corrective Action","Closed","EHS West","7","7176.33","1564.44","92","41.42","Yes","Controlled","SYNTHETIC DEMO DATA — Safety inspections, observations, incidents, corrective actions, risk levels, and compliance scores."
"EHSCOMPLIANCE-00555","2025-12-16","2025-12","Southern","Facility MF-12","Critical","Incident","Closed","Compliance Office","4","6030.36","1025.16","93","43.51","Yes","Controlled","SYNTHETIC DEMO DATA — Safety inspections, observations, incidents, corrective actions, risk levels, and compliance scores."
"EHSCOMPLIANCE-00556","2025-12-29","2025-12","Western","Facility MF-18","Low","Observation","Escalated","EHS West","1","8406.02","1529.9","94","45.6","Yes","At Risk","SYNTHETIC DEMO DATA — Safety inspections, observations, incidents, corrective actions, risk levels, and compliance scores."
"EHSCOMPLIANCE-00557","2026-01-11","2026-01","Northern","Facility MF-23","Moderate","Inspection","Action Due","Compliance Office","10","7568.16","1468.22","95","47.69","Yes","Controlled","SYNTHETIC DEMO DATA — Safety inspections, observations, incidents, corrective actions, risk levels, and compliance scores."
"EHSCOMPLIANCE-00558","2026-01-24","2026-01","Central","Facility MF-01","High","Corrective Action","Closed","EHS West","7","6091.24","1254.8","96","49.78","No","At Risk","SYNTHETIC DEMO DATA — Safety inspections, observations, incidents, corrective actions, risk levels, and compliance scores."
"EHSCOMPLIANCE-00559","2026-02-06","2026-02","Eastern","Facility MF-07","Critical","Incident","Closed","Compliance Office","4","6316.74","1377.05","96","24.7","No","At Risk","SYNTHETIC DEMO DATA — Safety inspections, observations, incidents, corrective actions, risk levels, and compliance scores."
"EHSCOMPLIANCE-00560","2026-02-19","2026-02","Southern","Facility MF-12","Low","Observation","Escalated","EHS West","1","5386.96","915.78","97","26.79","Yes","At Risk","SYNTHETIC DEMO DATA — Safety inspections, observations, incidents, corrective actions, risk levels, and compliance scores."
"EHSCOMPLIANCE-00561","2026-03-04","2026-03","Western","Facility MF-18","Moderate","Inspection","Action Due","Compliance Office","10","7854.49","1429.52","89","28.88","Yes","Controlled","SYNTHETIC DEMO DATA — Safety inspections, observations, incidents, corrective actions, risk levels, and compliance scores."
"EHSCOMPLIANCE-00562","2026-03-17","2026-03","Northern","Facility MF-23","High","Corrective Action","Closed","EHS West","7","6778.38","1315.01","90","30.97","Yes","Controlled","SYNTHETIC DEMO DATA — Safety inspections, observations, incidents, corrective actions, risk levels, and compliance scores."
"EHSCOMPLIANCE-00563","2026-03-30","2026-03","Central","Facility MF-01","Critical","Incident","Closed","Compliance Office","4","9460.05","1948.77","90","33.06","Yes","Controlled","SYNTHETIC DEMO DATA — Safety inspections, observations, incidents, corrective actions, risk levels, and compliance scores."
"EHSCOMPLIANCE-00564","2026-04-12","2026-04","Eastern","Facility MF-07","Low","Observation","Escalated","EHS West","1","6961.49","1517.6","91","35.15","Yes","At Risk","SYNTHETIC DEMO DATA — Safety inspections, observations, incidents, corrective actions, risk levels, and compliance scores."
"EHSCOMPLIANCE-00565","2026-04-25","2026-04","Southern","Facility MF-12","Moderate","Inspection","Action Due","Compliance Office","10","5833.78","991.74","92","37.24","Yes","Controlled","SYNTHETIC DEMO DATA — Safety inspections, observations, incidents, corrective actions, risk levels, and compliance scores."
"EHSCOMPLIANCE-00566","2026-05-08","2026-05","Western","Facility MF-18","High","Corrective Action","Closed","EHS West","7","8474.11","1542.29","93","39.33","Yes","Controlled","SYNTHETIC DEMO DATA — Safety inspections, observations, incidents, corrective actions, risk levels, and compliance scores."
"EHSCOMPLIANCE-00567","2026-05-21","2026-05","Northern","Facility MF-23","Critical","Incident","Closed","Compliance Office","4","4273.58","829.07","94","41.42","No","At Risk","SYNTHETIC DEMO DATA — Safety inspections, observations, incidents, corrective actions, risk levels, and compliance scores."
"EHSCOMPLIANCE-00568","2026-06-03","2026-06","Central","Facility MF-01","Low","Observation","Escalated","EHS West","1","6315.76","1301.05","95","43.51","No","At Risk","SYNTHETIC DEMO DATA — Safety inspections, observations, incidents, corrective actions, risk levels, and compliance scores."
"EHSCOMPLIANCE-00569","2026-06-16","2026-06","Eastern","Facility MF-07","Moderate","Inspection","Action Due","Compliance Office","10","6190.75","1349.58","96","45.6","Yes","Controlled","SYNTHETIC DEMO DATA — Safety inspections, observations, incidents, corrective actions, risk levels, and compliance scores."
"EHSCOMPLIANCE-00570","2025-01-05","2025-01","Southern","Facility MF-12","High","Corrective Action","Closed","EHS West","7","5090.24","865.34","96","47.69","Yes","Controlled","SYNTHETIC DEMO DATA — Safety inspections, observations, incidents, corrective actions, risk levels, and compliance scores."
"EHSCOMPLIANCE-00571","2025-01-18","2025-01","Western","Facility MF-18","Critical","Incident","Closed","Compliance Office","4","7041.13","1281.49","97","49.78","Yes","Controlled","SYNTHETIC DEMO DATA — Safety inspections, observations, incidents, corrective actions, risk levels, and compliance scores."
"EHSCOMPLIANCE-00572","2025-01-31","2025-01","Northern","Facility MF-23","Low","Observation","Escalated","EHS West","1","6055.65","1174.8","89","24.7","Yes","At Risk","SYNTHETIC DEMO DATA — Safety inspections, observations, incidents, corrective actions, risk levels, and compliance scores."
"EHSCOMPLIANCE-00573","2025-02-13","2025-02","Central","Facility MF-01","Moderate","Inspection","Action Due","Compliance Office","10","8722.56","1796.85","90","26.79","Yes","Controlled","SYNTHETIC DEMO DATA — Safety inspections, observations, incidents, corrective actions, risk levels, and compliance scores."
"EHSCOMPLIANCE-00574","2025-02-26","2025-02","Eastern","Facility MF-07","High","Corrective Action","Closed","EHS West","7","8401.54","1831.54","90","28.88","Yes","Controlled","SYNTHETIC DEMO DATA — Safety inspections, observations, incidents, corrective actions, risk levels, and compliance scores."
"EHSCOMPLIANCE-00575","2025-03-11","2025-03","Southern","Facility MF-12","Critical","Incident","Closed","Compliance Office","4","7374.26","1253.62","91","30.97","Yes","Controlled","SYNTHETIC DEMO DATA — Safety inspections, observations, incidents, corrective actions, risk levels, and compliance scores."
"EHSCOMPLIANCE-00576","2025-03-24","2025-03","Western","Facility MF-18","Low","Observation","Escalated","EHS West","1","5960.91","1084.89","92","33.06","No","At Risk","SYNTHETIC DEMO DATA — Safety inspections, observations, incidents, corrective actions, risk levels, and compliance scores."
"EHSCOMPLIANCE-00577","2025-04-06","2025-04","Northern","Facility MF-23","Moderate","Inspection","Action Due","Compliance Office","10","4043.46","784.43","93","35.15","No","At Risk","SYNTHETIC DEMO DATA — Safety inspections, observations, incidents, corrective actions, risk levels, and compliance scores."
"EHSCOMPLIANCE-00578","2025-04-19","2025-04","Central","Facility MF-01","High","Corrective Action","Closed","EHS West","7","5615.27","1156.75","94","37.24","Yes","Controlled","SYNTHETIC DEMO DATA — Safety inspections, observations, incidents, corrective actions, risk levels, and compliance scores."
"EHSCOMPLIANCE-00579","2025-05-02","2025-05","Eastern","Facility MF-07","Critical","Incident","Closed","Compliance Office","4","5822.46","1269.3","95","39.33","Yes","Controlled","SYNTHETIC DEMO DATA — Safety inspections, observations, incidents, corrective actions, risk levels, and compliance scores."
"EHSCOMPLIANCE-00580","2025-05-15","2025-05","Southern","Facility MF-12","Low","Observation","Escalated","EHS West","1","4924.54","837.17","96","41.42","Yes","At Risk","SYNTHETIC DEMO DATA — Safety inspections, observations, incidents, corrective actions, risk levels, and compliance scores."
"EHSCOMPLIANCE-00581","2025-05-28","2025-05","Western","Facility MF-18","Moderate","Inspection","Action Due","Compliance Office","10","6788.6","1235.53","96","43.51","Yes","Controlled","SYNTHETIC DEMO DATA — Safety inspections, observations, incidents, corrective actions, risk levels, and compliance scores."
"EHSCOMPLIANCE-00582","2025-06-10","2025-06","Northern","Facility MF-23","High","Corrective Action","Closed","EHS West","7","6163.02","1195.63","97","45.6","Yes","Controlled","SYNTHETIC DEMO DATA — Safety inspections, observations, incidents, corrective actions, risk levels, and compliance scores."
"EHSCOMPLIANCE-00583","2025-06-23","2025-06","Central","Facility MF-01","Critical","Incident","Closed","Compliance Office","4","8410.22","1732.51","89","47.69","Yes","Controlled","SYNTHETIC DEMO DATA — Safety inspections, observations, incidents, corrective actions, risk levels, and compliance scores."
"EHSCOMPLIANCE-00584","2025-07-06","2025-07","Eastern","Facility MF-07","Low","Observation","Escalated","EHS West","1","8680.36","1892.32","90","49.78","Yes","At Risk","SYNTHETIC DEMO DATA — Safety inspections, observations, incidents, corrective actions, risk levels, and compliance scores."
"EHSCOMPLIANCE-00585","2025-07-19","2025-07","Southern","Facility MF-12","Moderate","Inspection","Action Due","Compliance Office","10","4290.29","729.35","90","24.7","No","At Risk","SYNTHETIC DEMO DATA — Safety inspections, observations, incidents, corrective actions, risk levels, and compliance scores."
"EHSCOMPLIANCE-00586","2025-08-01","2025-08","Western","Facility MF-18","High","Corrective Action","Closed","EHS West","7","6330.71","1152.19","91","26.79","No","At Risk","SYNTHETIC DEMO DATA — Safety inspections, observations, incidents, corrective actions, risk levels, and compliance scores."
"EHSCOMPLIANCE-00587","2025-08-14","2025-08","Northern","Facility MF-23","Critical","Incident","Closed","Compliance Office","4","5508.74","1068.7","92","28.88","Yes","Controlled","SYNTHETIC DEMO DATA — Safety inspections, observations, incidents, corrective actions, risk levels, and compliance scores."
"EHSCOMPLIANCE-00588","2025-08-27","2025-08","Central","Facility MF-01","Low","Observation","Escalated","EHS West","1","7616.54","1569.01","93","30.97","Yes","At Risk","SYNTHETIC DEMO DATA — Safety inspections, observations, incidents, corrective actions, risk levels, and compliance scores."
"EHSCOMPLIANCE-00589","2025-09-09","2025-09","Eastern","Facility MF-07","Moderate","Inspection","Action Due","Compliance Office","10","7774.52","1694.85","94","33.06","Yes","Controlled","SYNTHETIC DEMO DATA — Safety inspections, observations, incidents, corrective actions, risk levels, and compliance scores."
"EHSCOMPLIANCE-00590","2025-09-22","2025-09","Southern","Facility MF-12","High","Corrective Action","Closed","EHS West","7","6553.05","1114.02","95","35.15","Yes","Controlled","SYNTHETIC DEMO DATA — Safety inspections, observations, incidents, corrective actions, risk levels, and compliance scores."
"EHSCOMPLIANCE-00591","2025-10-05","2025-10","Western","Facility MF-18","Critical","Incident","Closed","Compliance Office","4","6980.89","1270.52","96","37.24","Yes","Controlled","SYNTHETIC DEMO DATA — Safety inspections, observations, incidents, corrective actions, risk levels, and compliance scores."
"EHSCOMPLIANCE-00592","2025-10-18","2025-10","Northern","Facility MF-23","Low","Observation","Escalated","EHS West","1","5969.07","1158","96","39.33","Yes","At Risk","SYNTHETIC DEMO DATA — Safety inspections, observations, incidents, corrective actions, risk levels, and compliance scores."
"EHSCOMPLIANCE-00593","2025-10-31","2025-10","Central","Facility MF-01","Moderate","Inspection","Action Due","Compliance Office","10","8125.37","1673.83","97","41.42","Yes","Controlled","SYNTHETIC DEMO DATA — Safety inspections, observations, incidents, corrective actions, risk levels, and compliance scores."
"EHSCOMPLIANCE-00594","2025-11-13","2025-11","Eastern","Facility MF-07","High","Corrective Action","Closed","EHS West","7","4904.43","1069.17","89","43.51","No","At Risk","SYNTHETIC DEMO DATA — Safety inspections, observations, incidents, corrective actions, risk levels, and compliance scores."
"EHSCOMPLIANCE-00595","2025-11-26","2025-11","Southern","Facility MF-12","Critical","Incident","Closed","Compliance Office","4","4203.71","714.63","90","45.6","No","At Risk","SYNTHETIC DEMO DATA — Safety inspections, observations, incidents, corrective actions, risk levels, and compliance scores."
"EHSCOMPLIANCE-00596","2025-12-09","2025-12","Western","Facility MF-18","Low","Observation","Escalated","EHS West","1","6208","1129.86","90","47.69","Yes","At Risk","SYNTHETIC DEMO DATA — Safety inspections, observations, incidents, corrective actions, risk levels, and compliance scores."
"EHSCOMPLIANCE-00597","2025-12-22","2025-12","Northern","Facility MF-23","Moderate","Inspection","Action Due","Compliance Office","10","5378.24","1043.38","91","49.78","Yes","Controlled","SYNTHETIC DEMO DATA — Safety inspections, observations, incidents, corrective actions, risk levels, and compliance scores."
"EHSCOMPLIANCE-00598","2026-01-04","2026-01","Central","Facility MF-01","High","Corrective Action","Closed","EHS West","7","7952.45","1638.2","92","24.7","Yes","Controlled","SYNTHETIC DEMO DATA — Safety inspections, observations, incidents, corrective actions, risk levels, and compliance scores."
"EHSCOMPLIANCE-00599","2026-01-17","2026-01","Eastern","Facility MF-07","Critical","Incident","Closed","Compliance Office","4","7704.38","1679.55","93","26.79","Yes","Controlled","SYNTHETIC DEMO DATA — Safety inspections, observations, incidents, corrective actions, risk levels, and compliance scores."
"EHSCOMPLIANCE-00600","2026-01-30","2026-01","Southern","Facility MF-12","Low","Observation","Escalated","EHS West","1","6474.09","1100.6","94","28.88","Yes","At Risk","SYNTHETIC DEMO DATA — Safety inspections, observations, incidents, corrective actions, risk levels, and compliance scores."
"EHSCOMPLIANCE-00040","2025-05-15","2025-05","Southern","Facility MF-12","Low","Observation","Escalated","EHS West","1","4924.54","837.17","95","26.79","Yes","At Risk","SYNTHETIC DEMO DATA — Safety inspections, observations, incidents, corrective actions, risk levels, and compliance scores."
"EHSCOMPLIANCE-00220","2025-11-11","2025-11","Southern","Facility MF-12","Low","Observation","Escalated","EHS West","1","5098.69","866.78","89","49.78","Yes","At Risk","SYNTHETIC DEMO DATA — Safety inspections, observations, incidents, corrective actions, risk levels, and compliance scores."
"EHSCOMPLIANCE-00420","2025-08-03","2025-08","Southern","Facility MF-12","Low","Observation","Escalated","EHS West","1","6585.98","1119.62","90","33.06","Yes","At Risk","SYNTHETIC DEMO DATA — Safety inspections, observations, incidents, corrective actions, risk levels, and compliance scores."
