"raw_record_id","event_date","period","region_name","location","category","subcategory","status","owner_group","quantity","metric_value","metric_cost","score","cycle_hours","sla_met","risk_flag","notes"
"SALESCOMMERCIAL-00001","2025-07-09","2025-07","Northern","Tabuk Cluster","Home & Living","Premium","In Progress","Key Accounts","10","1107.1","777.18","75","12.69","No","At Risk","SYNTHETIC DEMO DATA — Revenue, profitability, product/category performance, regional performance, targets versus actuals, and customer segmentation."
"SALESCOMMERCIAL-00002","2025-07-22","2025-07","Central","Abha Cluster","Grocery","Seasonal","Completed","Commercial Central","7","1537.46","1097.75","75","13.68","Yes","Controlled","SYNTHETIC DEMO DATA — Revenue, profitability, product/category performance, regional performance, targets versus actuals, and customer segmentation."
"SALESCOMMERCIAL-00003","2025-08-04","2025-08","Eastern","Riyadh Metro","Apparel","Value","Completed","Key Accounts","4","1579.38","1146.63","76","14.67","Yes","Controlled","SYNTHETIC DEMO DATA — Revenue, profitability, product/category performance, regional performance, targets versus actuals, and customer segmentation."
"SALESCOMMERCIAL-00004","2025-08-17","2025-08","Southern","Jeddah Coast","Electronics","Core","Returned","Commercial Central","1","1335.82","985.84","77","15.66","Yes","At Risk","SYNTHETIC DEMO DATA — Revenue, profitability, product/category performance, regional performance, targets versus actuals, and customer segmentation."
"SALESCOMMERCIAL-00005","2025-08-30","2025-08","Western","Dammam Hub","Home & Living","Premium","In Progress","Key Accounts","10","1841.46","1270.61","78","16.65","Yes","Controlled","SYNTHETIC DEMO DATA — Revenue, profitability, product/category performance, regional performance, targets versus actuals, and customer segmentation."
"SALESCOMMERCIAL-00006","2025-09-12","2025-09","Northern","Tabuk Cluster","Grocery","Seasonal","Completed","Commercial Central","7","1657.83","1163.8","79","17.64","Yes","Controlled","SYNTHETIC DEMO DATA — Revenue, profitability, product/category performance, regional performance, targets versus actuals, and customer segmentation."
"SALESCOMMERCIAL-00007","2025-09-25","2025-09","Central","Abha Cluster","Apparel","Value","Completed","Key Accounts","4","2262.32","1615.3","80","18.63","Yes","Controlled","SYNTHETIC DEMO DATA — Revenue, profitability, product/category performance, regional performance, targets versus actuals, and customer segmentation."
"SALESCOMMERCIAL-00008","2025-10-08","2025-10","Eastern","Riyadh Metro","Electronics","Core","Returned","Commercial Central","1","1684.9","1223.24","81","19.62","Yes","At Risk","SYNTHETIC DEMO DATA — Revenue, profitability, product/category performance, regional performance, targets versus actuals, and customer segmentation."
"SALESCOMMERCIAL-00009","2025-10-21","2025-10","Southern","Jeddah Coast","Home & Living","Premium","In Progress","Key Accounts","10","832.76","614.58","81","20.61","No","At Risk","SYNTHETIC DEMO DATA — Revenue, profitability, product/category performance, regional performance, targets versus actuals, and customer segmentation."
"SALESCOMMERCIAL-00010","2025-11-03","2025-11","Western","Dammam Hub","Grocery","Seasonal","Completed","Commercial Central","7","1240.34","855.83","82","21.6","No","At Risk","SYNTHETIC DEMO DATA — Revenue, profitability, product/category performance, regional performance, targets versus actuals, and customer segmentation."
"SALESCOMMERCIAL-00011","2025-11-16","2025-11",,"Tabuk Cluster","Apparel","Value","Completed","Key Accounts","4","1079.29","757.66","74","22.59","Yes","Controlled","SYNTHETIC DEMO DATA — Revenue, profitability, product/category performance, regional performance, targets versus actuals, and customer segmentation."
"SALESCOMMERCIAL-00012","2025-11-29","2025-11","Central","Abha Cluster","Electronics","Core","Returned","Commercial Central","1","1492.26","1065.47","75","23.58","Yes","At Risk","SYNTHETIC DEMO DATA — Revenue, profitability, product/category performance, regional performance, targets versus actuals, and customer segmentation."
"SALESCOMMERCIAL-00013","2025-12-12","2025-12","Eastern","Riyadh Metro","Home & Living","Premium","In Progress","Key Accounts","10","1536.01","1115.14","75","11.7","Yes","Controlled","SYNTHETIC DEMO DATA — Revenue, profitability, product/category performance, regional performance, targets versus actuals, and customer segmentation."
"SALESCOMMERCIAL-00014","2025-12-25","2025-12","Southern","Jeddah Coast","Grocery","Seasonal","Completed","Commercial Central","7","1294.69","955.48","76","12.69","Yes","Controlled","SYNTHETIC DEMO DATA — Revenue, profitability, product/category performance, regional performance, targets versus actuals, and customer segmentation."
"SALESCOMMERCIAL-00015","2026-01-07","2026-01","Western","Dammam Hub","Apparel","Value","Completed","Key Accounts","4","1910.23","1318.06","77","13.68","Yes","Controlled","SYNTHETIC DEMO DATA — Revenue, profitability, product/category performance, regional performance, targets versus actuals, and customer segmentation."
"SALESCOMMERCIAL-00016","2026-01-20","2026-01","Northern","Tabuk Cluster","Electronics","Core","Returned","Commercial Central","1","1633.36","1146.62","78","14.67","Yes","At Risk","SYNTHETIC DEMO DATA — Revenue, profitability, product/category performance, regional performance, targets versus actuals, and customer segmentation."
"SALESCOMMERCIAL-00017","2026-02-02","2026-02","Central","Abha Cluster","Home & Living","Premium","In Progress","Key Accounts","10","2340.43","1671.07","79","15.66","Yes","Controlled","SYNTHETIC DEMO DATA — Revenue, profitability, product/category performance, regional performance, targets versus actuals, and customer segmentation."
"SALESCOMMERCIAL-00018","2026-02-15","2026-02","Eastern","Riyadh Metro","Grocery","Seasonal","Completed","Commercial Central","7","1329.57","965.27","80","16.65","No","At Risk","SYNTHETIC DEMO DATA — Revenue, profitability, product/category performance, regional performance, targets versus actuals, and customer segmentation."
"SALESCOMMERCIAL-00019","2026-02-28","2026-02","Southern","Jeddah Coast","Apparel","Value","Completed","Key Accounts","4","1139.61","841.03","81","17.64","No","At Risk","SYNTHETIC DEMO DATA — Revenue, profitability, product/category performance, regional performance, targets versus actuals, and customer segmentation."
"SALESCOMMERCIAL-00020","2026-03-13","2026-03","Western","Dammam Hub","Electronics","Core","Returned","Commercial Central","1","1668.94","1151.57","81","18.63","Yes","At Risk","SYNTHETIC DEMO DATA — Revenue, profitability, product/category performance, regional performance, targets versus actuals, and customer segmentation."
"SALESCOMMERCIAL-00021","2026-03-26","2026-03","Northern","Tabuk Cluster","Home & Living","Premium","In Progress","Key Accounts","10","1445.87","1015","82","19.62","Yes","Controlled","SYNTHETIC DEMO DATA — Revenue, profitability, product/category performance, regional performance, targets versus actuals, and customer segmentation."
"SALESCOMMERCIAL-00022","2026-04-08","2026-04","Central","Abha Cluster","Grocery","Seasonal","Completed","Commercial Central","7","1542.72","1101.5","74","20.61","Yes","Controlled","SYNTHETIC DEMO DATA — Revenue, profitability, product/category performance, regional performance, targets versus actuals, and customer segmentation."
"SALESCOMMERCIAL-00023","2026-04-21","2026-04","Eastern","Riyadh Metro","Apparel","Value","Completed","Key Accounts","4","1494.6","1085.08","75","21.6","Yes","Controlled","SYNTHETIC DEMO DATA — Revenue, profitability, product/category performance, regional performance, targets versus actuals, and customer segmentation."
"SALESCOMMERCIAL-00024","2026-05-04","2026-05","Southern","Jeddah Coast","Electronics","Core","Returned","Commercial Central","1","1334.42","984.8","75","22.59","Yes","At Risk","SYNTHETIC DEMO DATA — Revenue, profitability, product/category performance, regional performance, targets versus actuals, and customer segmentation."
"SALESCOMMERCIAL-00025","2026-05-17","2026-05","Western","Dammam Hub","Home & Living","Premium","In Progress","Key Accounts","10","1828.89","1261.93","76","23.58","Yes","Controlled","SYNTHETIC DEMO DATA — Revenue, profitability, product/category performance, regional performance, targets versus actuals, and customer segmentation."
"SALESCOMMERCIAL-00026","2026-05-30","2026-05","Northern","Tabuk Cluster","Grocery","Seasonal","Completed","Commercial Central","7","1559.93","1095.07","77","11.7","Yes","Controlled","SYNTHETIC DEMO DATA — Revenue, profitability, product/category performance, regional performance, targets versus actuals, and customer segmentation."
"SALESCOMMERCIAL-00027","2026-06-12","2026-06","Central","Abha Cluster","Apparel","Value","Completed","Key Accounts","4","1329.36","949.16","78","12.69","No","At Risk","SYNTHETIC DEMO DATA — Revenue, profitability, product/category performance, regional performance, targets versus actuals, and customer segmentation."
"SALESCOMMERCIAL-00028","2025-01-01","2025-01","Eastern","Riyadh Metro","Electronics","Core","Returned","Commercial Central","1","1268.26","920.76","79","13.68","No","At Risk","SYNTHETIC DEMO DATA — Revenue, profitability, product/category performance, regional performance, targets versus actuals, and customer segmentation."
"SALESCOMMERCIAL-00029","2025-01-14","2025-01","Southern","Jeddah Coast","Home & Living","Premium","In Progress","Key Accounts","10","1081.59","798.21","80","14.67","Yes","Controlled","SYNTHETIC DEMO DATA — Revenue, profitability, product/category performance, regional performance, targets versus actuals, and customer segmentation."
"SALESCOMMERCIAL-00030","2025-01-27","2025-01","Western","Dammam Hub","Grocery","Seasonal","Completed","Commercial Central","7","1501.92","1036.32","81","15.66","Yes","Controlled","SYNTHETIC DEMO DATA — Revenue, profitability, product/category performance, regional performance, targets versus actuals, and customer segmentation."
"SALESCOMMERCIAL-00031","2025-02-09","2025-02","Northern","Tabuk Cluster","Apparel","Value","Completed","Key Accounts","4","1364.36","957.78","81","16.65","Yes","Controlled","SYNTHETIC DEMO DATA — Revenue, profitability, product/category performance, regional performance, targets versus actuals, and customer segmentation."
"SALESCOMMERCIAL-00032","2025-02-22","2025-02","Central","Abha Cluster","Electronics","Core","Returned","Commercial Central","1","1872.69","1337.1","82","17.64","Yes","At Risk","SYNTHETIC DEMO DATA — Revenue, profitability, product/category performance, regional performance, targets versus actuals, and customer segmentation."
"SALESCOMMERCIAL-00033","2025-03-07","2025-03","Eastern","Riyadh Metro","Home & Living","Premium","In Progress","Key Accounts","10","1899.17","1378.8","74","18.63","Yes","Controlled","SYNTHETIC DEMO DATA — Revenue, profitability, product/category performance, regional performance, targets versus actuals, and customer segmentation."
"SALESCOMMERCIAL-00034","2025-03-20","2025-03","Southern","Jeddah Coast","Grocery","Seasonal","Completed","Commercial Central","7","1591.51","1174.53","75","19.62","Yes","Controlled","SYNTHETIC DEMO DATA — Revenue, profitability, product/category performance, regional performance, targets versus actuals, and customer segmentation."
"SALESCOMMERCIAL-00035","2025-04-02","2025-04","Western","Dammam Hub","Apparel","Value","Completed","Key Accounts","4","1687.62","1164.46","75","20.61","Yes","Controlled","SYNTHETIC DEMO DATA — Revenue, profitability, product/category performance, regional performance, targets versus actuals, and customer segmentation."
"SALESCOMMERCIAL-00036","2025-04-15","2025-04","Northern","Tabuk Cluster","Electronics","Core","Returned","Commercial Central","1","851.08","597.46","76","21.6","No","At Risk","SYNTHETIC DEMO DATA — Revenue, profitability, product/category performance, regional performance, targets versus actuals, and customer segmentation."
"SALESCOMMERCIAL-00037","2025-04-28","2025-04","Central","Abha Cluster","Home & Living","Premium","In Progress","Key Accounts","10","1187.91","848.17","77","22.59","No","At Risk","SYNTHETIC DEMO DATA — Revenue, profitability, product/category performance, regional performance, targets versus actuals, and customer segmentation."
"SALESCOMMERCIAL-00038","2025-05-11","2025-05","Eastern","Riyadh Metro","Grocery","Seasonal","Completed","Commercial Central","7","1237.17","898.19","78","23.58","Yes","Controlled","SYNTHETIC DEMO DATA — Revenue, profitability, product/category performance, regional performance, targets versus actuals, and customer segmentation."
"SALESCOMMERCIAL-00039","2025-05-24","2025-05","Southern","Jeddah Coast","Apparel","Value","Completed","Key Accounts","4","1050.43","775.22","79","11.7","Yes","Controlled","SYNTHETIC DEMO DATA — Revenue, profitability, product/category performance, regional performance, targets versus actuals, and customer segmentation."
"SALESCOMMERCIAL-00040","2025-06-06","2025-06","Western","Dammam Hub","Electronics","Core","Returned","Commercial Central","1","1538.5","1061.56","80","12.69","Yes","At Risk","SYNTHETIC DEMO DATA — Revenue, profitability, product/category performance, regional performance, targets versus actuals, and customer segmentation."
"SALESCOMMERCIAL-00041","2025-06-19","2025-06","Northern","Tabuk Cluster","Home & Living","Premium","In Progress","Key Accounts","10","1323.17","928.87","81","13.68","Yes","Controlled","SYNTHETIC DEMO DATA — Revenue, profitability, product/category performance, regional performance, targets versus actuals, and customer segmentation."
"SALESCOMMERCIAL-00042","2025-07-02","2025-07","Central","Abha Cluster","Grocery","Seasonal","Completed","Commercial Central","7","1944.98","1388.72","81","14.67","Yes","Controlled","SYNTHETIC DEMO DATA — Revenue, profitability, product/category performance, regional performance, targets versus actuals, and customer segmentation."
"SALESCOMMERCIAL-00043","2025-07-15","2025-07","Eastern","Riyadh Metro","Apparel","Value","Completed","Key Accounts","4","1873.4","1360.09","82","15.66","Yes","Controlled","SYNTHETIC DEMO DATA — Revenue, profitability, product/category performance, regional performance, targets versus actuals, and customer segmentation."
"SALESCOMMERCIAL-00044","2025-07-28","2025-07","Southern","Jeddah Coast","Electronics","Core","Returned","Commercial Central","1","1566.03","1155.73","74","16.65","Yes","At Risk","SYNTHETIC DEMO DATA — Revenue, profitability, product/category performance, regional performance, targets versus actuals, and customer segmentation."
"SALESCOMMERCIAL-00045","2025-08-10","2025-08","Western","Dammam Hub","Home & Living","Premium","In Progress","Key Accounts","10","1332.51","919.43","75","17.64","No","At Risk","SYNTHETIC DEMO DATA — Revenue, profitability, product/category performance, regional performance, targets versus actuals, and customer segmentation."
"SALESCOMMERCIAL-00046","2025-08-23","2025-08","Northern","Tabuk Cluster","Grocery","Seasonal","Completed","Commercial Central","7","1165.37","818.09","75","18.63","No","At Risk","SYNTHETIC DEMO DATA — Revenue, profitability, product/category performance, regional performance, targets versus actuals, and customer segmentation."
"SALESCOMMERCIAL-00047","2025-09-05","2025-09","Central","Abha Cluster","Apparel","Value","Completed","Key Accounts","4","1699.3","1213.3","76","19.62","Yes","Controlled","SYNTHETIC DEMO DATA — Revenue, profitability, product/category performance, regional performance, targets versus actuals, and customer segmentation."
"SALESCOMMERCIAL-00048","2025-09-18","2025-09","Eastern","Riyadh Metro","Electronics","Core","Returned","Commercial Central","1","1658.35","1203.96","77","20.61","Yes","At Risk","SYNTHETIC DEMO DATA — Revenue, profitability, product/category performance, regional performance, targets versus actuals, and customer segmentation."
"SALESCOMMERCIAL-00049","2025-10-01","2025-10","Southern","Jeddah Coast","Home & Living","Premium","In Progress","Key Accounts","10","1087.22","802.37","78","21.6","Yes","Controlled","SYNTHETIC DEMO DATA — Revenue, profitability, product/category performance, regional performance, targets versus actuals, and customer segmentation."
"SALESCOMMERCIAL-00050","2025-10-14","2025-10","Western","Dammam Hub","Grocery","Seasonal","Completed","Commercial Central","7","1498.76","1034.14","79","22.59","Yes","Controlled","SYNTHETIC DEMO DATA — Revenue, profitability, product/category performance, regional performance, targets versus actuals, and customer segmentation."
"SALESCOMMERCIAL-00051","2025-10-27","2025-10","northern","Tabuk Cluster","Apparel","Value","Completed","Key Accounts","4","1285.06","902.11","80","23.58","Yes","Controlled","SYNTHETIC DEMO DATA — Revenue, profitability, product/category performance, regional performance, targets versus actuals, and customer segmentation."
"SALESCOMMERCIAL-00052","2025-11-09","2025-11","Central","Abha Cluster","Electronics","Core","Returned","Commercial Central","1","1863.22","1330.34","81","11.7","Yes","At Risk","SYNTHETIC DEMO DATA — Revenue, profitability, product/category performance, regional performance, targets versus actuals, and customer segmentation."
"SALESCOMMERCIAL-00053","2025-11-22","2025-11","Eastern","Riyadh Metro","Home & Living","Premium","In Progress","Key Accounts","10","1790.2","1299.69","81","12.69","Yes","Controlled","SYNTHETIC DEMO DATA — Revenue, profitability, product/category performance, regional performance, targets versus actuals, and customer segmentation."
"SALESCOMMERCIAL-00054","2025-12-05","2025-12","Southern","Jeddah Coast","Grocery","Seasonal","Completed","Commercial Central","7","936.86","691.4","82","13.68","No","At Risk","SYNTHETIC DEMO DATA — Revenue, profitability, product/category performance, regional performance, targets versus actuals, and customer segmentation."
"SALESCOMMERCIAL-00055","2025-12-18","2025-12","Western","Dammam Hub","Apparel","Value","Completed","Key Accounts","4","1313.3","906.18","74","14.67","No","At Risk","SYNTHETIC DEMO DATA — Revenue, profitability, product/category performance, regional performance, targets versus actuals, and customer segmentation."
"SALESCOMMERCIAL-00056","2025-12-31","2025-12","Northern","Tabuk Cluster","Electronics","Core","Returned","Commercial Central","1","1162.3","815.93","75","15.66","Yes","At Risk","SYNTHETIC DEMO DATA — Revenue, profitability, product/category performance, regional performance, targets versus actuals, and customer segmentation."
"SALESCOMMERCIAL-00057","2026-01-13","2026-01","Central","Abha Cluster","Home & Living","Premium","In Progress","Key Accounts","10","1696.31","1211.17","75","16.65","Yes","Controlled","SYNTHETIC DEMO DATA — Revenue, profitability, product/category performance, regional performance, targets versus actuals, and customer segmentation."
"SALESCOMMERCIAL-00058","2026-01-26","2026-01","Eastern","Riyadh Metro","Grocery","Seasonal","Completed","Commercial Central","7","1649.04","1197.2","76","17.64","Yes","Controlled","SYNTHETIC DEMO DATA — Revenue, profitability, product/category performance, regional performance, targets versus actuals, and customer segmentation."
"SALESCOMMERCIAL-00059","2026-02-08","2026-02","Southern","Jeddah Coast","Apparel","Value","Completed","Key Accounts","4","1463.11","1079.78","77","18.63","Yes","Controlled","SYNTHETIC DEMO DATA — Revenue, profitability, product/category performance, regional performance, targets versus actuals, and customer segmentation."
"SALESCOMMERCIAL-00060","2026-02-21","2026-02","Western","Dammam Hub","Electronics","Core","Returned","Commercial Central","1","2010.77","1387.43","78","19.62","Yes","At Risk","SYNTHETIC DEMO DATA — Revenue, profitability, product/category performance, regional performance, targets versus actuals, and customer segmentation."
"SALESCOMMERCIAL-00061","2026-03-06","2026-03","Northern","Tabuk Cluster","Home & Living","Premium","In Progress","Key Accounts","10","1805.3","1267.32","79","20.61","Yes","Controlled","SYNTHETIC DEMO DATA — Revenue, profitability, product/category performance, regional performance, targets versus actuals, and customer segmentation."
"SALESCOMMERCIAL-00062","2026-03-19","2026-03","Central","Abha Cluster","Grocery","Seasonal","Completed","Commercial Central","7","2457.45","1754.62","80","21.6","Yes","Controlled","SYNTHETIC DEMO DATA — Revenue, profitability, product/category performance, regional performance, targets versus actuals, and customer segmentation."
"SALESCOMMERCIAL-00063","2026-04-01","2026-04","Eastern","Riyadh Metro","Apparel","Value","Completed","Key Accounts","4","1081.52","785.18","81","22.59","No","At Risk","SYNTHETIC DEMO DATA — Revenue, profitability, product/category performance, regional performance, targets versus actuals, and customer segmentation."
"SALESCOMMERCIAL-00064","2026-04-14","2026-04","Southern","Jeddah Coast","Electronics","Core","Returned","Commercial Central","1","926.99","684.12","81","23.58","No","At Risk","SYNTHETIC DEMO DATA — Revenue, profitability, product/category performance, regional performance, targets versus actuals, and customer segmentation."
"SALESCOMMERCIAL-00065","2026-04-27","2026-04","Western","Dammam Hub","Home & Living","Premium","In Progress","Key Accounts","10","1292.92","892.11","82","11.7","Yes","Controlled","SYNTHETIC DEMO DATA — Revenue, profitability, product/category performance, regional performance, targets versus actuals, and customer segmentation."
"SALESCOMMERCIAL-00066","2026-05-10","2026-05","Northern","Tabuk Cluster","Grocery","Seasonal","Completed","Commercial Central","7","1190.12","835.46","74","12.69","Yes","Controlled","SYNTHETIC DEMO DATA — Revenue, profitability, product/category performance, regional performance, targets versus actuals, and customer segmentation."
"SALESCOMMERCIAL-00067","2026-05-23","2026-05","Central","Abha Cluster","Apparel","Value","Completed","Key Accounts","4","1639.14","1170.35","75","13.68","Yes","Controlled","SYNTHETIC DEMO DATA — Revenue, profitability, product/category performance, regional performance, targets versus actuals, and customer segmentation."
"SALESCOMMERCIAL-00068","2026-06-05","2026-06","Eastern","Riyadh Metro","Electronics","Core","Returned","Commercial Central","1","1681.42","1220.71","75","14.67","Yes","At Risk","SYNTHETIC DEMO DATA — Revenue, profitability, product/category performance, regional performance, targets versus actuals, and customer segmentation."
"SALESCOMMERCIAL-00069","2026-06-18","2026-06","Southern","Jeddah Coast","Home & Living","Premium","In Progress","Key Accounts","10","1412.92","1042.73","76","15.66","Yes","Controlled","SYNTHETIC DEMO DATA — Revenue, profitability, product/category performance, regional performance, targets versus actuals, and customer segmentation."
"SALESCOMMERCIAL-00070","2025-01-07","2025-01","Western","Dammam Hub","Grocery","Seasonal","Completed","Commercial Central","7","1875.27","1293.94","77","16.65","Yes","Controlled","SYNTHETIC DEMO DATA — Revenue, profitability, product/category performance, regional performance, targets versus actuals, and customer segmentation."
"SALESCOMMERCIAL-00071","2025-01-20","2025-01","Northern","Tabuk Cluster","Apparel","Value","Completed","Key Accounts","4","1599.5","1122.85","78","17.64","Yes","Controlled","SYNTHETIC DEMO DATA — Revenue, profitability, product/category performance, regional performance, targets versus actuals, and customer segmentation."
"SALESCOMMERCIAL-00072","2025-02-02","2025-02","Central","Abha Cluster","Electronics","Core","Returned","Commercial Central","1","1355.11","967.55","79","18.63","No","At Risk","SYNTHETIC DEMO DATA — Revenue, profitability, product/category performance, regional performance, targets versus actuals, and customer segmentation."
"SALESCOMMERCIAL-00073","2025-02-15","2025-02","Eastern","Riyadh Metro","Home & Living","Premium","In Progress","Key Accounts","10","1335.02","969.22","80","19.62","No","At Risk","SYNTHETIC DEMO DATA — Revenue, profitability, product/category performance, regional performance, targets versus actuals, and customer segmentation."
"SALESCOMMERCIAL-00074","2025-02-28","2025-02","Southern","Jeddah Coast","Grocery","Seasonal","Completed","Commercial Central","7","1138.51","840.22","81","20.61","Yes","Controlled","SYNTHETIC DEMO DATA — Revenue, profitability, product/category performance, regional performance, targets versus actuals, and customer segmentation."
"SALESCOMMERCIAL-00075","2025-03-13","2025-03","Western","Dammam Hub","Apparel","Value","Completed","Key Accounts","4","1660.01","1145.41","81","21.6","Yes","Controlled","SYNTHETIC DEMO DATA — Revenue, profitability, product/category performance, regional performance, targets versus actuals, and customer segmentation."
"SALESCOMMERCIAL-00076","2025-03-26","2025-03","Northern","Tabuk Cluster","Electronics","Core","Returned","Commercial Central","1","1432.58","1005.67","82","22.59","Yes","At Risk","SYNTHETIC DEMO DATA — Revenue, profitability, product/category performance, regional performance, targets versus actuals, and customer segmentation."
"SALESCOMMERCIAL-00077","2025-04-08","2025-04","Central","Abha Cluster","Home & Living","Premium","In Progress","Key Accounts","10","1525.12","1088.94","74","23.58","Yes","Controlled","SYNTHETIC DEMO DATA — Revenue, profitability, product/category performance, regional performance, targets versus actuals, and customer segmentation."
"SALESCOMMERCIAL-00078","2025-04-21","2025-04","Eastern","Riyadh Metro","Grocery","Seasonal","Completed","Commercial Central","7","1473.03","1069.42","75","11.7","Yes","Controlled","SYNTHETIC DEMO DATA — Revenue, profitability, product/category performance, regional performance, targets versus actuals, and customer segmentation."
"SALESCOMMERCIAL-00079","2025-05-04","2025-05","Southern","Jeddah Coast","Apparel","Value","Completed","Key Accounts","4","1311.56","967.93","75","12.69","Yes","Controlled","SYNTHETIC DEMO DATA — Revenue, profitability, product/category performance, regional performance, targets versus actuals, and customer segmentation."
"SALESCOMMERCIAL-00080","2025-05-17","2025-05","Western","Dammam Hub","Electronics","Core","Returned","Commercial Central","1","1793.1","1237.24","76","13.68","Yes","At Risk","SYNTHETIC DEMO DATA — Revenue, profitability, product/category performance, regional performance, targets versus actuals, and customer segmentation."
"SALESCOMMERCIAL-00081","2025-05-30","2025-05","Northern","Tabuk Cluster","Home & Living","Premium","In Progress","Key Accounts","10","904.28","634.8","77","14.67","No","At Risk","SYNTHETIC DEMO DATA — Revenue, profitability, product/category performance, regional performance, targets versus actuals, and customer segmentation."
"SALESCOMMERCIAL-00082","2025-06-12","2025-06","Central","Abha Cluster","Grocery","Seasonal","Completed","Commercial Central","7","1336.39","954.18","78","15.66","No","At Risk","SYNTHETIC DEMO DATA — Revenue, profitability, product/category performance, regional performance, targets versus actuals, and customer segmentation."
"SALESCOMMERCIAL-00083","2025-06-25","2025-06","Eastern","Riyadh Metro","Apparel","Value","Completed","Key Accounts","4","1309.94","951.02","79","16.65","Yes","Controlled","SYNTHETIC DEMO DATA — Revenue, profitability, product/category performance, regional performance, targets versus actuals, and customer segmentation."
"SALESCOMMERCIAL-00084","2025-07-08","2025-07","Southern","Jeddah Coast","Electronics","Core","Returned","Commercial Central","1","1194.77","881.74","80","17.64","Yes","At Risk","SYNTHETIC DEMO DATA — Revenue, profitability, product/category performance, regional performance, targets versus actuals, and customer segmentation."
"SALESCOMMERCIAL-00085","2025-07-21","2025-07","Western","Dammam Hub","Home & Living","Premium","In Progress","Key Accounts","10","1652.68","1140.35","81","18.63","Yes","Controlled","SYNTHETIC DEMO DATA — Revenue, profitability, product/category performance, regional performance, targets versus actuals, and customer segmentation."
"SALESCOMMERCIAL-00086","2025-08-03","2025-08","Northern","Tabuk Cluster","Grocery","Seasonal","Completed","Commercial Central","7","1496.18","1050.32","81","19.62","Yes","Controlled","SYNTHETIC DEMO DATA — Revenue, profitability, product/category performance, regional performance, targets versus actuals, and customer segmentation."
"SALESCOMMERCIAL-00087","2025-08-16","2025-08","Central","Abha Cluster","Apparel","Value","Completed","Key Accounts","4","2047.35","1461.81","82","20.61","Yes","Controlled","SYNTHETIC DEMO DATA — Revenue, profitability, product/category performance, regional performance, targets versus actuals, and customer segmentation."
"SALESCOMMERCIAL-00088","2025-08-29","2025-08","Eastern","Riyadh Metro","Electronics","Core","Returned","Commercial Central","1","1972","1431.67","74","21.6","Yes","At Risk","SYNTHETIC DEMO DATA — Revenue, profitability, product/category performance, regional performance, targets versus actuals, and customer segmentation."
"SALESCOMMERCIAL-00089","2025-09-11","2025-09","Southern","Jeddah Coast","Home & Living","Premium","In Progress","Key Accounts","10","1730.88","1277.39","75","22.59","Yes","Controlled","SYNTHETIC DEMO DATA — Revenue, profitability, product/category performance, regional performance, targets versus actuals, and customer segmentation."
"SALESCOMMERCIAL-00090","2025-09-24","2025-09","Western","Dammam Hub","Grocery","Seasonal","Completed","Commercial Central","7","1399.14","965.41","75","23.58","No","At Risk","SYNTHETIC DEMO DATA — Revenue, profitability, product/category performance, regional performance, targets versus actuals, and customer segmentation."
"SALESCOMMERCIAL-00091","2025-10-07","2025-10","Northern","Tabuk Cluster","Apparel","Value","Completed","Key Accounts","4","948.49","665.84","76","11.7","No","At Risk","SYNTHETIC DEMO DATA — Revenue, profitability, product/category performance, regional performance, targets versus actuals, and customer segmentation."
"SALESCOMMERCIAL-00092","2025-10-20","2025-10","Central","Abha Cluster","Electronics","Core","Returned","Commercial Central","1","1317.2","940.48","77","12.69","Yes","At Risk","SYNTHETIC DEMO DATA — Revenue, profitability, product/category performance, regional performance, targets versus actuals, and customer segmentation."
"SALESCOMMERCIAL-00093","2025-11-02","2025-11","Eastern","Riyadh Metro","Home & Living","Premium","In Progress","Key Accounts","10","1365.8","991.57","78","13.68","Yes","Controlled","SYNTHETIC DEMO DATA — Revenue, profitability, product/category performance, regional performance, targets versus actuals, and customer segmentation."
"SALESCOMMERCIAL-00094","2025-11-15","2025-11","Southern","Jeddah Coast","Grocery","Seasonal","Completed","Commercial Central","7","1155.17","852.52","79","14.67","Yes","Controlled","SYNTHETIC DEMO DATA — Revenue, profitability, product/category performance, regional performance, targets versus actuals, and customer segmentation."
"SALESCOMMERCIAL-00095","2025-11-28","2025-11","Western","Dammam Hub","Apparel","Value","Completed","Key Accounts","4","1592.43","1098.78","80","15.66","Yes","Controlled","SYNTHETIC DEMO DATA — Revenue, profitability, product/category performance, regional performance, targets versus actuals, and customer segmentation."
"SALESCOMMERCIAL-00096","2025-12-11","2025-12","Northern","Tabuk Cluster","Electronics","Core","Returned","Commercial Central","1","1445.69","1014.87","81","16.65","Yes","At Risk","SYNTHETIC DEMO DATA — Revenue, profitability, product/category performance, regional performance, targets versus actuals, and customer segmentation."
"SALESCOMMERCIAL-00097","2025-12-24","2025-12","Central","Abha Cluster","Home & Living","Premium","In Progress","Key Accounts","10","1972.82","1408.59","81","17.64","Yes","Controlled","SYNTHETIC DEMO DATA — Revenue, profitability, product/category performance, regional performance, targets versus actuals, and customer segmentation."
"SALESCOMMERCIAL-00098","2026-01-06","2026-01","Eastern","Riyadh Metro","Grocery","Seasonal","Completed","Commercial Central","7","2034.98","1477.4","82","18.63","Yes","Controlled","SYNTHETIC DEMO DATA — Revenue, profitability, product/category performance, regional performance, targets versus actuals, and customer segmentation."
"SALESCOMMERCIAL-00099","2026-01-19","2026-01","Southern","Jeddah Coast","Apparel","Value","Completed","Key Accounts","4","1005.8","742.28","74","19.62","No","At Risk","SYNTHETIC DEMO DATA — Revenue, profitability, product/category performance, regional performance, targets versus actuals, and customer segmentation."
"SALESCOMMERCIAL-00100","2026-02-01","2026-02","Western","Dammam Hub","Electronics","Core","Returned","Commercial Central","1","1484.14","1024.06","75","20.61","No","At Risk","SYNTHETIC DEMO DATA — Revenue, profitability, product/category performance, regional performance, targets versus actuals, and customer segmentation."
,"2026-02-14","2026-02","Northern","Tabuk Cluster","Home & Living","Premium","In Progress","Key Accounts","10","1291.44","906.59","75","21.6","Yes","Controlled","SYNTHETIC DEMO DATA — Revenue, profitability, product/category performance, regional performance, targets versus actuals, and customer segmentation."
"SALESCOMMERCIAL-00102","2026-02-27","2026-02","Central","Abha Cluster","Grocery","Seasonal","Completed","Commercial Central","7","1785.59","1274.91","76","22.59","Yes","Controlled","SYNTHETIC DEMO DATA — Revenue, profitability, product/category performance, regional performance, targets versus actuals, and customer segmentation."
"SALESCOMMERCIAL-00103","2026-03-12","2026-03","Eastern","Riyadh Metro","Apparel","Value","Completed","Key Accounts","4","1822.62","1323.22","77","23.58","Yes","Controlled","SYNTHETIC DEMO DATA — Revenue, profitability, product/category performance, regional performance, targets versus actuals, and customer segmentation."
"SALESCOMMERCIAL-00104","2026-03-25","2026-03","Southern","Jeddah Coast","Electronics","Core","Returned","Commercial Central","1","1536.27","1133.77","78","11.7","Yes","At Risk","SYNTHETIC DEMO DATA — Revenue, profitability, product/category performance, regional performance, targets versus actuals, and customer segmentation."
"SALESCOMMERCIAL-00105","2026-04-07","2026-04","Western","Dammam Hub","Home & Living","Premium","In Progress","Key Accounts","10","1635.63","1128.58","79","12.69","Yes","Controlled","SYNTHETIC DEMO DATA — Revenue, profitability, product/category performance, regional performance, targets versus actuals, and customer segmentation."
"SALESCOMMERCIAL-00106","2026-04-20","2026-04","Northern","Tabuk Cluster","Grocery","Seasonal","Completed","Commercial Central","7","1398.56","981.79","80","13.68","Yes","Controlled","SYNTHETIC DEMO DATA — Revenue, profitability, product/category performance, regional performance, targets versus actuals, and customer segmentation."
"SALESCOMMERCIAL-00107","2026-05-03","2026-05","Central","Abha Cluster","Apparel","Value","Completed","Key Accounts","4","2022.77","1444.26","81","14.67","Yes","Controlled","SYNTHETIC DEMO DATA — Revenue, profitability, product/category performance, regional performance, targets versus actuals, and customer segmentation."
"SALESCOMMERCIAL-00108","2026-05-16","2026-05","Eastern","Riyadh Metro","Electronics","Core","Returned","Commercial Central","1","1149.11","834.25","81","15.66","No","At Risk","SYNTHETIC DEMO DATA — Revenue, profitability, product/category performance, regional performance, targets versus actuals, and customer segmentation."
"SALESCOMMERCIAL-00109","2026-05-29","2026-05","Southern","Jeddah Coast","Home & Living","Premium","In Progress","Key Accounts","10","984.93","726.88","82","16.65","No","At Risk","SYNTHETIC DEMO DATA — Revenue, profitability, product/category performance, regional performance, targets versus actuals, and customer segmentation."
"SALESCOMMERCIAL-00110","2026-06-11","2026-06","Western","Dammam Hub","Grocery","Seasonal","Completed","Commercial Central","7","1454.54","1003.63","74","17.64","Yes","Controlled","SYNTHETIC DEMO DATA — Revenue, profitability, product/category performance, regional performance, targets versus actuals, and customer segmentation."
"SALESCOMMERCIAL-00111","2026-06-24","2026-06","Northern","Tabuk Cluster","Apparel","Value","Completed","Key Accounts","4","1260.13","884.61","75","18.63","Yes","Controlled","SYNTHETIC DEMO DATA — Revenue, profitability, product/category performance, regional performance, targets versus actuals, and customer segmentation."
"SALESCOMMERCIAL-00112","2025-01-13","2025-01","Central","Abha Cluster","Electronics","Core","Returned","Commercial Central","1","1680.72","1200.03","75","19.62","Yes","At Risk","SYNTHETIC DEMO DATA — Revenue, profitability, product/category performance, regional performance, targets versus actuals, and customer segmentation."
"SALESCOMMERCIAL-00113","2025-01-26","2025-01","Eastern","Riyadh Metro","Home & Living","Premium","In Progress","Key Accounts","10","1628.29","1182.14","76","20.61","Yes","Controlled","SYNTHETIC DEMO DATA — Revenue, profitability, product/category performance, regional performance, targets versus actuals, and customer segmentation."
"SALESCOMMERCIAL-00114","2025-02-08","2025-02","Southern","Jeddah Coast","Grocery","Seasonal","Completed","Commercial Central","7","1440.28","1062.93","77","21.6","Yes","Controlled","SYNTHETIC DEMO DATA — Revenue, profitability, product/category performance, regional performance, targets versus actuals, and customer segmentation."
"SALESCOMMERCIAL-00115","2025-02-21","2025-02","Western","Dammam Hub","Apparel","Value","Completed","Key Accounts","4","1973.97","1362.04","78","22.59","Yes","Controlled","SYNTHETIC DEMO DATA — Revenue, profitability, product/category performance, regional performance, targets versus actuals, and customer segmentation."
"SALESCOMMERCIAL-00116","2025-03-06","2025-03","Northern","Tabuk Cluster","Electronics","Core","Returned","Commercial Central","1","1767.87","1241.04","79","23.58","Yes","At Risk","SYNTHETIC DEMO DATA — Revenue, profitability, product/category performance, regional performance, targets versus actuals, and customer segmentation."
"SALESCOMMERCIAL-00117","2025-03-19","2025-03","Central","Abha Cluster","Home & Living","Premium","In Progress","Key Accounts","10","1422.87","1015.93","80","11.7","No","At Risk","SYNTHETIC DEMO DATA — Revenue, profitability, product/category performance, regional performance, targets versus actuals, and customer segmentation."
"SALESCOMMERCIAL-00118","2025-04-01","2025-04","Eastern","Riyadh Metro","Grocery","Seasonal","Completed","Commercial Central","7","1087.24","789.34","81","12.69","No","At Risk","SYNTHETIC DEMO DATA — Revenue, profitability, product/category performance, regional performance, targets versus actuals, and customer segmentation."
"SALESCOMMERCIAL-00119","2025-04-14","2025-04","Southern","Jeddah Coast","Apparel","Value","Completed","Key Accounts","4","927.2","684.27","81","13.68","Yes","Controlled","SYNTHETIC DEMO DATA — Revenue, profitability, product/category performance, regional performance, targets versus actuals, and customer segmentation."
"SALESCOMMERCIAL-00120","2025-04-27","2025-04","Western","Dammam Hub","Electronics","Core","Returned","Commercial Central","1","1287.54","888.4","82","14.67","Yes","At Risk","SYNTHETIC DEMO DATA — Revenue, profitability, product/category performance, regional performance, targets versus actuals, and customer segmentation."
"SALESCOMMERCIAL-00121","2025-05-10","2025-05","Northern","Tabuk Cluster","Home & Living","Premium","In Progress","Key Accounts","10","1180.58","828.77","74","15.66","Yes","Controlled","SYNTHETIC DEMO DATA — Revenue, profitability, product/category performance, regional performance, targets versus actuals, and customer segmentation."
"SALESCOMMERCIAL-00122","2025-05-23","2025-05","Central","Abha Cluster","Grocery","Seasonal","Completed","Commercial Central","7","1620.44","1156.99","75","16.65","Yes","Controlled","SYNTHETIC DEMO DATA — Revenue, profitability, product/category performance, regional performance, targets versus actuals, and customer segmentation."
"SALESCOMMERCIAL-00123","2025-06-05","2025-06","Eastern","Riyadh Metro","Apparel","Value","Completed","Key Accounts","4","1657.16","1203.1","75","17.64","Yes","Controlled","SYNTHETIC DEMO DATA — Revenue, profitability, product/category performance, regional performance, targets versus actuals, and customer segmentation."
"SALESCOMMERCIAL-00124","2025-06-18","2025-06","Southern","Jeddah Coast","Electronics","Core","Returned","Commercial Central","1","1388.71","1024.87","76","18.63","Yes","At Risk","SYNTHETIC DEMO DATA — Revenue, profitability, product/category performance, regional performance, targets versus actuals, and customer segmentation."
"SALESCOMMERCIAL-00125","2025-07-01","2025-07","Western","Dammam Hub","Home & Living","Premium","In Progress","Key Accounts","10","2039.48","1407.24","77","19.62","Yes","Controlled","SYNTHETIC DEMO DATA — Revenue, profitability, product/category performance, regional performance, targets versus actuals, and customer segmentation."
"SALESCOMMERCIAL-00126","2025-07-14","2025-07","Northern","Tabuk Cluster","Grocery","Seasonal","Completed","Commercial Central","7","1028.53","722.03","78","20.61","No","At Risk","SYNTHETIC DEMO DATA — Revenue, profitability, product/category performance, regional performance, targets versus actuals, and customer segmentation."
"SALESCOMMERCIAL-00127","2025-07-27","2025-07","Central","Abha Cluster","Apparel","Value","Completed","Key Accounts","4","1435.58","1025","79","21.6","No","At Risk","SYNTHETIC DEMO DATA — Revenue, profitability, product/category performance, regional performance, targets versus actuals, and customer segmentation."
"SALESCOMMERCIAL-00128","2025-08-09","2025-08","Eastern","Riyadh Metro","Electronics","Core","Returned","Commercial Central","1","1481.23","1075.37","80","22.59","Yes","At Risk","SYNTHETIC DEMO DATA — Revenue, profitability, product/category performance, regional performance, targets versus actuals, and customer segmentation."
"SALESCOMMERCIAL-00129","2025-08-22","2025-08","Southern","Jeddah Coast","Home & Living","Premium","In Progress","Key Accounts","10","1257.66","928.15","81","23.58","Yes","Controlled","SYNTHETIC DEMO DATA — Revenue, profitability, product/category performance, regional performance, targets versus actuals, and customer segmentation."
"SALESCOMMERCIAL-00130","2025-09-04","2025-09","Western","Dammam Hub","Grocery","Seasonal","Completed","Commercial Central","7","1826.65","1260.39","81","11.7","Yes","Controlled","SYNTHETIC DEMO DATA — Revenue, profitability, product/category performance, regional performance, targets versus actuals, and customer segmentation."
"SALESCOMMERCIAL-00131","2025-09-17","2025-09","Northern","Tabuk Cluster","Apparel","Value","Completed","Key Accounts","4","1570.99","1102.83","82","12.69","Yes","Controlled","SYNTHETIC DEMO DATA — Revenue, profitability, product/category performance, regional performance, targets versus actuals, and customer segmentation."
"SALESCOMMERCIAL-00132","2025-09-30","2025-09","Central","Abha Cluster","Electronics","Core","Returned","Commercial Central","1","2187.07","1561.57","74","13.68","Yes","At Risk","SYNTHETIC DEMO DATA — Revenue, profitability, product/category performance, regional performance, targets versus actuals, and customer segmentation."
"SALESCOMMERCIAL-00133","2025-10-13","2025-10","Eastern","Riyadh Metro","Home & Living","Premium","In Progress","Key Accounts","10","1605.01","1165.24","75","14.67","Yes","Controlled","SYNTHETIC DEMO DATA — Revenue, profitability, product/category performance, regional performance, targets versus actuals, and customer segmentation."
"SALESCOMMERCIAL-00134","2025-10-26","2025-10","Southern","Jeddah Coast","Grocery","Seasonal","Completed","Commercial Central","7","1341.68","990.16","75","15.66","Yes","Controlled","SYNTHETIC DEMO DATA — Revenue, profitability, product/category performance, regional performance, targets versus actuals, and customer segmentation."
"SALESCOMMERCIAL-00135","2025-11-08","2025-11","Western","Dammam Hub","Apparel","Value","Completed","Key Accounts","4","1152.31","795.09","76","16.65","No","At Risk","SYNTHETIC DEMO DATA — Revenue, profitability, product/category performance, regional performance, targets versus actuals, and customer segmentation."
"SALESCOMMERCIAL-00136","2025-11-21","2025-11","Northern","Tabuk Cluster","Electronics","Core","Returned","Commercial Central","1","1007.77","707.45","77","17.64","No","At Risk","SYNTHETIC DEMO DATA — Revenue, profitability, product/category performance, regional performance, targets versus actuals, and customer segmentation."
"SALESCOMMERCIAL-00137","2025-12-04","2025-12","Central","Abha Cluster","Home & Living","Premium","In Progress","Key Accounts","10","1481.85","1058.04","78","18.63","Yes","Controlled","SYNTHETIC DEMO DATA — Revenue, profitability, product/category performance, regional performance, targets versus actuals, and customer segmentation."
"SALESCOMMERCIAL-00138","2025-12-17","2025-12","Eastern","Riyadh Metro","Grocery","Seasonal","Completed","Commercial Central","7","1446.14","1049.9","79","19.62","Yes","Controlled","SYNTHETIC DEMO DATA — Revenue, profitability, product/category performance, regional performance, targets versus actuals, and customer segmentation."
"SALESCOMMERCIAL-00139","2025-12-30","2025-12","Southern","Jeddah Coast","Apparel","Value","Completed","Key Accounts","4","1244.01","918.08","80","20.61","Yes","Controlled","SYNTHETIC DEMO DATA — Revenue, profitability, product/category performance, regional performance, targets versus actuals, and customer segmentation."
"SALESCOMMERCIAL-00140","2026-01-12","2026-01","Western","Dammam Hub","Electronics","Core","Returned","Commercial Central","1","1810.17","1249.02","81","21.6","Yes","At Risk","SYNTHETIC DEMO DATA — Revenue, profitability, product/category performance, regional performance, targets versus actuals, and customer segmentation."
"SALESCOMMERCIAL-00141","2026-01-25","2026-01","Northern","Tabuk Cluster","Home & Living","Premium","In Progress","Key Accounts","10","1552.06","1089.55","81","22.59","Yes","Controlled","SYNTHETIC DEMO DATA — Revenue, profitability, product/category performance, regional performance, targets versus actuals, and customer segmentation."
"SALESCOMMERCIAL-00142","2026-02-07","2026-02","Central","Abha Cluster","Grocery","Seasonal","Completed","Commercial Central","7","2229.46","1591.83","82","23.58","Yes","Controlled","SYNTHETIC DEMO DATA — Revenue, profitability, product/category performance, regional performance, targets versus actuals, and customer segmentation."
"SALESCOMMERCIAL-00143","2026-02-20","2026-02","Eastern","Riyadh Metro","Apparel","Value","Completed","Key Accounts","4","2142.09","1555.16","74","11.7","Yes","Controlled","SYNTHETIC DEMO DATA — Revenue, profitability, product/category performance, regional performance, targets versus actuals, and customer segmentation."
"SALESCOMMERCIAL-00144","2026-03-05","2026-03","Southern","Jeddah Coast","Electronics","Core","Returned","Commercial Central","1","1111.67","820.41","75","12.69","No","At Risk","SYNTHETIC DEMO DATA — Revenue, profitability, product/category performance, regional performance, targets versus actuals, and customer segmentation."
"SALESCOMMERCIAL-00145","2026-03-18","2026-03","Western","Dammam Hub","Home & Living","Premium","In Progress","Key Accounts","10","1558.35","1075.26","75","13.68","No","At Risk","SYNTHETIC DEMO DATA — Revenue, profitability, product/category performance, regional performance, targets versus actuals, and customer segmentation."
"SALESCOMMERCIAL-00146","2026-03-31","2026-03","Northern","Tabuk Cluster","Grocery","Seasonal","Completed","Commercial Central","7","1378.78","967.9","76","14.67","Yes","Controlled","SYNTHETIC DEMO DATA — Revenue, profitability, product/category performance, regional performance, targets versus actuals, and customer segmentation."
"SALESCOMMERCIAL-00147","2026-04-13","2026-04","Central","Abha Cluster","Apparel","Value","Completed","Key Accounts","4","1452.45","1037.05","77","15.66","Yes","Controlled","SYNTHETIC DEMO DATA — Revenue, profitability, product/category performance, regional performance, targets versus actuals, and customer segmentation."
"SALESCOMMERCIAL-00148","2026-04-26","2026-04","Eastern","Riyadh Metro","Electronics","Core","Returned","Commercial Central","1","1411.98","1025.1","78","16.65","Yes","At Risk","SYNTHETIC DEMO DATA — Revenue, profitability, product/category performance, regional performance, targets versus actuals, and customer segmentation."
"SALESCOMMERCIAL-00149","2026-05-09","2026-05","Southern","Jeddah Coast","Home & Living","Premium","In Progress","Key Accounts","10","1264.53","933.22","79","17.64","Yes","Controlled","SYNTHETIC DEMO DATA — Revenue, profitability, product/category performance, regional performance, targets versus actuals, and customer segmentation."
"SALESCOMMERCIAL-00150","2026-05-22","2026-05","Western","Dammam Hub","Grocery","Seasonal","Completed","Commercial Central","7","1737.85","1199.12","80","18.63","Yes","Controlled","SYNTHETIC DEMO DATA — Revenue, profitability, product/category performance, regional performance, targets versus actuals, and customer segmentation."
"SALESCOMMERCIAL-00151","2026-06-04","2026-06","Northern","Tabuk Cluster","Apparel","Value","Completed","Key Accounts","4","-1","1104.51","81","19.62","Yes","Controlled","SYNTHETIC DEMO DATA — Revenue, profitability, product/category performance, regional performance, targets versus actuals, and customer segmentation."
"SALESCOMMERCIAL-00152","2026-06-17","2026-06","Central","Abha Cluster","Electronics","Core","Returned","Commercial Central","1","2141.75","1529.21","81","20.61","Yes","At Risk","SYNTHETIC DEMO DATA — Revenue, profitability, product/category performance, regional performance, targets versus actuals, and customer segmentation."
"SALESCOMMERCIAL-00153","2025-01-06","2025-01","Eastern","Riyadh Metro","Home & Living","Premium","In Progress","Key Accounts","10","1178.26","855.42","82","21.6","No","At Risk","SYNTHETIC DEMO DATA — Revenue, profitability, product/category performance, regional performance, targets versus actuals, and customer segmentation."
"SALESCOMMERCIAL-00154","2025-01-19","2025-01","Southern","Jeddah Coast","Grocery","Seasonal","Completed","Commercial Central","7","1009.91","745.31","74","22.59","No","At Risk","SYNTHETIC DEMO DATA — Revenue, profitability, product/category performance, regional performance, targets versus actuals, and customer segmentation."
"SALESCOMMERCIAL-00155","2025-02-01","2025-02","Western","Dammam Hub","Apparel","Value","Completed","Key Accounts","4","1482.71","1023.07","75","23.58","Yes","Controlled","SYNTHETIC DEMO DATA — Revenue, profitability, product/category performance, regional performance, targets versus actuals, and customer segmentation."
"SALESCOMMERCIAL-00156","2025-02-14","2025-02","Northern","Tabuk Cluster","Electronics","Core","Returned","Commercial Central","1","1284.53","901.74","75","11.7","Yes","At Risk","SYNTHETIC DEMO DATA — Revenue, profitability, product/category performance, regional performance, targets versus actuals, and customer segmentation."
"SALESCOMMERCIAL-00157","2025-02-27","2025-02","Central","Abha Cluster","Home & Living","Premium","In Progress","Key Accounts","10","1769.17","1263.19","76","12.69","Yes","Controlled","SYNTHETIC DEMO DATA — Revenue, profitability, product/category performance, regional performance, targets versus actuals, and customer segmentation."
"SALESCOMMERCIAL-00158","2025-03-12","2025-03","Eastern","Riyadh Metro","Grocery","Seasonal","Completed","Commercial Central","7","1799.69","1306.57","77","13.68","Yes","Controlled","SYNTHETIC DEMO DATA — Revenue, profitability, product/category performance, regional performance, targets versus actuals, and customer segmentation."
"SALESCOMMERCIAL-00159","2025-03-25","2025-03","Southern","Jeddah Coast","Apparel","Value","Completed","Key Accounts","4","1512.3","1116.08","78","14.67","Yes","Controlled","SYNTHETIC DEMO DATA — Revenue, profitability, product/category performance, regional performance, targets versus actuals, and customer segmentation."
"SALESCOMMERCIAL-00160","2025-04-07","2025-04","Western","Dammam Hub","Electronics","Core","Returned","Commercial Central","1","1607.6","1109.24","79","15.66","Yes","At Risk","SYNTHETIC DEMO DATA — Revenue, profitability, product/category performance, regional performance, targets versus actuals, and customer segmentation."
"SALESCOMMERCIAL-00161","2025-04-20","2025-04","Northern","Tabuk Cluster","Home & Living","Premium","In Progress","Key Accounts","10","1371.19","962.58","80","16.65","Yes","Controlled","SYNTHETIC DEMO DATA — Revenue, profitability, product/category performance, regional performance, targets versus actuals, and customer segmentation."
"SALESCOMMERCIAL-00162","2025-05-03","2025-05","Central","Abha Cluster","Grocery","Seasonal","Completed","Commercial Central","7","1172.58","837.22","81","17.64","No","At Risk","SYNTHETIC DEMO DATA — Revenue, profitability, product/category performance, regional performance, targets versus actuals, and customer segmentation."
"SALESCOMMERCIAL-00163","2025-05-16","2025-05","Eastern","Riyadh Metro","Apparel","Value","Completed","Key Accounts","4","1155.19","838.67","81","18.63","No","At Risk","SYNTHETIC DEMO DATA — Revenue, profitability, product/category performance, regional performance, targets versus actuals, and customer segmentation."
"SALESCOMMERCIAL-00164","2025-05-29","2025-05","Southern","Jeddah Coast","Electronics","Core","Returned","Commercial Central","1","985.15","727.04","82","19.62","Yes","At Risk","SYNTHETIC DEMO DATA — Revenue, profitability, product/category performance, regional performance, targets versus actuals, and customer segmentation."
"SALESCOMMERCIAL-00165","2025-06-11","2025-06","Western","Dammam Hub","Home & Living","Premium","In Progress","Key Accounts","10","1448.48","999.45","74","20.61","Yes","Controlled","SYNTHETIC DEMO DATA — Revenue, profitability, product/category performance, regional performance, targets versus actuals, and customer segmentation."
"SALESCOMMERCIAL-00166","2025-06-24","2025-06","Northern","Tabuk Cluster","Grocery","Seasonal","Completed","Commercial Central","7","1250.03","877.52","75","21.6","Yes","Controlled","SYNTHETIC DEMO DATA — Revenue, profitability, product/category performance, regional performance, targets versus actuals, and customer segmentation."
"SALESCOMMERCIAL-00167","2025-07-07","2025-07","Central","Abha Cluster","Apparel","Value","Completed","Key Accounts","4","1843.1","1315.97","75","22.59","Yes","Controlled","SYNTHETIC DEMO DATA — Revenue, profitability, product/category performance, regional performance, targets versus actuals, and customer segmentation."
"SALESCOMMERCIAL-00168","2025-07-20","2025-07","Eastern","Riyadh Metro","Electronics","Core","Returned","Commercial Central","1","1780.15","1292.39","76","23.58","Yes","At Risk","SYNTHETIC DEMO DATA — Revenue, profitability, product/category performance, regional performance, targets versus actuals, and customer segmentation."
"SALESCOMMERCIAL-00169","2025-08-02","2025-08","Southern","Jeddah Coast","Home & Living","Premium","In Progress","Key Accounts","10","1570.29","1158.87","77","11.7","Yes","Controlled","SYNTHETIC DEMO DATA — Revenue, profitability, product/category performance, regional performance, targets versus actuals, and customer segmentation."
"SALESCOMMERCIAL-00170","2025-08-15","2025-08","Western","Dammam Hub","Grocery","Seasonal","Completed","Commercial Central","7","2146.82","1481.31","78","12.69","Yes","Controlled","SYNTHETIC DEMO DATA — Revenue, profitability, product/category performance, regional performance, targets versus actuals, and customer segmentation."
"SALESCOMMERCIAL-00171","2025-08-28","2025-08","Northern","Tabuk Cluster","Apparel","Value","Completed","Key Accounts","4","1082.67","760.03","79","13.68","No","At Risk","SYNTHETIC DEMO DATA — Revenue, profitability, product/category performance, regional performance, targets versus actuals, and customer segmentation."
"SALESCOMMERCIAL-00172","2025-09-10","2025-09","Central","Abha Cluster","Electronics","Core","Returned","Commercial Central","1","1586.69","1132.9","80","14.67","No","At Risk","SYNTHETIC DEMO DATA — Revenue, profitability, product/category performance, regional performance, targets versus actuals, and customer segmentation."
"SALESCOMMERCIAL-00173","2025-09-23","2025-09","Eastern","Riyadh Metro","Home & Living","Premium","In Progress","Key Accounts","10","1555.29","1129.14","81","15.66","Yes","Controlled","SYNTHETIC DEMO DATA — Revenue, profitability, product/category performance, regional performance, targets versus actuals, and customer segmentation."
"SALESCOMMERCIAL-00174","2025-10-06","2025-10","Southern","Jeddah Coast","Grocery","Seasonal","Completed","Commercial Central","7","1023.61","755.42","81","16.65","Yes","Controlled","SYNTHETIC DEMO DATA — Revenue, profitability, product/category performance, regional performance, targets versus actuals, and customer segmentation."
"SALESCOMMERCIAL-00175","2025-10-19","2025-10","Western","Dammam Hub","Apparel","Value","Completed","Key Accounts","4","1415.91","976.98","82","17.64","Yes","Controlled","SYNTHETIC DEMO DATA — Revenue, profitability, product/category performance, regional performance, targets versus actuals, and customer segmentation."
"SALESCOMMERCIAL-00176","2025-11-01","2025-11","Northern","Tabuk Cluster","Electronics","Core","Returned","Commercial Central","1","1293.85","908.28","74","18.63","Yes","At Risk","SYNTHETIC DEMO DATA — Revenue, profitability, product/category performance, regional performance, targets versus actuals, and customer segmentation."
"SALESCOMMERCIAL-00177","2025-11-14","2025-11","Central","Abha Cluster","Home & Living","Premium","In Progress","Key Accounts","10","1770.48","1264.12","75","19.62","Yes","Controlled","SYNTHETIC DEMO DATA — Revenue, profitability, product/category performance, regional performance, targets versus actuals, and customer segmentation."
"SALESCOMMERCIAL-00178","2025-11-27","2025-11","Eastern","Riyadh Metro","Grocery","Seasonal","Completed","Commercial Central","7","1705.32","1238.06","75","20.61","Yes","Controlled","SYNTHETIC DEMO DATA — Revenue, profitability, product/category performance, regional performance, targets versus actuals, and customer segmentation."
"SALESCOMMERCIAL-00179","2025-12-10","2025-12","Southern","Jeddah Coast","Apparel","Value","Completed","Key Accounts","4","1509.39","1113.93","76","21.6","Yes","Controlled","SYNTHETIC DEMO DATA — Revenue, profitability, product/category performance, regional performance, targets versus actuals, and customer segmentation."
"SALESCOMMERCIAL-00180","2025-12-23","2025-12","Western","Dammam Hub","Electronics","Core","Returned","Commercial Central","1","1220.1","841.87","77","22.59","No","At Risk","SYNTHETIC DEMO DATA — Revenue, profitability, product/category performance, regional performance, targets versus actuals, and customer segmentation."
"SALESCOMMERCIAL-00181","2026-01-05","2026-01","Northern","Tabuk Cluster","Home & Living","Premium","In Progress","Key Accounts","10","1145.57","804.19","78","23.58","No","At Risk","SYNTHETIC DEMO DATA — Revenue, profitability, product/category performance, regional performance, targets versus actuals, and customer segmentation."
"SALESCOMMERCIAL-00182","2026-01-18","2026-01","Central","Abha Cluster","Grocery","Seasonal","Completed","Commercial Central","7","1590.89","1135.9","79","11.7","Yes","Controlled","SYNTHETIC DEMO DATA — Revenue, profitability, product/category performance, regional performance, targets versus actuals, and customer segmentation."
"SALESCOMMERCIAL-00183","2026-01-31","2026-01","Eastern","Riyadh Metro","Apparel","Value","Completed","Key Accounts","4","1552.55","1127.15","80","12.69","Yes","Controlled","SYNTHETIC DEMO DATA — Revenue, profitability, product/category performance, regional performance, targets versus actuals, and customer segmentation."
"SALESCOMMERCIAL-00184","2026-02-13","2026-02","Southern","Jeddah Coast","Electronics","Core","Returned","Commercial Central","1","1382.23","1020.09","81","13.68","Yes","At Risk","SYNTHETIC DEMO DATA — Revenue, profitability, product/category performance, regional performance, targets versus actuals, and customer segmentation."
"SALESCOMMERCIAL-00185","2026-02-26","2026-02","Western","Dammam Hub","Home & Living","Premium","In Progress","Key Accounts","10","1905.45","1314.76","81","14.67","Yes","Controlled","SYNTHETIC DEMO DATA — Revenue, profitability, product/category performance, regional performance, targets versus actuals, and customer segmentation."
"SALESCOMMERCIAL-00186","2026-03-11","2026-03","Northern","Tabuk Cluster","Grocery","Seasonal","Completed","Commercial Central","7","1715.44","1204.24","82","15.66","Yes","Controlled","SYNTHETIC DEMO DATA — Revenue, profitability, product/category performance, regional performance, targets versus actuals, and customer segmentation."
"SALESCOMMERCIAL-00187","2026-03-24","2026-03","Central","Abha Cluster","Apparel","Value","Completed","Key Accounts","4","2340.93","1671.42","74","16.65","Yes","Controlled","SYNTHETIC DEMO DATA — Revenue, profitability, product/category performance, regional performance, targets versus actuals, and customer segmentation."
"SALESCOMMERCIAL-00188","2026-04-06","2026-04","Eastern","Riyadh Metro","Electronics","Core","Returned","Commercial Central","1","1742.44","1265.01","75","17.64","Yes","At Risk","SYNTHETIC DEMO DATA — Revenue, profitability, product/category performance, regional performance, targets versus actuals, and customer segmentation."
"SALESCOMMERCIAL-00189","2026-04-19","2026-04","Southern","Jeddah Coast","Home & Living","Premium","In Progress","Key Accounts","10","861.21","635.57","75","18.63","No","At Risk","SYNTHETIC DEMO DATA — Revenue, profitability, product/category performance, regional performance, targets versus actuals, and customer segmentation."
"SALESCOMMERCIAL-00190","2026-05-02","2026-05","Western","Dammam Hub","Grocery","Seasonal","Completed","Commercial Central","7","1282.7","885.06","76","19.62","No","At Risk","SYNTHETIC DEMO DATA — Revenue, profitability, product/category performance, regional performance, targets versus actuals, and customer segmentation."
"SALESCOMMERCIAL-00191","2026-05-15","2026-05","Northern","Tabuk Cluster","Apparel","Value","Completed","Key Accounts","4","1116.16","783.54","77","20.61","Yes","Controlled","SYNTHETIC DEMO DATA — Revenue, profitability, product/category performance, regional performance, targets versus actuals, and customer segmentation."
"SALESCOMMERCIAL-00192","2026-05-28","2026-05","Central","Abha Cluster","Electronics","Core","Returned","Commercial Central","1","1543.23","1101.87","78","21.6","Yes","At Risk","SYNTHETIC DEMO DATA — Revenue, profitability, product/category performance, regional performance, targets versus actuals, and customer segmentation."
"SALESCOMMERCIAL-00193","2026-06-10","2026-06","Eastern","Riyadh Metro","Home & Living","Premium","In Progress","Key Accounts","10","1588.48","1153.24","79","22.59","Yes","Controlled","SYNTHETIC DEMO DATA — Revenue, profitability, product/category performance, regional performance, targets versus actuals, and customer segmentation."
"SALESCOMMERCIAL-00194","2026-06-23","2026-06","Southern","Jeddah Coast","Grocery","Seasonal","Completed","Commercial Central","7","1338.91","988.12","80","23.58","Yes","Controlled","SYNTHETIC DEMO DATA — Revenue, profitability, product/category performance, regional performance, targets versus actuals, and customer segmentation."
"SALESCOMMERCIAL-00195","2025-01-12","2025-01","Western","Dammam Hub","Apparel","Value","Completed","Key Accounts","4","1781.93","1229.53","81","11.7","Yes","Controlled","SYNTHETIC DEMO DATA — Revenue, profitability, product/category performance, regional performance, targets versus actuals, and customer segmentation."
"SALESCOMMERCIAL-00196","2025-01-25","2025-01","Northern","Tabuk Cluster","Electronics","Core","Returned","Commercial Central","1","1523.66","1069.61","81","12.69","Yes","At Risk","SYNTHETIC DEMO DATA — Revenue, profitability, product/category performance, regional performance, targets versus actuals, and customer segmentation."
"SALESCOMMERCIAL-00197","2025-02-07","2025-02","Central","Abha Cluster","Home & Living","Premium","In Progress","Key Accounts","10","2183.24","1558.83","82","13.68","Yes","Controlled","SYNTHETIC DEMO DATA — Revenue, profitability, product/category performance, regional performance, targets versus actuals, and customer segmentation."
"SALESCOMMERCIAL-00198","2025-02-20","2025-02","Eastern","Riyadh Metro","Grocery","Seasonal","Completed","Commercial Central","7","1240.27","900.44","74","14.67","No","At Risk","SYNTHETIC DEMO DATA — Revenue, profitability, product/category performance, regional performance, targets versus actuals, and customer segmentation."
"SALESCOMMERCIAL-00199","2025-03-05","2025-03","Southern","Jeddah Coast","Apparel","Value","Completed","Key Accounts","4","1116.22","823.77","75","15.66","No","At Risk","SYNTHETIC DEMO DATA — Revenue, profitability, product/category performance, regional performance, targets versus actuals, and customer segmentation."
"SALESCOMMERCIAL-00200","2025-03-18","2025-03","Western","Dammam Hub","Electronics","Core","Returned","Commercial Central","1","1556.85","1074.23","75","16.65","Yes","At Risk","SYNTHETIC DEMO DATA — Revenue, profitability, product/category performance, regional performance, targets versus actuals, and customer segmentation."
"SALESCOMMERCIAL-00201","2025-03-31","2025-03","Northern","Tabuk Cluster","Home & Living","Premium","In Progress","Key Accounts","10","1348.76","946.83","76","17.64","Yes","Controlled","SYNTHETIC DEMO DATA — Revenue, profitability, product/category performance, regional performance, targets versus actuals, and customer segmentation."
"SALESCOMMERCIAL-00202","2025-04-13","2025-04","Central","Abha Cluster","Grocery","Seasonal","Completed","Commercial Central","7","1440.82","1028.75","77","18.63","Yes","Controlled","SYNTHETIC DEMO DATA — Revenue, profitability, product/category performance, regional performance, targets versus actuals, and customer segmentation."
"SALESCOMMERCIAL-00203","2025-04-26","2025-04","Eastern","Riyadh Metro","Apparel","Value","Completed","Key Accounts","4","1395.87","1013.4","78","19.62","Yes","Controlled","SYNTHETIC DEMO DATA — Revenue, profitability, product/category performance, regional performance, targets versus actuals, and customer segmentation."
"SALESCOMMERCIAL-00204","2025-05-09","2025-05","Southern","Jeddah Coast","Electronics","Core","Returned","Commercial Central","1","1246.28","919.75","79","20.61","Yes","At Risk","SYNTHETIC DEMO DATA — Revenue, profitability, product/category performance, regional performance, targets versus actuals, and customer segmentation."
"SALESCOMMERCIAL-00205","2025-05-22","2025-05","Western","Dammam Hub","Home & Living","Premium","In Progress","Key Accounts","10","1708.08","1178.58","80","21.6","Yes","Controlled","SYNTHETIC DEMO DATA — Revenue, profitability, product/category performance, regional performance, targets versus actuals, and customer segmentation."
"SALESCOMMERCIAL-00206","2025-06-04","2025-06","Northern","Tabuk Cluster","Grocery","Seasonal","Completed","Commercial Central","7","1542.59","1082.9","81","22.59","Yes","Controlled","SYNTHETIC DEMO DATA — Revenue, profitability, product/category performance, regional performance, targets versus actuals, and customer segmentation."
"SALESCOMMERCIAL-00207","2025-06-17","2025-06","Central","Abha Cluster","Apparel","Value","Completed","Key Accounts","4","1241.55","886.47","81","23.58","No","At Risk","SYNTHETIC DEMO DATA — Revenue, profitability, product/category performance, regional performance, targets versus actuals, and customer segmentation."
"SALESCOMMERCIAL-00208","2025-06-30","2025-06","Eastern","Riyadh Metro","Electronics","Core","Returned","Commercial Central","1","1244.77","903.7","82","11.7","No","At Risk","SYNTHETIC DEMO DATA — Revenue, profitability, product/category performance, regional performance, targets versus actuals, and customer segmentation."
"SALESCOMMERCIAL-00209","2025-07-13","2025-07","Southern","Jeddah Coast","Home & Living","Premium","In Progress","Key Accounts","10","1120.52","826.94","74","12.69","Yes","Controlled","SYNTHETIC DEMO DATA — Revenue, profitability, product/category performance, regional performance, targets versus actuals, and customer segmentation."
"SALESCOMMERCIAL-00210","2025-07-26","2025-07","Western","Dammam Hub","Grocery","Seasonal","Completed","Commercial Central","7","1555.98","1073.63","75","13.68","Yes","Controlled","SYNTHETIC DEMO DATA — Revenue, profitability, product/category performance, regional performance, targets versus actuals, and customer segmentation."
"SALESCOMMERCIAL-00211","2025-08-08","2025-08","Northern","Tabuk Cluster","Apparel","Value","Completed","Key Accounts","4","1413.48","992.26","75","14.67","Yes","Controlled","SYNTHETIC DEMO DATA — Revenue, profitability, product/category performance, regional performance, targets versus actuals, and customer segmentation."
"SALESCOMMERCIAL-00212","2025-08-21","2025-08","Central","Abha Cluster","Electronics","Core","Returned","Commercial Central","1","1940.11","1385.24","76","15.66","Yes","At Risk","SYNTHETIC DEMO DATA — Revenue, profitability, product/category performance, regional performance, targets versus actuals, and customer segmentation."
"SALESCOMMERCIAL-00213","2025-09-03","2025-09","Eastern","Riyadh Metro","Home & Living","Premium","In Progress","Key Accounts","10","1967.54","1428.43","77","16.65","Yes","Controlled","SYNTHETIC DEMO DATA — Revenue, profitability, product/category performance, regional performance, targets versus actuals, and customer segmentation."
"SALESCOMMERCIAL-00214","2025-09-16","2025-09","Southern","Jeddah Coast","Grocery","Seasonal","Completed","Commercial Central","7","1648.81","1216.82","78","17.64","Yes","Controlled","SYNTHETIC DEMO DATA — Revenue, profitability, product/category performance, regional performance, targets versus actuals, and customer segmentation."
"SALESCOMMERCIAL-00215","2025-09-29","2025-09","Western","Dammam Hub","Apparel","Value","Completed","Key Accounts","4","2293.33","1582.4","79","18.63","Yes","Controlled","SYNTHETIC DEMO DATA — Revenue, profitability, product/category performance, regional performance, targets versus actuals, and customer segmentation."
"SALESCOMMERCIAL-00216","2025-10-12","2025-10","Northern","Tabuk Cluster","Electronics","Core","Returned","Commercial Central","1","881.18","618.59","80","19.62","No","At Risk","SYNTHETIC DEMO DATA — Revenue, profitability, product/category performance, regional performance, targets versus actuals, and customer segmentation."
"SALESCOMMERCIAL-00217","2025-10-25","2025-10","Central","Abha Cluster","Home & Living","Premium","In Progress","Key Accounts","10","1229.91","878.16","81","20.61","No","At Risk","SYNTHETIC DEMO DATA — Revenue, profitability, product/category performance, regional performance, targets versus actuals, and customer segmentation."
"SALESCOMMERCIAL-00218","2025-11-07","2025-11","Eastern","Riyadh Metro","Grocery","Seasonal","Completed","Commercial Central","7","1280.92","929.95","81","21.6","Yes","Controlled","SYNTHETIC DEMO DATA — Revenue, profitability, product/category performance, regional performance, targets versus actuals, and customer segmentation."
"SALESCOMMERCIAL-00219","2025-11-20","2025-11","Southern","Jeddah Coast","Apparel","Value","Completed","Key Accounts","4","1087.58","802.63","82","22.59","Yes","Controlled","SYNTHETIC DEMO DATA — Revenue, profitability, product/category performance, regional performance, targets versus actuals, and customer segmentation."
"SALESCOMMERCIAL-00220","2025-12-03","2025-12","Western","Dammam Hub","Electronics","Core","Returned","Commercial Central","1","1592.9","1099.1","74","23.58","Yes","At Risk","SYNTHETIC DEMO DATA — Revenue, profitability, product/category performance, regional performance, targets versus actuals, and customer segmentation."
"SALESCOMMERCIAL-00221","2025-12-16","2025-12","Northern","Tabuk Cluster","Home & Living","Premium","In Progress","Key Accounts","10","1369.96","961.71","75","11.7","Yes","Controlled","SYNTHETIC DEMO DATA — Revenue, profitability, product/category performance, regional performance, targets versus actuals, and customer segmentation."
"SALESCOMMERCIAL-00222","2025-12-29","2025-12","Central","Abha Cluster","Grocery","Seasonal","Completed","Commercial Central","7","1906.64","1361.34","75","12.69","Yes","Controlled","SYNTHETIC DEMO DATA — Revenue, profitability, product/category performance, regional performance, targets versus actuals, and customer segmentation."
"SALESCOMMERCIAL-00223","2026-01-11","2026-01","Eastern","Riyadh Metro","Apparel","Value","Completed","Key Accounts","4","1938.5","1407.35","76","13.68","Yes","Controlled","SYNTHETIC DEMO DATA — Revenue, profitability, product/category performance, regional performance, targets versus actuals, and customer segmentation."
"SALESCOMMERCIAL-00224","2026-01-24","2026-01","Southern","Jeddah Coast","Electronics","Core","Returned","Commercial Central","1","1620.45","1195.89","77","14.67","Yes","At Risk","SYNTHETIC DEMO DATA — Revenue, profitability, product/category performance, regional performance, targets versus actuals, and customer segmentation."
"SALESCOMMERCIAL-00225","2026-02-06","2026-02","Western","Dammam Hub","Home & Living","Premium","In Progress","Key Accounts","10","1378.81","951.38","78","15.66","No","At Risk","SYNTHETIC DEMO DATA — Revenue, profitability, product/category performance, regional performance, targets versus actuals, and customer segmentation."
"SALESCOMMERCIAL-00226","2026-02-19","2026-02","Northern","Tabuk Cluster","Grocery","Seasonal","Completed","Commercial Central","7","1205.86","846.51","79","16.65","No","At Risk","SYNTHETIC DEMO DATA — Revenue, profitability, product/category performance, regional performance, targets versus actuals, and customer segmentation."
"SALESCOMMERCIAL-00227","2026-03-04","2026-03","Central","Abha Cluster","Apparel","Value","Completed","Key Accounts","4","1758.35","1255.46","80","17.64","Yes","Controlled","SYNTHETIC DEMO DATA — Revenue, profitability, product/category performance, regional performance, targets versus actuals, and customer segmentation."
"SALESCOMMERCIAL-00228","2026-03-17","2026-03","Eastern","Riyadh Metro","Electronics","Core","Returned","Commercial Central","1","1715.98","1245.8","81","18.63","Yes","At Risk","SYNTHETIC DEMO DATA — Revenue, profitability, product/category performance, regional performance, targets versus actuals, and customer segmentation."
"SALESCOMMERCIAL-00229","2026-03-30","2026-03","Southern","Jeddah Coast","Home & Living","Premium","In Progress","Key Accounts","10","1475.72","1089.08","81","19.62","Yes","Controlled","SYNTHETIC DEMO DATA — Revenue, profitability, product/category performance, regional performance, targets versus actuals, and customer segmentation."
"SALESCOMMERCIAL-00230","2026-04-12","2026-04","Western","Dammam Hub","Grocery","Seasonal","Completed","Commercial Central","7","1549.95","1069.47","82","20.61","Yes","Controlled","SYNTHETIC DEMO DATA — Revenue, profitability, product/category performance, regional performance, targets versus actuals, and customer segmentation."
"SALESCOMMERCIAL-00231","2026-04-25","2026-04","Northern","Tabuk Cluster","Apparel","Value","Completed","Key Accounts","4","1328.95","932.92","74","21.6","Yes","Controlled","SYNTHETIC DEMO DATA — Revenue, profitability, product/category performance, regional performance, targets versus actuals, and customer segmentation."
"SALESCOMMERCIAL-00232","2026-05-08","2026-05","Central","Abha Cluster","Electronics","Core","Returned","Commercial Central","1","1926.86","1375.78","75","22.59","Yes","At Risk","SYNTHETIC DEMO DATA — Revenue, profitability, product/category performance, regional performance, targets versus actuals, and customer segmentation."
"SALESCOMMERCIAL-00233","2026-05-21","2026-05","Eastern","Riyadh Metro","Home & Living","Premium","In Progress","Key Accounts","10","1851.35","1344.08","75","23.58","Yes","Controlled","SYNTHETIC DEMO DATA — Revenue, profitability, product/category performance, regional performance, targets versus actuals, and customer segmentation."
"SALESCOMMERCIAL-00234","2026-06-03","2026-06","Southern","Jeddah Coast","Grocery","Seasonal","Completed","Commercial Central","7","968.86","715.02","76","11.7","No","At Risk","SYNTHETIC DEMO DATA — Revenue, profitability, product/category performance, regional performance, targets versus actuals, and customer segmentation."
"SALESCOMMERCIAL-00235","2026-06-16","2026-06","Western","Dammam Hub","Apparel","Value","Completed","Key Accounts","4","1358.16","937.13","77","12.69","No","At Risk","SYNTHETIC DEMO DATA — Revenue, profitability, product/category performance, regional performance, targets versus actuals, and customer segmentation."
"SALESCOMMERCIAL-00236","2025-01-05","2025-01","Northern","Tabuk Cluster","Electronics","Core","Returned","Commercial Central","1","1144.47","803.42","78","13.68","Yes","At Risk","SYNTHETIC DEMO DATA — Revenue, profitability, product/category performance, regional performance, targets versus actuals, and customer segmentation."
"SALESCOMMERCIAL-00237","2025-01-18","2025-01","Central","Abha Cluster","Home & Living","Premium","In Progress","Key Accounts","10","1582.38","1129.82","79","14.67","Yes","Controlled","SYNTHETIC DEMO DATA — Revenue, profitability, product/category performance, regional performance, targets versus actuals, and customer segmentation."
"SALESCOMMERCIAL-00238","2025-01-31","2025-01","Eastern","Riyadh Metro","Grocery","Seasonal","Completed","Commercial Central","7","1538.28","1116.79","80","15.66","Yes","Controlled","SYNTHETIC DEMO DATA — Revenue, profitability, product/category performance, regional performance, targets versus actuals, and customer segmentation."
"SALESCOMMERCIAL-00239","2025-02-13","2025-02","Southern","Jeddah Coast","Apparel","Value","Completed","Key Accounts","4","1364.84","1007.25","81","16.65","Yes","Controlled","SYNTHETIC DEMO DATA — Revenue, profitability, product/category performance, regional performance, targets versus actuals, and customer segmentation."
"SALESCOMMERCIAL-00240","2025-02-26","2025-02","Western","Dammam Hub","Electronics","Core","Returned","Commercial Central","1","1875.72","1294.25","81","17.64","Yes","At Risk","SYNTHETIC DEMO DATA — Revenue, profitability, product/category performance, regional performance, targets versus actuals, and customer segmentation."
"SALESCOMMERCIAL-00241","2025-03-11","2025-03","Northern","Tabuk Cluster","Home & Living","Premium","In Progress","Key Accounts","10","1684.04","1182.2","82","18.63","Yes","Controlled","SYNTHETIC DEMO DATA — Revenue, profitability, product/category performance, regional performance, targets versus actuals, and customer segmentation."
"SALESCOMMERCIAL-00242","2025-03-24","2025-03","Central","Abha Cluster","Grocery","Seasonal","Completed","Commercial Central","7","2292.4","1636.77","74","19.62","Yes","Controlled","SYNTHETIC DEMO DATA — Revenue, profitability, product/category performance, regional performance, targets versus actuals, and customer segmentation."
"SALESCOMMERCIAL-00243","2025-04-06","2025-04","Eastern","Riyadh Metro","Apparel","Value","Completed","Key Accounts","4","1010.08","733.32","75","20.61","No","At Risk","SYNTHETIC DEMO DATA — Revenue, profitability, product/category performance, regional performance, targets versus actuals, and customer segmentation."
"SALESCOMMERCIAL-00244","2025-04-19","2025-04","Southern","Jeddah Coast","Electronics","Core","Returned","Commercial Central","1","865.76","638.93","75","21.6","No","At Risk","SYNTHETIC DEMO DATA — Revenue, profitability, product/category performance, regional performance, targets versus actuals, and customer segmentation."
"SALESCOMMERCIAL-00245","2025-05-02","2025-05","Western","Dammam Hub","Home & Living","Premium","In Progress","Key Accounts","10","1282.99","885.26","76","22.59","Yes","Controlled","SYNTHETIC DEMO DATA — Revenue, profitability, product/category performance, regional performance, targets versus actuals, and customer segmentation."
"SALESCOMMERCIAL-00246","2025-05-15","2025-05","Northern","Tabuk Cluster","Grocery","Seasonal","Completed","Commercial Central","7","1111.51","780.28","77","23.58","Yes","Controlled","SYNTHETIC DEMO DATA — Revenue, profitability, product/category performance, regional performance, targets versus actuals, and customer segmentation."
"SALESCOMMERCIAL-00247","2025-05-28","2025-05","Central","Abha Cluster","Apparel","Value","Completed","Key Accounts","4","1530.87","1093.04","78","11.7","Yes","Controlled","SYNTHETIC DEMO DATA — Revenue, profitability, product/category performance, regional performance, targets versus actuals, and customer segmentation."
"SALESCOMMERCIAL-00248","2025-06-10","2025-06","Eastern","Riyadh Metro","Electronics","Core","Returned","Commercial Central","1","1570.35","1140.07","79","12.69","Yes","At Risk","SYNTHETIC DEMO DATA — Revenue, profitability, product/category performance, regional performance, targets versus actuals, and customer segmentation."
"SALESCOMMERCIAL-00249","2025-06-23","2025-06","Southern","Jeddah Coast","Home & Living","Premium","In Progress","Key Accounts","10","1319.59","973.86","80","13.68","Yes","Controlled","SYNTHETIC DEMO DATA — Revenue, profitability, product/category performance, regional performance, targets versus actuals, and customer segmentation."
"SALESCOMMERCIAL-00250","2025-07-06","2025-07","Western","Dammam Hub","Grocery","Seasonal","Completed","Commercial Central","7","1942.78","1340.52","81","14.67","Yes","Controlled","SYNTHETIC DEMO DATA — Revenue, profitability, product/category performance, regional performance, targets versus actuals, and customer segmentation."
"SALESCOMMERCIAL-00251","2025-07-19","2025-07","Northern","Tabuk Cluster","Apparel","Value","Completed","Key Accounts","4","1657.08","1163.27","81","15.66","Yes","Controlled","SYNTHETIC DEMO DATA — Revenue, profitability, product/category performance, regional performance, targets versus actuals, and customer segmentation."
"SALESCOMMERCIAL-00252","2025-08-01","2025-08","Central","Abha Cluster","Electronics","Core","Returned","Commercial Central","1","1403.9","1002.38","82","16.65","No","At Risk","SYNTHETIC DEMO DATA — Revenue, profitability, product/category performance, regional performance, targets versus actuals, and customer segmentation."
"SALESCOMMERCIAL-00253","2025-08-14","2025-08","Eastern","Riyadh Metro","Home & Living","Premium","In Progress","Key Accounts","10","1383.08","1004.12","74","17.64","No","At Risk","SYNTHETIC DEMO DATA — Revenue, profitability, product/category performance, regional performance, targets versus actuals, and customer segmentation."
"SALESCOMMERCIAL-00254","2025-08-27","2025-08","Southern","Jeddah Coast","Grocery","Seasonal","Completed","Commercial Central","7","1179.5","870.47","75","18.63","Yes","Controlled","SYNTHETIC DEMO DATA — Revenue, profitability, product/category performance, regional performance, targets versus actuals, and customer segmentation."
"SALESCOMMERCIAL-00255","2025-09-09","2025-09","Western","Dammam Hub","Apparel","Value","Completed","Key Accounts","4","1719.77","1186.64","75","19.62","Yes","Controlled","SYNTHETIC DEMO DATA — Revenue, profitability, product/category performance, regional performance, targets versus actuals, and customer segmentation."
"SALESCOMMERCIAL-00256","2025-09-22","2025-09","Northern","Tabuk Cluster","Electronics","Core","Returned","Commercial Central","1","1484.15","1041.87","76","20.61","Yes","At Risk","SYNTHETIC DEMO DATA — Revenue, profitability, product/category performance, regional performance, targets versus actuals, and customer segmentation."
"SALESCOMMERCIAL-00257","2025-10-05","2025-10","Central","Abha Cluster","Home & Living","Premium","In Progress","Key Accounts","10","1579.05","1127.44","77","21.6","Yes","Controlled","SYNTHETIC DEMO DATA — Revenue, profitability, product/category performance, regional performance, targets versus actuals, and customer segmentation."
"SALESCOMMERCIAL-00258","2025-10-18","2025-10","Eastern","Riyadh Metro","Grocery","Seasonal","Completed","Commercial Central","7","1525.12","1107.24","78","22.59","Yes","Controlled","SYNTHETIC DEMO DATA — Revenue, profitability, product/category performance, regional performance, targets versus actuals, and customer segmentation."
"SALESCOMMERCIAL-00259","2025-10-31","2025-10","Southern","Jeddah Coast","Apparel","Value","Completed","Key Accounts","4","1278.06","943.21","79","23.58","Yes","Controlled","SYNTHETIC DEMO DATA — Revenue, profitability, product/category performance, regional performance, targets versus actuals, and customer segmentation."
"SALESCOMMERCIAL-00260","2025-11-13","2025-11","Western","Dammam Hub","Electronics","Core","Returned","Commercial Central","1","1856.51","1280.99","80","11.7","Yes","At Risk","SYNTHETIC DEMO DATA — Revenue, profitability, product/category performance, regional performance, targets versus actuals, and customer segmentation."
"SALESCOMMERCIAL-00261","2025-11-26","2025-11","Northern","Tabuk Cluster","Home & Living","Premium","In Progress","Key Accounts","10","936.25","657.25","81","12.69","No","At Risk","SYNTHETIC DEMO DATA — Revenue, profitability, product/category performance, regional performance, targets versus actuals, and customer segmentation."
"SALESCOMMERCIAL-00262","2025-12-09","2025-12","Central","Abha Cluster","Grocery","Seasonal","Completed","Commercial Central","7","1383.65","987.93","81","13.68","No","At Risk","SYNTHETIC DEMO DATA — Revenue, profitability, product/category performance, regional performance, targets versus actuals, and customer segmentation."
"SALESCOMMERCIAL-00263","2025-12-22","2025-12","Eastern","Riyadh Metro","Apparel","Value","Completed","Key Accounts","4","1356.27","984.65","82","14.67","Yes","Controlled","SYNTHETIC DEMO DATA — Revenue, profitability, product/category performance, regional performance, targets versus actuals, and customer segmentation."
"SALESCOMMERCIAL-00264","2026-01-04","2026-01","Southern","Jeddah Coast","Electronics","Core","Returned","Commercial Central","1","1236.29","912.38","74","15.66","Yes","At Risk","SYNTHETIC DEMO DATA — Revenue, profitability, product/category performance, regional performance, targets versus actuals, and customer segmentation."
"SALESCOMMERCIAL-00265","2026-01-17","2026-01","Western","Dammam Hub","Home & Living","Premium","In Progress","Key Accounts","10","1710.11","1179.98","75","16.65","Yes","Controlled","SYNTHETIC DEMO DATA — Revenue, profitability, product/category performance, regional performance, targets versus actuals, and customer segmentation."
"SALESCOMMERCIAL-00266","2026-01-30","2026-01","Northern","Tabuk Cluster","Grocery","Seasonal","Completed","Commercial Central","7","1470.77","1032.48","75","17.64","Yes","Controlled","SYNTHETIC DEMO DATA — Revenue, profitability, product/category performance, regional performance, targets versus actuals, and customer segmentation."
"SALESCOMMERCIAL-00267","2026-02-12","2026-02","Central","Abha Cluster","Apparel","Value","Completed","Key Accounts","4","2118.49","1512.6","76","18.63","Yes","Controlled","SYNTHETIC DEMO DATA — Revenue, profitability, product/category performance, regional performance, targets versus actuals, and customer segmentation."
"SALESCOMMERCIAL-00268","2026-02-25","2026-02","Eastern","Riyadh Metro","Electronics","Core","Returned","Commercial Central","1","2040.52","1481.42","77","19.62","Yes","At Risk","SYNTHETIC DEMO DATA — Revenue, profitability, product/category performance, regional performance, targets versus actuals, and customer segmentation."
"SALESCOMMERCIAL-00269","2026-03-10","2026-03","Southern","Jeddah Coast","Home & Living","Premium","In Progress","Key Accounts","10","1791.02","1321.77","78","20.61","Yes","Controlled","SYNTHETIC DEMO DATA — Revenue, profitability, product/category performance, regional performance, targets versus actuals, and customer segmentation."
"SALESCOMMERCIAL-00270","2026-03-23","2026-03","Western","Dammam Hub","Grocery","Seasonal","Completed","Commercial Central","7","1447.76","998.95","79","21.6","No","At Risk","SYNTHETIC DEMO DATA — Revenue, profitability, product/category performance, regional performance, targets versus actuals, and customer segmentation."
"SALESCOMMERCIAL-00271","2026-04-05","2026-04","Northern","Tabuk Cluster","Apparel","Value","Completed","Key Accounts","4","980.89","688.58","80","22.59","No","At Risk","SYNTHETIC DEMO DATA — Revenue, profitability, product/category performance, regional performance, targets versus actuals, and customer segmentation."
"SALESCOMMERCIAL-00272","2026-04-18","2026-04","Central","Abha Cluster","Electronics","Core","Returned","Commercial Central","1","1362.19","972.6","81","23.58","Yes","At Risk","SYNTHETIC DEMO DATA — Revenue, profitability, product/category performance, regional performance, targets versus actuals, and customer segmentation."
"SALESCOMMERCIAL-00273","2026-05-01","2026-05","Eastern","Riyadh Metro","Home & Living","Premium","In Progress","Key Accounts","10","1412.45","1025.44","81","11.7","Yes","Controlled","SYNTHETIC DEMO DATA — Revenue, profitability, product/category performance, regional performance, targets versus actuals, and customer segmentation."
"SALESCOMMERCIAL-00274","2026-05-14","2026-05","Southern","Jeddah Coast","Grocery","Seasonal","Completed","Commercial Central","7","1194.63","881.64","82","12.69","Yes","Controlled","SYNTHETIC DEMO DATA — Revenue, profitability, product/category performance, regional performance, targets versus actuals, and customer segmentation."
"SALESCOMMERCIAL-00275","2026-05-27","2026-05","Western","Dammam Hub","Apparel","Value","Completed","Key Accounts","4","1646.82","1136.31","74","13.68","Yes","Controlled","SYNTHETIC DEMO DATA — Revenue, profitability, product/category performance, regional performance, targets versus actuals, and customer segmentation."
"SALESCOMMERCIAL-00276","2026-06-09","2026-06","Northern","Tabuk Cluster","Electronics","Core","Returned","Commercial Central","1","1495.07","1049.54","75","14.67","Yes","At Risk","SYNTHETIC DEMO DATA — Revenue, profitability, product/category performance, regional performance, targets versus actuals, and customer segmentation."
"SALESCOMMERCIAL-00277","2026-06-22","2026-06","Central","Abha Cluster","Home & Living","Premium","In Progress","Key Accounts","10","2040.21","1456.71","75","15.66","Yes","Controlled","SYNTHETIC DEMO DATA — Revenue, profitability, product/category performance, regional performance, targets versus actuals, and customer segmentation."
"SALESCOMMERCIAL-00278","2025-01-11","2025-01","Eastern","Riyadh Metro","Grocery","Seasonal","Completed","Commercial Central","7","1898.31","1378.17","76","16.65","Yes","Controlled","SYNTHETIC DEMO DATA — Revenue, profitability, product/category performance, regional performance, targets versus actuals, and customer segmentation."
"SALESCOMMERCIAL-00279","2025-01-24","2025-01","Southern","Jeddah Coast","Apparel","Value","Completed","Key Accounts","4","938.24","692.42","77","17.64","No","At Risk","SYNTHETIC DEMO DATA — Revenue, profitability, product/category performance, regional performance, targets versus actuals, and customer segmentation."
"SALESCOMMERCIAL-00280","2025-02-06","2025-02","Western","Dammam Hub","Electronics","Core","Returned","Commercial Central","1","1384.46","955.28","78","18.63","No","At Risk","SYNTHETIC DEMO DATA — Revenue, profitability, product/category performance, regional performance, targets versus actuals, and customer segmentation."
"SALESCOMMERCIAL-00281","2025-02-19","2025-02","Northern","Tabuk Cluster","Home & Living","Premium","In Progress","Key Accounts","10","1204.7","845.7","79","19.62","Yes","Controlled","SYNTHETIC DEMO DATA — Revenue, profitability, product/category performance, regional performance, targets versus actuals, and customer segmentation."
"SALESCOMMERCIAL-00282","2025-03-04","2025-03","Central","Abha Cluster","Grocery","Seasonal","Completed","Commercial Central","7","1748.94","1248.74","80","20.61","Yes","Controlled","SYNTHETIC DEMO DATA — Revenue, profitability, product/category performance, regional performance, targets versus actuals, and customer segmentation."
"SALESCOMMERCIAL-00283","2025-03-17","2025-03","Eastern","Riyadh Metro","Apparel","Value","Completed","Key Accounts","4","1700.21","1234.35","81","21.6","Yes","Controlled","SYNTHETIC DEMO DATA — Revenue, profitability, product/category performance, regional performance, targets versus actuals, and customer segmentation."
"SALESCOMMERCIAL-00284","2025-03-30","2025-03","Southern","Jeddah Coast","Electronics","Core","Returned","Commercial Central","1","1433.08","1057.61","81","22.59","Yes","At Risk","SYNTHETIC DEMO DATA — Revenue, profitability, product/category performance, regional performance, targets versus actuals, and customer segmentation."
"SALESCOMMERCIAL-00285","2025-04-12","2025-04","Western","Dammam Hub","Home & Living","Premium","In Progress","Key Accounts","10","1527.59","1054.04","82","23.58","Yes","Controlled","SYNTHETIC DEMO DATA — Revenue, profitability, product/category performance, regional performance, targets versus actuals, and customer segmentation."
"SALESCOMMERCIAL-00286","2025-04-25","2025-04","Northern","Tabuk Cluster","Grocery","Seasonal","Completed","Commercial Central","7","1306.18","916.94","74","11.7","Yes","Controlled","SYNTHETIC DEMO DATA — Revenue, profitability, product/category performance, regional performance, targets versus actuals, and customer segmentation."
"SALESCOMMERCIAL-00287","2025-05-08","2025-05","Central","Abha Cluster","Apparel","Value","Completed","Key Accounts","4","1889.15","1348.85","75","12.69","Yes","Controlled","SYNTHETIC DEMO DATA — Revenue, profitability, product/category performance, regional performance, targets versus actuals, and customer segmentation."
"SALESCOMMERCIAL-00288","2025-05-21","2025-05","Eastern","Riyadh Metro","Electronics","Core","Returned","Commercial Central","1","1073.21","779.15","75","13.68","No","At Risk","SYNTHETIC DEMO DATA — Revenue, profitability, product/category performance, regional performance, targets versus actuals, and customer segmentation."
"SALESCOMMERCIAL-00289","2025-06-03","2025-06","Southern","Jeddah Coast","Home & Living","Premium","In Progress","Key Accounts","10","973.98","718.8","76","14.67","No","At Risk","SYNTHETIC DEMO DATA — Revenue, profitability, product/category performance, regional performance, targets versus actuals, and customer segmentation."
"SALESCOMMERCIAL-00290","2025-06-16","2025-06","Western","Dammam Hub","Grocery","Seasonal","Completed","Commercial Central","7","1358.46","937.34","77","15.66","Yes","Controlled","SYNTHETIC DEMO DATA — Revenue, profitability, product/category performance, regional performance, targets versus actuals, and customer segmentation."
"SALESCOMMERCIAL-00291","2025-06-29","2025-06","Northern","Tabuk Cluster","Apparel","Value","Completed","Key Accounts","4","1176.89","826.18","78","16.65","Yes","Controlled","SYNTHETIC DEMO DATA — Revenue, profitability, product/category performance, regional performance, targets versus actuals, and customer segmentation."
"SALESCOMMERCIAL-00292","2025-07-12","2025-07","Central","Abha Cluster","Electronics","Core","Returned","Commercial Central","1","1741.22","1243.23","79","17.64","Yes","At Risk","SYNTHETIC DEMO DATA — Revenue, profitability, product/category performance, regional performance, targets versus actuals, and customer segmentation."
"SALESCOMMERCIAL-00293","2025-07-25","2025-07","Eastern","Riyadh Metro","Home & Living","Premium","In Progress","Key Accounts","10","1686.91","1224.7","80","18.63","Yes","Controlled","SYNTHETIC DEMO DATA — Revenue, profitability, product/category performance, regional performance, targets versus actuals, and customer segmentation."
"SALESCOMMERCIAL-00294","2025-08-07","2025-08","Southern","Jeddah Coast","Grocery","Seasonal","Completed","Commercial Central","7","1492.14","1101.2","81","19.62","Yes","Controlled","SYNTHETIC DEMO DATA — Revenue, profitability, product/category performance, regional performance, targets versus actuals, and customer segmentation."
"SALESCOMMERCIAL-00295","2025-08-20","2025-08","Western","Dammam Hub","Apparel","Value","Completed","Key Accounts","4","2045.03","1411.07","81","20.61","Yes","Controlled","SYNTHETIC DEMO DATA — Revenue, profitability, product/category performance, regional performance, targets versus actuals, and customer segmentation."
"SALESCOMMERCIAL-00296","2025-09-02","2025-09","Northern","Tabuk Cluster","Electronics","Core","Returned","Commercial Central","1","1831.51","1285.72","82","21.6","Yes","At Risk","SYNTHETIC DEMO DATA — Revenue, profitability, product/category performance, regional performance, targets versus actuals, and customer segmentation."
"SALESCOMMERCIAL-00297","2025-09-15","2025-09","Central","Abha Cluster","Home & Living","Premium","In Progress","Key Accounts","10","1474.09","1052.5","74","22.59","No","At Risk","SYNTHETIC DEMO DATA — Revenue, profitability, product/category performance, regional performance, targets versus actuals, and customer segmentation."
"SALESCOMMERCIAL-00298","2025-09-28","2025-09","Eastern","Riyadh Metro","Grocery","Seasonal","Completed","Commercial Central","7","1477.46","1072.64","75","23.58","No","At Risk","SYNTHETIC DEMO DATA — Revenue, profitability, product/category performance, regional performance, targets versus actuals, and customer segmentation."
"SALESCOMMERCIAL-00299","2025-10-11","2025-10","Southern","Jeddah Coast","Apparel","Value","Completed","Key Accounts","4","959.99","708.47","75","11.7","Yes","Controlled","SYNTHETIC DEMO DATA — Revenue, profitability, product/category performance, regional performance, targets versus actuals, and customer segmentation."
"SALESCOMMERCIAL-00300","2025-10-24","2025-10","Western","Dammam Hub","Electronics","Core","Returned","Commercial Central","1","1333.07","919.82","76","12.69","Yes","At Risk","SYNTHETIC DEMO DATA — Revenue, profitability, product/category performance, regional performance, targets versus actuals, and customer segmentation."
"SALESCOMMERCIAL-00301","2025-11-06","2025-11","Northern","Tabuk Cluster","Home & Living","Premium","In Progress","Key Accounts","10","1222.33","858.08","77","13.68","Yes","Controlled","SYNTHETIC DEMO DATA — Revenue, profitability, product/category performance, regional performance, targets versus actuals, and customer segmentation."
"SALESCOMMERCIAL-00302","2025-11-19","2025-11","Central","Abha Cluster","Grocery","Seasonal","Completed","Commercial Central","7","1677.74","1197.91","78","14.67","Yes","Controlled","SYNTHETIC DEMO DATA — Revenue, profitability, product/category performance, regional performance, targets versus actuals, and customer segmentation."
"SALESCOMMERCIAL-00303","2025-12-02","2025-12","Eastern","Riyadh Metro","Apparel","Value","Completed","Key Accounts","4","1715.76","1245.64","79","15.66","Yes","Controlled","SYNTHETIC DEMO DATA — Revenue, profitability, product/category performance, regional performance, targets versus actuals, and customer segmentation."
"SALESCOMMERCIAL-00304","2025-12-15","2025-12","Southern","Jeddah Coast","Electronics","Core","Returned","Commercial Central","1","1437.82","1061.11","80","16.65","Yes","At Risk","SYNTHETIC DEMO DATA — Revenue, profitability, product/category performance, regional performance, targets versus actuals, and customer segmentation."
"SALESCOMMERCIAL-00305","2025-12-28","2025-12","Western","Dammam Hub","Home & Living","Premium","In Progress","Key Accounts","10","1999.28","1379.5","81","17.64","Yes","Controlled","SYNTHETIC DEMO DATA — Revenue, profitability, product/category performance, regional performance, targets versus actuals, and customer segmentation."
"SALESCOMMERCIAL-00306","2026-01-10","2026-01","Northern","Tabuk Cluster","Grocery","Seasonal","Completed","Commercial Central","7","1064.27","747.12","81","18.63","No","At Risk","SYNTHETIC DEMO DATA — Revenue, profitability, product/category performance, regional performance, targets versus actuals, and customer segmentation."
"SALESCOMMERCIAL-00307","2026-01-23","2026-01","Central","Abha Cluster","Apparel","Value","Completed","Key Accounts","4","1485.47","1060.63","82","19.62","No","At Risk","SYNTHETIC DEMO DATA — Revenue, profitability, product/category performance, regional performance, targets versus actuals, and customer segmentation."
"SALESCOMMERCIAL-00308","2026-02-05","2026-02","Eastern","Riyadh Metro","Electronics","Core","Returned","Commercial Central","1","1532.7","1112.74","74","20.61","Yes","At Risk","SYNTHETIC DEMO DATA — Revenue, profitability, product/category performance, regional performance, targets versus actuals, and customer segmentation."
"SALESCOMMERCIAL-00309","2026-02-18","2026-02","Southern","Jeddah Coast","Home & Living","Premium","In Progress","Key Accounts","10","1301.36","960.4","75","21.6","Yes","Controlled","SYNTHETIC DEMO DATA — Revenue, profitability, product/category performance, regional performance, targets versus actuals, and customer segmentation."
"SALESCOMMERCIAL-00310","2026-03-03","2026-03","Western","Dammam Hub","Grocery","Seasonal","Completed","Commercial Central","7","1890.13","1304.19","75","22.59","Yes","Controlled","SYNTHETIC DEMO DATA — Revenue, profitability, product/category performance, regional performance, targets versus actuals, and customer segmentation."
"SALESCOMMERCIAL-00311","2026-03-16","2026-03","Northern","Tabuk Cluster","Apparel","Value","Completed","Key Accounts","4","1625.58","1141.16","76","23.58","Yes","Controlled","SYNTHETIC DEMO DATA — Revenue, profitability, product/category performance, regional performance, targets versus actuals, and customer segmentation."
"SALESCOMMERCIAL-00312","2026-03-29","2026-03","Central","Abha Cluster","Electronics","Core","Returned","Commercial Central","1","2261.77","1614.9","77","11.7","Yes","At Risk","SYNTHETIC DEMO DATA — Revenue, profitability, product/category performance, regional performance, targets versus actuals, and customer segmentation."
"SALESCOMMERCIAL-00313","2026-04-11","2026-04","Eastern","Riyadh Metro","Home & Living","Premium","In Progress","Key Accounts","10","1659.83","1205.04","78","12.69","Yes","Controlled","SYNTHETIC DEMO DATA — Revenue, profitability, product/category performance, regional performance, targets versus actuals, and customer segmentation."
"SALESCOMMERCIAL-00314","2026-04-24","2026-04","Southern","Jeddah Coast","Grocery","Seasonal","Completed","Commercial Central","7","1387.5","1023.98","79","13.68","Yes","Controlled","SYNTHETIC DEMO DATA — Revenue, profitability, product/category performance, regional performance, targets versus actuals, and customer segmentation."
"SALESCOMMERCIAL-00315","2026-05-07","2026-05","Western","Dammam Hub","Apparel","Value","Completed","Key Accounts","4","1191.67","822.25","80","14.67","No","At Risk","SYNTHETIC DEMO DATA — Revenue, profitability, product/category performance, regional performance, targets versus actuals, and customer segmentation."
"SALESCOMMERCIAL-00316","2026-05-20","2026-05","Northern","Tabuk Cluster","Electronics","Core","Returned","Commercial Central","1","1042.2","731.62","81","15.66","No","At Risk","SYNTHETIC DEMO DATA — Revenue, profitability, product/category performance, regional performance, targets versus actuals, and customer segmentation."
"SALESCOMMERCIAL-00317","2026-06-02","2026-06","Central","Abha Cluster","Home & Living","Premium","In Progress","Key Accounts","10","1532.46","1094.18","81","16.65","Yes","Controlled","SYNTHETIC DEMO DATA — Revenue, profitability, product/category performance, regional performance, targets versus actuals, and customer segmentation."
"SALESCOMMERCIAL-00318","2026-06-15","2026-06","Eastern","Riyadh Metro","Grocery","Seasonal","Completed","Commercial Central","7","1495.54","1085.76","82","17.64","Yes","Controlled","SYNTHETIC DEMO DATA — Revenue, profitability, product/category performance, regional performance, targets versus actuals, and customer segmentation."
"SALESCOMMERCIAL-00319","2025-01-04","2025-01","Southern","Jeddah Coast","Apparel","Value","Completed","Key Accounts","4","1224.93","904","74","18.63","Yes","Controlled","SYNTHETIC DEMO DATA — Revenue, profitability, product/category performance, regional performance, targets versus actuals, and customer segmentation."
"SALESCOMMERCIAL-00320","2025-01-17","2025-01","Western","Dammam Hub","Electronics","Core","Returned","Commercial Central","1","1688.59","1165.13","75","19.62","Yes","At Risk","SYNTHETIC DEMO DATA — Revenue, profitability, product/category performance, regional performance, targets versus actuals, and customer segmentation."
"SALESCOMMERCIAL-00321","2025-01-30","2025-01","Northern","Tabuk Cluster","Home & Living","Premium","In Progress","Key Accounts","10","1447.82","1016.37","75","20.61","Yes","Controlled","SYNTHETIC DEMO DATA — Revenue, profitability, product/category performance, regional performance, targets versus actuals, and customer segmentation."
"SALESCOMMERCIAL-00322","2025-02-12","2025-02","Central","Abha Cluster","Grocery","Seasonal","Completed","Commercial Central","7","2079.72","1484.92","76","21.6","Yes","Controlled","SYNTHETIC DEMO DATA — Revenue, profitability, product/category performance, regional performance, targets versus actuals, and customer segmentation."
"SALESCOMMERCIAL-00323","2025-02-25","2025-02","Eastern","Riyadh Metro","Apparel","Value","Completed","Key Accounts","4","1998.22","1450.71","77","22.59","Yes","Controlled","SYNTHETIC DEMO DATA — Revenue, profitability, product/category performance, regional performance, targets versus actuals, and customer segmentation."
"SALESCOMMERCIAL-00324","2025-03-10","2025-03","Southern","Jeddah Coast","Electronics","Core","Returned","Commercial Central","1","1037.01","765.31","78","23.58","No","At Risk","SYNTHETIC DEMO DATA — Revenue, profitability, product/category performance, regional performance, targets versus actuals, and customer segmentation."
"SALESCOMMERCIAL-00325","2025-03-23","2025-03","Western","Dammam Hub","Home & Living","Premium","In Progress","Key Accounts","10","1453.68","1003.04","79","11.7","No","At Risk","SYNTHETIC DEMO DATA — Revenue, profitability, product/category performance, regional performance, targets versus actuals, and customer segmentation."
"SALESCOMMERCIAL-00326","2025-04-05","2025-04","Northern","Tabuk Cluster","Grocery","Seasonal","Completed","Commercial Central","7","981.11","688.74","80","12.69","Yes","Controlled","SYNTHETIC DEMO DATA — Revenue, profitability, product/category performance, regional performance, targets versus actuals, and customer segmentation."
"SALESCOMMERCIAL-00327","2025-04-18","2025-04","Central","Abha Cluster","Apparel","Value","Completed","Key Accounts","4","1356.51","968.55","81","13.68","Yes","Controlled","SYNTHETIC DEMO DATA — Revenue, profitability, product/category performance, regional performance, targets versus actuals, and customer segmentation."
"SALESCOMMERCIAL-00328","2025-05-01","2025-05","Eastern","Riyadh Metro","Electronics","Core","Returned","Commercial Central","1","1401.13","1017.22","81","14.67","Yes","At Risk","SYNTHETIC DEMO DATA — Revenue, profitability, product/category performance, regional performance, targets versus actuals, and customer segmentation."
"SALESCOMMERCIAL-00329","2025-05-14","2025-05","Southern","Jeddah Coast","Home & Living","Premium","In Progress","Key Accounts","10","1181","871.58","82","15.66","Yes","Controlled","SYNTHETIC DEMO DATA — Revenue, profitability, product/category performance, regional performance, targets versus actuals, and customer segmentation."
"SALESCOMMERCIAL-00330","2025-05-27","2025-05","Western","Dammam Hub","Grocery","Seasonal","Completed","Commercial Central","7","1623.06","1119.91","74","16.65","Yes","Controlled","SYNTHETIC DEMO DATA — Revenue, profitability, product/category performance, regional performance, targets versus actuals, and customer segmentation."
"SALESCOMMERCIAL-00331","2025-06-09","2025-06","Northern","Tabuk Cluster","Apparel","Value","Completed","Key Accounts","4","1469.45","1031.55","75","17.64","Yes","Controlled","SYNTHETIC DEMO DATA — Revenue, profitability, product/category performance, regional performance, targets versus actuals, and customer segmentation."
"SALESCOMMERCIAL-00332","2025-06-22","2025-06","Central","Abha Cluster","Electronics","Core","Returned","Commercial Central","1","2000.28","1428.2","75","18.63","Yes","At Risk","SYNTHETIC DEMO DATA — Revenue, profitability, product/category performance, regional performance, targets versus actuals, and customer segmentation."
"SALESCOMMERCIAL-00333","2025-07-05","2025-07","Eastern","Riyadh Metro","Home & Living","Premium","In Progress","Key Accounts","10","1220.68","886.21","76","19.62","No","At Risk","SYNTHETIC DEMO DATA — Revenue, profitability, product/category performance, regional performance, targets versus actuals, and customer segmentation."
"SALESCOMMERCIAL-00334","2025-07-18","2025-07","Southern","Jeddah Coast","Grocery","Seasonal","Completed","Commercial Central","7","1046.27","772.15","77","20.61","No","At Risk","SYNTHETIC DEMO DATA — Revenue, profitability, product/category performance, regional performance, targets versus actuals, and customer segmentation."
"SALESCOMMERCIAL-00335","2025-07-31","2025-07","Western","Dammam Hub","Apparel","Value","Completed","Key Accounts","4","1459.29","1006.91","78","21.6","Yes","Controlled","SYNTHETIC DEMO DATA — Revenue, profitability, product/category performance, regional performance, targets versus actuals, and customer segmentation."
"SALESCOMMERCIAL-00336","2025-08-13","2025-08","Northern","Tabuk Cluster","Electronics","Core","Returned","Commercial Central","1","1330.78","934.21","79","22.59","Yes","At Risk","SYNTHETIC DEMO DATA — Revenue, profitability, product/category performance, regional performance, targets versus actuals, and customer segmentation."
"SALESCOMMERCIAL-00337","2025-08-26","2025-08","Central","Abha Cluster","Home & Living","Premium","In Progress","Key Accounts","10","1832.86","1308.66","80","23.58","Yes","Controlled","SYNTHETIC DEMO DATA — Revenue, profitability, product/category performance, regional performance, targets versus actuals, and customer segmentation."
"SALESCOMMERCIAL-00338","2025-09-08","2025-09","Eastern","Riyadh Metro","Grocery","Seasonal","Completed","Commercial Central","7","1864.48","1353.61","81","11.7","Yes","Controlled","SYNTHETIC DEMO DATA — Revenue, profitability, product/category performance, regional performance, targets versus actuals, and customer segmentation."
"SALESCOMMERCIAL-00339","2025-09-21","2025-09","Southern","Jeddah Coast","Apparel","Value","Completed","Key Accounts","4","1566.74","1156.25","81","12.69","Yes","Controlled","SYNTHETIC DEMO DATA — Revenue, profitability, product/category performance, regional performance, targets versus actuals, and customer segmentation."
"SALESCOMMERCIAL-00340","2025-10-04","2025-10","Western","Dammam Hub","Electronics","Core","Returned","Commercial Central","1","1664.45","1148.47","82","13.68","Yes","At Risk","SYNTHETIC DEMO DATA — Revenue, profitability, product/category performance, regional performance, targets versus actuals, and customer segmentation."
"SALESCOMMERCIAL-00341","2025-10-17","2025-10","Northern","Tabuk Cluster","Home & Living","Premium","In Progress","Key Accounts","10","1419.68","996.62","74","14.67","Yes","Controlled","SYNTHETIC DEMO DATA — Revenue, profitability, product/category performance, regional performance, targets versus actuals, and customer segmentation."
"SALESCOMMERCIAL-00342","2025-10-30","2025-10","Central","Abha Cluster","Grocery","Seasonal","Completed","Commercial Central","7","1142.63","815.84","75","15.66","No","At Risk","SYNTHETIC DEMO DATA — Revenue, profitability, product/category performance, regional performance, targets versus actuals, and customer segmentation."
"SALESCOMMERCIAL-00343","2025-11-12","2025-11","Eastern","Riyadh Metro","Apparel","Value","Completed","Key Accounts","4","1196.04","868.33","75","16.65","No","At Risk","SYNTHETIC DEMO DATA — Revenue, profitability, product/category performance, regional performance, targets versus actuals, and customer segmentation."
"SALESCOMMERCIAL-00344","2025-11-25","2025-11","Southern","Jeddah Coast","Electronics","Core","Returned","Commercial Central","1","1019.99","752.75","76","17.64","Yes","At Risk","SYNTHETIC DEMO DATA — Revenue, profitability, product/category performance, regional performance, targets versus actuals, and customer segmentation."
"SALESCOMMERCIAL-00345","2025-12-08","2025-12","Western","Dammam Hub","Home & Living","Premium","In Progress","Key Accounts","10","1499.7","1034.79","77","18.63","Yes","Controlled","SYNTHETIC DEMO DATA — Revenue, profitability, product/category performance, regional performance, targets versus actuals, and customer segmentation."
"SALESCOMMERCIAL-00346","2025-12-21","2025-12","Northern","Tabuk Cluster","Grocery","Seasonal","Completed","Commercial Central","7","1294.23","908.55","78","19.62","Yes","Controlled","SYNTHETIC DEMO DATA — Revenue, profitability, product/category performance, regional performance, targets versus actuals, and customer segmentation."
"SALESCOMMERCIAL-00347","2026-01-03","2026-01","Central","Abha Cluster","Apparel","Value","Completed","Key Accounts","4","1907.15","1361.71","79","20.61","Yes","Controlled","SYNTHETIC DEMO DATA — Revenue, profitability, product/category performance, regional performance, targets versus actuals, and customer segmentation."
"SALESCOMMERCIAL-00348","2026-01-16","2026-01","Eastern","Riyadh Metro","Electronics","Core","Returned","Commercial Central","1","1842.01","1337.3","80","21.6","Yes","At Risk","SYNTHETIC DEMO DATA — Revenue, profitability, product/category performance, regional performance, targets versus actuals, and customer segmentation."
"SALESCOMMERCIAL-00349","2026-01-29","2026-01","Southern","Jeddah Coast","Home & Living","Premium","In Progress","Key Accounts","10","1543.62","1139.19","81","22.59","Yes","Controlled","SYNTHETIC DEMO DATA — Revenue, profitability, product/category performance, regional performance, targets versus actuals, and customer segmentation."
"SALESCOMMERCIAL-00350","2026-02-11","2026-02","Western","Dammam Hub","Grocery","Seasonal","Completed","Commercial Central","7","2221.42","1532.78","81","23.58","Yes","Controlled","SYNTHETIC DEMO DATA — Revenue, profitability, product/category performance, regional performance, targets versus actuals, and customer segmentation."
"SALESCOMMERCIAL-00351","2026-02-24","2026-02","Northern","Tabuk Cluster","Apparel","Value","Completed","Key Accounts","4","1120.29","786.44","82","11.7","No","At Risk","SYNTHETIC DEMO DATA — Revenue, profitability, product/category performance, regional performance, targets versus actuals, and customer segmentation."
"SALESCOMMERCIAL-00352","2026-03-09","2026-03","Central","Abha Cluster","Electronics","Core","Returned","Commercial Central","1","1641.83","1172.27","74","12.69","No","At Risk","SYNTHETIC DEMO DATA — Revenue, profitability, product/category performance, regional performance, targets versus actuals, and customer segmentation."
"SALESCOMMERCIAL-00353","2026-03-22","2026-03","Eastern","Riyadh Metro","Home & Living","Premium","In Progress","Key Accounts","10","1609.34","1168.38","75","13.68","Yes","Controlled","SYNTHETIC DEMO DATA — Revenue, profitability, product/category performance, regional performance, targets versus actuals, and customer segmentation."
"SALESCOMMERCIAL-00354","2026-04-04","2026-04","Southern","Jeddah Coast","Grocery","Seasonal","Completed","Commercial Central","7","1058.57","781.22","75","14.67","Yes","Controlled","SYNTHETIC DEMO DATA — Revenue, profitability, product/category performance, regional performance, targets versus actuals, and customer segmentation."
"SALESCOMMERCIAL-00355","2026-04-17","2026-04","Western","Dammam Hub","Apparel","Value","Completed","Key Accounts","4","1464.28","1010.35","76","15.66","Yes","Controlled","SYNTHETIC DEMO DATA — Revenue, profitability, product/category performance, regional performance, targets versus actuals, and customer segmentation."
"SALESCOMMERCIAL-00356","2026-04-30","2026-04","Northern","Tabuk Cluster","Electronics","Core","Returned","Commercial Central","1","1259.34","884.06","77","16.65","Yes","At Risk","SYNTHETIC DEMO DATA — Revenue, profitability, product/category performance, regional performance, targets versus actuals, and customer segmentation."
"SALESCOMMERCIAL-00357","2026-05-13","2026-05","Central","Abha Cluster","Home & Living","Premium","In Progress","Key Accounts","10","1830.95","1307.3","78","17.64","Yes","Controlled","SYNTHETIC DEMO DATA — Revenue, profitability, product/category performance, regional performance, targets versus actuals, and customer segmentation."
"SALESCOMMERCIAL-00358","2026-05-26","2026-05","Eastern","Riyadh Metro","Grocery","Seasonal","Completed","Commercial Central","7","1763.57","1280.35","79","18.63","Yes","Controlled","SYNTHETIC DEMO DATA — Revenue, profitability, product/category performance, regional performance, targets versus actuals, and customer segmentation."
"SALESCOMMERCIAL-00359","2026-06-08","2026-06","Southern","Jeddah Coast","Apparel","Value","Completed","Key Accounts","4","1560.94","1151.97","80","19.62","Yes","Controlled","SYNTHETIC DEMO DATA — Revenue, profitability, product/category performance, regional performance, targets versus actuals, and customer segmentation."
"SALESCOMMERCIAL-00360","2026-06-21","2026-06","Western","Dammam Hub","Electronics","Core","Returned","Commercial Central","1","1261.77","870.62","81","20.61","No","At Risk","SYNTHETIC DEMO DATA — Revenue, profitability, product/category performance, regional performance, targets versus actuals, and customer segmentation."
"SALESCOMMERCIAL-00361","2025-01-10","2025-01","Northern","Tabuk Cluster","Home & Living","Premium","In Progress","Key Accounts","10","1068.63","750.18","81","21.6","No","At Risk","SYNTHETIC DEMO DATA — Revenue, profitability, product/category performance, regional performance, targets versus actuals, and customer segmentation."
"SALESCOMMERCIAL-00362","2025-01-23","2025-01","Central","Abha Cluster","Grocery","Seasonal","Completed","Commercial Central","7","1484.04","1059.6","82","22.59","Yes","Controlled","SYNTHETIC DEMO DATA — Revenue, profitability, product/category performance, regional performance, targets versus actuals, and customer segmentation."
"SALESCOMMERCIAL-00363","2025-02-05","2025-02","Eastern","Riyadh Metro","Apparel","Value","Completed","Key Accounts","4","1524.5","1106.79","74","23.58","Yes","Controlled","SYNTHETIC DEMO DATA — Revenue, profitability, product/category performance, regional performance, targets versus actuals, and customer segmentation."
"SALESCOMMERCIAL-00364","2025-02-18","2025-02","Southern","Jeddah Coast","Electronics","Core","Returned","Commercial Central","1","1289.4","951.58","75","11.7","Yes","At Risk","SYNTHETIC DEMO DATA — Revenue, profitability, product/category performance, regional performance, targets versus actuals, and customer segmentation."
"SALESCOMMERCIAL-00365","2025-03-03","2025-03","Western","Dammam Hub","Home & Living","Premium","In Progress","Key Accounts","10","1866.34","1287.77","75","12.69","Yes","Controlled","SYNTHETIC DEMO DATA — Revenue, profitability, product/category performance, regional performance, targets versus actuals, and customer segmentation."
"SALESCOMMERCIAL-00366","2025-03-16","2025-03","Northern","Tabuk Cluster","Grocery","Seasonal","Completed","Commercial Central","7","1600.22","1123.35","76","13.68","Yes","Controlled","SYNTHETIC DEMO DATA — Revenue, profitability, product/category performance, regional performance, targets versus actuals, and customer segmentation."
"SALESCOMMERCIAL-00367","2025-03-29","2025-03","Central","Abha Cluster","Apparel","Value","Completed","Key Accounts","4","2183.71","1559.17","77","14.67","Yes","Controlled","SYNTHETIC DEMO DATA — Revenue, profitability, product/category performance, regional performance, targets versus actuals, and customer segmentation."
"SALESCOMMERCIAL-00368","2025-04-11","2025-04","Eastern","Riyadh Metro","Electronics","Core","Returned","Commercial Central","1","1627.35","1181.46","78","15.66","Yes","At Risk","SYNTHETIC DEMO DATA — Revenue, profitability, product/category performance, regional performance, targets versus actuals, and customer segmentation."
"SALESCOMMERCIAL-00369","2025-04-24","2025-04","Southern","Jeddah Coast","Home & Living","Premium","In Progress","Key Accounts","10","804.32","593.59","79","16.65","No","At Risk","SYNTHETIC DEMO DATA — Revenue, profitability, product/category performance, regional performance, targets versus actuals, and customer segmentation."
"SALESCOMMERCIAL-00370","2025-05-07","2025-05","Western","Dammam Hub","Grocery","Seasonal","Completed","Commercial Central","7","1197.97","826.6","80","17.64","No","At Risk","SYNTHETIC DEMO DATA — Revenue, profitability, product/category performance, regional performance, targets versus actuals, and customer segmentation."
"SALESCOMMERCIAL-00371","2025-05-20","2025-05","Northern","Tabuk Cluster","Apparel","Value","Completed","Key Accounts","4","1042.43","731.79","81","18.63","Yes","Controlled","SYNTHETIC DEMO DATA — Revenue, profitability, product/category performance, regional performance, targets versus actuals, and customer segmentation."
"SALESCOMMERCIAL-00372","2025-06-02","2025-06","Central","Abha Cluster","Electronics","Core","Returned","Commercial Central","1","1526.08","1089.62","81","19.62","Yes","At Risk","SYNTHETIC DEMO DATA — Revenue, profitability, product/category performance, regional performance, targets versus actuals, and customer segmentation."
"SALESCOMMERCIAL-00373","2025-06-15","2025-06","Eastern","Riyadh Metro","Home & Living","Premium","In Progress","Key Accounts","10","1483.55","1077.06","82","20.61","Yes","Controlled","SYNTHETIC DEMO DATA — Revenue, profitability, product/category performance, regional performance, targets versus actuals, and customer segmentation."
"SALESCOMMERCIAL-00374","2025-06-28","2025-06","Southern","Jeddah Coast","Grocery","Seasonal","Completed","Commercial Central","7","1250.47","922.85","74","21.6","Yes","Controlled","SYNTHETIC DEMO DATA — Revenue, profitability, product/category performance, regional performance, targets versus actuals, and customer segmentation."
"SALESCOMMERCIAL-00375","2025-07-11","2025-07","Western","Dammam Hub","Apparel","Value","Completed","Key Accounts","4","1846.08","1273.8","75","22.59","Yes","Controlled","SYNTHETIC DEMO DATA — Revenue, profitability, product/category performance, regional performance, targets versus actuals, and customer segmentation."
"SALESCOMMERCIAL-00376","2025-07-24","2025-07","Northern","Tabuk Cluster","Electronics","Core","Returned","Commercial Central","1","1578.51","1108.11","75","23.58","Yes","At Risk","SYNTHETIC DEMO DATA — Revenue, profitability, product/category performance, regional performance, targets versus actuals, and customer segmentation."
"SALESCOMMERCIAL-00377","2025-08-06","2025-08","Central","Abha Cluster","Home & Living","Premium","In Progress","Key Accounts","10","2261.83","1614.95","76","11.7","Yes","Controlled","SYNTHETIC DEMO DATA — Revenue, profitability, product/category performance, regional performance, targets versus actuals, and customer segmentation."
"SALESCOMMERCIAL-00378","2025-08-19","2025-08","Eastern","Riyadh Metro","Grocery","Seasonal","Completed","Commercial Central","7","1284.92","932.85","77","12.69","No","At Risk","SYNTHETIC DEMO DATA — Revenue, profitability, product/category performance, regional performance, targets versus actuals, and customer segmentation."
"SALESCOMMERCIAL-00379","2025-09-01","2025-09","Southern","Jeddah Coast","Apparel","Value","Completed","Key Accounts","4","1156.4","853.42","78","13.68","No","At Risk","SYNTHETIC DEMO DATA — Revenue, profitability, product/category performance, regional performance, targets versus actuals, and customer segmentation."
"SALESCOMMERCIAL-00380","2025-09-14","2025-09","Western","Dammam Hub","Electronics","Core","Returned","Commercial Central","1","1612.89","1112.89","79","14.67","Yes","At Risk","SYNTHETIC DEMO DATA — Revenue, profitability, product/category performance, regional performance, targets versus actuals, and customer segmentation."
"SALESCOMMERCIAL-00381","2025-09-27","2025-09","Northern","Tabuk Cluster","Home & Living","Premium","In Progress","Key Accounts","10","1397.32","980.92","80","15.66","Yes","Controlled","SYNTHETIC DEMO DATA — Revenue, profitability, product/category performance, regional performance, targets versus actuals, and customer segmentation."
"SALESCOMMERCIAL-00382","2025-10-10","2025-10","Central","Abha Cluster","Grocery","Seasonal","Completed","Commercial Central","7","1491.77","1065.12","81","16.65","Yes","Controlled","SYNTHETIC DEMO DATA — Revenue, profitability, product/category performance, regional performance, targets versus actuals, and customer segmentation."
"SALESCOMMERCIAL-00383","2025-10-23","2025-10","Eastern","Riyadh Metro","Apparel","Value","Completed","Key Accounts","4","1445.23","1049.24","81","17.64","Yes","Controlled","SYNTHETIC DEMO DATA — Revenue, profitability, product/category performance, regional performance, targets versus actuals, and customer segmentation."
"SALESCOMMERCIAL-00384","2025-11-05","2025-11","Southern","Jeddah Coast","Electronics","Core","Returned","Commercial Central","1","1290.35","952.28","82","18.63","Yes","At Risk","SYNTHETIC DEMO DATA — Revenue, profitability, product/category performance, regional performance, targets versus actuals, and customer segmentation."
"SALESCOMMERCIAL-00385","2025-11-18","2025-11","Western","Dammam Hub","Home & Living","Premium","In Progress","Key Accounts","10","1768.48","1220.25","74","19.62","Yes","Controlled","SYNTHETIC DEMO DATA — Revenue, profitability, product/category performance, regional performance, targets versus actuals, and customer segmentation."
"SALESCOMMERCIAL-00386","2025-12-01","2025-12","Northern","Tabuk Cluster","Grocery","Seasonal","Completed","Commercial Central","7","1597.14","1121.19","75","20.61","Yes","Controlled","SYNTHETIC DEMO DATA — Revenue, profitability, product/category performance, regional performance, targets versus actuals, and customer segmentation."
"SALESCOMMERCIAL-00387","2025-12-14","2025-12","Central","Abha Cluster","Apparel","Value","Completed","Key Accounts","4","1285.46","917.82","75","21.6","No","At Risk","SYNTHETIC DEMO DATA — Revenue, profitability, product/category performance, regional performance, targets versus actuals, and customer segmentation."
"SALESCOMMERCIAL-00388","2025-12-27","2025-12","Eastern","Riyadh Metro","Electronics","Core","Returned","Commercial Central","1","1288.02","935.1","76","22.59","No","At Risk","SYNTHETIC DEMO DATA — Revenue, profitability, product/category performance, regional performance, targets versus actuals, and customer segmentation."
"SALESCOMMERCIAL-00389","2026-01-09","2026-01","Southern","Jeddah Coast","Home & Living","Premium","In Progress","Key Accounts","10","1159.46","855.68","77","23.58","Yes","Controlled","SYNTHETIC DEMO DATA — Revenue, profitability, product/category performance, regional performance, targets versus actuals, and customer segmentation."
"SALESCOMMERCIAL-00390","2026-01-22","2026-01","Western","Dammam Hub","Grocery","Seasonal","Completed","Commercial Central","7","1610.05","1110.93","78","11.7","Yes","Controlled","SYNTHETIC DEMO DATA — Revenue, profitability, product/category performance, regional performance, targets versus actuals, and customer segmentation."
"SALESCOMMERCIAL-00391","2026-02-04","2026-02","Northern","Tabuk Cluster","Apparel","Value","Completed","Key Accounts","4","1462.6","1026.75","79","12.69","Yes","Controlled","SYNTHETIC DEMO DATA — Revenue, profitability, product/category performance, regional performance, targets versus actuals, and customer segmentation."
"SALESCOMMERCIAL-00392","2026-02-17","2026-02","Central","Abha Cluster","Electronics","Core","Returned","Commercial Central","1","2007.52","1433.37","80","13.68","Yes","At Risk","SYNTHETIC DEMO DATA — Revenue, profitability, product/category performance, regional performance, targets versus actuals, and customer segmentation."
"SALESCOMMERCIAL-00393","2026-03-02","2026-03","Eastern","Riyadh Metro","Home & Living","Premium","In Progress","Key Accounts","10","2035.91","1478.07","81","14.67","Yes","Controlled","SYNTHETIC DEMO DATA — Revenue, profitability, product/category performance, regional performance, targets versus actuals, and customer segmentation."
"SALESCOMMERCIAL-00394","2026-03-15","2026-03","Southern","Jeddah Coast","Grocery","Seasonal","Completed","Commercial Central","7","1706.1","1259.1","81","15.66","Yes","Controlled","SYNTHETIC DEMO DATA — Revenue, profitability, product/category performance, regional performance, targets versus actuals, and customer segmentation."
"SALESCOMMERCIAL-00395","2026-03-28","2026-03","Western","Dammam Hub","Apparel","Value","Completed","Key Accounts","4","2371.66","1636.45","82","16.65","Yes","Controlled","SYNTHETIC DEMO DATA — Revenue, profitability, product/category performance, regional performance, targets versus actuals, and customer segmentation."
"SALESCOMMERCIAL-00396","2026-04-10","2026-04","Northern","Tabuk Cluster","Electronics","Core","Returned","Commercial Central","1","911.28","639.72","74","17.64","No","At Risk","SYNTHETIC DEMO DATA — Revenue, profitability, product/category performance, regional performance, targets versus actuals, and customer segmentation."
"SALESCOMMERCIAL-00397","2026-04-23","2026-04","Central","Abha Cluster","Home & Living","Premium","In Progress","Key Accounts","10","1271.92","908.15","75","18.63","No","At Risk","SYNTHETIC DEMO DATA — Revenue, profitability, product/category performance, regional performance, targets versus actuals, and customer segmentation."
"SALESCOMMERCIAL-00398","2026-05-06","2026-05","Eastern","Riyadh Metro","Grocery","Seasonal","Completed","Commercial Central","7","1324.67","961.71","75","19.62","Yes","Controlled","SYNTHETIC DEMO DATA — Revenue, profitability, product/category performance, regional performance, targets versus actuals, and customer segmentation."
"SALESCOMMERCIAL-00399","2026-05-19","2026-05","Southern","Jeddah Coast","Apparel","Value","Completed","Key Accounts","4","1124.73","830.05","76","20.61","Yes","Controlled","SYNTHETIC DEMO DATA — Revenue, profitability, product/category performance, regional performance, targets versus actuals, and customer segmentation."
"SALESCOMMERCIAL-00400","2026-06-01","2026-06","Western","Dammam Hub","Electronics","Core","Returned","Commercial Central","1","1647.31","1136.64","77","21.6","Yes","At Risk","SYNTHETIC DEMO DATA — Revenue, profitability, product/category performance, regional performance, targets versus actuals, and customer segmentation."
"SALESCOMMERCIAL-00401","2026-06-14","2026-06","Northern","Tabuk Cluster","Home & Living","Premium","In Progress","Key Accounts","10","1416.75","994.56","78","22.59","Yes","Controlled","SYNTHETIC DEMO DATA — Revenue, profitability, product/category performance, regional performance, targets versus actuals, and customer segmentation."
"SALESCOMMERCIAL-00402","2025-01-03","2025-01","Central","Abha Cluster","Grocery","Seasonal","Completed","Commercial Central","7","1877.39","1340.46","79","23.58","Yes","Controlled","SYNTHETIC DEMO DATA — Revenue, profitability, product/category performance, regional performance, targets versus actuals, and customer segmentation."
"SALESCOMMERCIAL-00403","2025-01-16","2025-01","Eastern","Riyadh Metro","Apparel","Value","Completed","Key Accounts","4","1808.3","1312.83","80","11.7","Yes","Controlled","SYNTHETIC DEMO DATA — Revenue, profitability, product/category performance, regional performance, targets versus actuals, and customer segmentation."
"SALESCOMMERCIAL-00404","2025-01-29","2025-01","Southern","Jeddah Coast","Electronics","Core","Returned","Commercial Central","1","1511.61","1115.57","81","12.69","Yes","At Risk","SYNTHETIC DEMO DATA — Revenue, profitability, product/category performance, regional performance, targets versus actuals, and customer segmentation."
"SALESCOMMERCIAL-00405","2025-02-11","2025-02","Western","Dammam Hub","Home & Living","Premium","In Progress","Key Accounts","10","1286.21","887.48","81","13.68","No","At Risk","SYNTHETIC DEMO DATA — Revenue, profitability, product/category performance, regional performance, targets versus actuals, and customer segmentation."
"SALESCOMMERCIAL-00406","2025-02-24","2025-02","Northern","Tabuk Cluster","Grocery","Seasonal","Completed","Commercial Central","7","1124.87","789.66","82","14.67","No","At Risk","SYNTHETIC DEMO DATA — Revenue, profitability, product/category performance, regional performance, targets versus actuals, and customer segmentation."
"SALESCOMMERCIAL-00407","2025-03-09","2025-03","Central","Abha Cluster","Apparel","Value","Completed","Key Accounts","4","1640.25","1171.14","74","15.66","Yes","Controlled","SYNTHETIC DEMO DATA — Revenue, profitability, product/category performance, regional performance, targets versus actuals, and customer segmentation."
"SALESCOMMERCIAL-00408","2025-03-22","2025-03","Eastern","Riyadh Metro","Electronics","Core","Returned","Commercial Central","1","1600.73","1162.13","75","16.65","Yes","At Risk","SYNTHETIC DEMO DATA — Revenue, profitability, product/category performance, regional performance, targets versus actuals, and customer segmentation."
"SALESCOMMERCIAL-00409","2025-04-04","2025-04","Southern","Jeddah Coast","Home & Living","Premium","In Progress","Key Accounts","10","1050.09","774.97","75","17.64","Yes","Controlled","SYNTHETIC DEMO DATA — Revenue, profitability, product/category performance, regional performance, targets versus actuals, and customer segmentation."
"SALESCOMMERCIAL-00410","2025-04-17","2025-04","Western","Dammam Hub","Grocery","Seasonal","Completed","Commercial Central","7","1447.57","998.82","76","18.63","Yes","Controlled","SYNTHETIC DEMO DATA — Revenue, profitability, product/category performance, regional performance, targets versus actuals, and customer segmentation."
"SALESCOMMERCIAL-00411","2025-04-30","2025-04","Northern","Tabuk Cluster","Apparel","Value","Completed","Key Accounts","4","1241.16","871.29","77","19.62","Yes","Controlled","SYNTHETIC DEMO DATA — Revenue, profitability, product/category performance, regional performance, targets versus actuals, and customer segmentation."
"SALESCOMMERCIAL-00412","2025-05-13","2025-05","Central","Abha Cluster","Electronics","Core","Returned","Commercial Central","1","1799.58","1284.9","78","20.61","Yes","At Risk","SYNTHETIC DEMO DATA — Revenue, profitability, product/category performance, regional performance, targets versus actuals, and customer segmentation."
"SALESCOMMERCIAL-00413","2025-05-26","2025-05","Eastern","Riyadh Metro","Home & Living","Premium","In Progress","Key Accounts","10","1729.06","1255.3","79","21.6","Yes","Controlled","SYNTHETIC DEMO DATA — Revenue, profitability, product/category performance, regional performance, targets versus actuals, and customer segmentation."
"SALESCOMMERCIAL-00414","2025-06-08","2025-06","Southern","Jeddah Coast","Grocery","Seasonal","Completed","Commercial Central","7","904.86","667.79","80","22.59","No","At Risk","SYNTHETIC DEMO DATA — Revenue, profitability, product/category performance, regional performance, targets versus actuals, and customer segmentation."
"SALESCOMMERCIAL-00415","2025-06-21","2025-06","Western","Dammam Hub","Apparel","Value","Completed","Key Accounts","4","1268.44","875.22","81","23.58","No","At Risk","SYNTHETIC DEMO DATA — Revenue, profitability, product/category performance, regional performance, targets versus actuals, and customer segmentation."
"SALESCOMMERCIAL-00416","2025-07-04","2025-07","Northern","Tabuk Cluster","Electronics","Core","Returned","Commercial Central","1","1185.67","832.34","81","11.7","Yes","At Risk","SYNTHETIC DEMO DATA — Revenue, profitability, product/category performance, regional performance, targets versus actuals, and customer segmentation."
"SALESCOMMERCIAL-00417","2025-07-17","2025-07","Central","Abha Cluster","Home & Living","Premium","In Progress","Key Accounts","10","1639.34","1170.49","82","12.69","Yes","Controlled","SYNTHETIC DEMO DATA — Revenue, profitability, product/category performance, regional performance, targets versus actuals, and customer segmentation."
"SALESCOMMERCIAL-00418","2025-07-30","2025-07","Eastern","Riyadh Metro","Grocery","Seasonal","Completed","Commercial Central","7","1593.66","1157","74","13.68","Yes","Controlled","SYNTHETIC DEMO DATA — Revenue, profitability, product/category performance, regional performance, targets versus actuals, and customer segmentation."
"SALESCOMMERCIAL-00419","2025-08-12","2025-08","Southern","Jeddah Coast","Apparel","Value","Completed","Key Accounts","4","1413.98","1043.52","75","14.67","Yes","Controlled","SYNTHETIC DEMO DATA — Revenue, profitability, product/category performance, regional performance, targets versus actuals, and customer segmentation."
"SALESCOMMERCIAL-00420","2025-08-25","2025-08","Western","Dammam Hub","Electronics","Core","Returned","Commercial Central","1","1943.25","1340.84","75","15.66","Yes","At Risk","SYNTHETIC DEMO DATA — Revenue, profitability, product/category performance, regional performance, targets versus actuals, and customer segmentation."
"SALESCOMMERCIAL-00421","2025-09-07","2025-09","Northern","Tabuk Cluster","Home & Living","Premium","In Progress","Key Accounts","10","1744.67","1224.76","76","16.65","Yes","Controlled","SYNTHETIC DEMO DATA — Revenue, profitability, product/category performance, regional performance, targets versus actuals, and customer segmentation."
"SALESCOMMERCIAL-00422","2025-09-20","2025-09","Central","Abha Cluster","Grocery","Seasonal","Completed","Commercial Central","7","2374.92","1695.69","77","17.64","Yes","Controlled","SYNTHETIC DEMO DATA — Revenue, profitability, product/category performance, regional performance, targets versus actuals, and customer segmentation."
"SALESCOMMERCIAL-00423","2025-10-03","2025-10","Eastern","Riyadh Metro","Apparel","Value","Completed","Key Accounts","4","1045.8","759.25","78","18.63","No","At Risk","SYNTHETIC DEMO DATA — Revenue, profitability, product/category performance, regional performance, targets versus actuals, and customer segmentation."
"SALESCOMMERCIAL-00424","2025-10-16","2025-10","Southern","Jeddah Coast","Electronics","Core","Returned","Commercial Central","1","896.38","661.53","79","19.62","No","At Risk","SYNTHETIC DEMO DATA — Revenue, profitability, product/category performance, regional performance, targets versus actuals, and customer segmentation."
"SALESCOMMERCIAL-00425","2025-10-29","2025-10","Western","Dammam Hub","Home & Living","Premium","In Progress","Key Accounts","10","1250.22","862.65","80","20.61","Yes","Controlled","SYNTHETIC DEMO DATA — Revenue, profitability, product/category performance, regional performance, targets versus actuals, and customer segmentation."
"SALESCOMMERCIAL-00426","2025-11-11","2025-11","Northern","Tabuk Cluster","Grocery","Seasonal","Completed","Commercial Central","7","1150.81","807.87","81","21.6","Yes","Controlled","SYNTHETIC DEMO DATA — Revenue, profitability, product/category performance, regional performance, targets versus actuals, and customer segmentation."
"SALESCOMMERCIAL-00427","2025-11-24","2025-11","Central","Abha Cluster","Apparel","Value","Completed","Key Accounts","4","1585","1131.69","81","22.59","Yes","Controlled","SYNTHETIC DEMO DATA — Revenue, profitability, product/category performance, regional performance, targets versus actuals, and customer segmentation."
"SALESCOMMERCIAL-00428","2025-12-07","2025-12","Eastern","Riyadh Metro","Electronics","Core","Returned","Commercial Central","1","1625.89","1180.4","82","23.58","Yes","At Risk","SYNTHETIC DEMO DATA — Revenue, profitability, product/category performance, regional performance, targets versus actuals, and customer segmentation."
"SALESCOMMERCIAL-00429","2025-12-20","2025-12","Southern","Jeddah Coast","Home & Living","Premium","In Progress","Key Accounts","10","1366.25","1008.29","74","11.7","Yes","Controlled","SYNTHETIC DEMO DATA — Revenue, profitability, product/category performance, regional performance, targets versus actuals, and customer segmentation."
"SALESCOMMERCIAL-00430","2026-01-02","2026-01","Western","Dammam Hub","Grocery","Seasonal","Completed","Commercial Central","7","2010.29","1387.1","75","12.69","Yes","Controlled","SYNTHETIC DEMO DATA — Revenue, profitability, product/category performance, regional performance, targets versus actuals, and customer segmentation."
"SALESCOMMERCIAL-00431","2026-01-15","2026-01","Northern","Tabuk Cluster","Apparel","Value","Completed","Key Accounts","4","1714.66","1203.69","75","13.68","Yes","Controlled","SYNTHETIC DEMO DATA — Revenue, profitability, product/category performance, regional performance, targets versus actuals, and customer segmentation."
"SALESCOMMERCIAL-00432","2026-01-28","2026-01","Central","Abha Cluster","Electronics","Core","Returned","Commercial Central","1","1380.05","985.36","76","14.67","No","At Risk","SYNTHETIC DEMO DATA — Revenue, profitability, product/category performance, regional performance, targets versus actuals, and customer segmentation."
"SALESCOMMERCIAL-00433","2026-02-10","2026-02","Eastern","Riyadh Metro","Home & Living","Premium","In Progress","Key Accounts","10","1431.14","1039.01","77","15.66","No","At Risk","SYNTHETIC DEMO DATA — Revenue, profitability, product/category performance, regional performance, targets versus actuals, and customer segmentation."
"SALESCOMMERCIAL-00434","2026-02-23","2026-02","Southern","Jeddah Coast","Grocery","Seasonal","Completed","Commercial Central","7","1220.48","900.71","78","16.65","Yes","Controlled","SYNTHETIC DEMO DATA — Revenue, profitability, product/category performance, regional performance, targets versus actuals, and customer segmentation."
"SALESCOMMERCIAL-00435","2026-03-08","2026-03","Western","Dammam Hub","Apparel","Value","Completed","Key Accounts","4","1779.53","1227.88","79","17.64","Yes","Controlled","SYNTHETIC DEMO DATA — Revenue, profitability, product/category performance, regional performance, targets versus actuals, and customer segmentation."
"SALESCOMMERCIAL-00436","2026-03-21","2026-03","Northern","Tabuk Cluster","Electronics","Core","Returned","Commercial Central","1","1535.73","1078.08","80","18.63","Yes","At Risk","SYNTHETIC DEMO DATA — Revenue, profitability, product/category performance, regional performance, targets versus actuals, and customer segmentation."
"SALESCOMMERCIAL-00437","2026-04-03","2026-04","Central","Abha Cluster","Home & Living","Premium","In Progress","Key Accounts","10","1632.99","1165.95","81","19.62","Yes","Controlled","SYNTHETIC DEMO DATA — Revenue, profitability, product/category performance, regional performance, targets versus actuals, and customer segmentation."
"SALESCOMMERCIAL-00438","2026-04-16","2026-04","Eastern","Riyadh Metro","Grocery","Seasonal","Completed","Commercial Central","7","1577.21","1145.05","81","20.61","Yes","Controlled","SYNTHETIC DEMO DATA — Revenue, profitability, product/category performance, regional performance, targets versus actuals, and customer segmentation."
"SALESCOMMERCIAL-00439","2026-04-29","2026-04","Southern","Jeddah Coast","Apparel","Value","Completed","Key Accounts","4","1321.72","975.43","82","21.6","Yes","Controlled","SYNTHETIC DEMO DATA — Revenue, profitability, product/category performance, regional performance, targets versus actuals, and customer segmentation."
"SALESCOMMERCIAL-00440","2026-05-12","2026-05","Western","Dammam Hub","Electronics","Core","Returned","Commercial Central","1","1919.92","1324.74","74","22.59","Yes","At Risk","SYNTHETIC DEMO DATA — Revenue, profitability, product/category performance, regional performance, targets versus actuals, and customer segmentation."
"SALESCOMMERCIAL-00441","2026-05-25","2026-05","Northern","Tabuk Cluster","Home & Living","Premium","In Progress","Key Accounts","10","968.23","679.7","75","23.58","No","At Risk","SYNTHETIC DEMO DATA — Revenue, profitability, product/category performance, regional performance, targets versus actuals, and customer segmentation."
"SALESCOMMERCIAL-00442","2026-06-07","2026-06","Central","Abha Cluster","Grocery","Seasonal","Completed","Commercial Central","7","1430.91","1021.67","75","11.7","No","At Risk","SYNTHETIC DEMO DATA — Revenue, profitability, product/category performance, regional performance, targets versus actuals, and customer segmentation."
"SALESCOMMERCIAL-00443","2026-06-20","2026-06","Eastern","Riyadh Metro","Apparel","Value","Completed","Key Accounts","4","1402.59","1018.28","76","12.69","Yes","Controlled","SYNTHETIC DEMO DATA — Revenue, profitability, product/category performance, regional performance, targets versus actuals, and customer segmentation."
"SALESCOMMERCIAL-00444","2025-01-09","2025-01","Southern","Jeddah Coast","Electronics","Core","Returned","Commercial Central","1","1153.26","851.11","77","13.68","Yes","At Risk","SYNTHETIC DEMO DATA — Revenue, profitability, product/category performance, regional performance, targets versus actuals, and customer segmentation."
"SALESCOMMERCIAL-00445","2025-01-22","2025-01","Western","Dammam Hub","Home & Living","Premium","In Progress","Key Accounts","10","1595.26","1100.73","78","14.67","Yes","Controlled","SYNTHETIC DEMO DATA — Revenue, profitability, product/category performance, regional performance, targets versus actuals, and customer segmentation."
"SALESCOMMERCIAL-00446","2025-02-04","2025-02","Northern","Tabuk Cluster","Grocery","Seasonal","Completed","Commercial Central","7","1444.19","1013.82","79","15.66","Yes","Controlled","SYNTHETIC DEMO DATA — Revenue, profitability, product/category performance, regional performance, targets versus actuals, and customer segmentation."
"SALESCOMMERCIAL-00447","2025-02-17","2025-02","Central","Abha Cluster","Apparel","Value","Completed","Key Accounts","4","1976.21","1411.01","80","16.65","Yes","Controlled","SYNTHETIC DEMO DATA — Revenue, profitability, product/category performance, regional performance, targets versus actuals, and customer segmentation."
"SALESCOMMERCIAL-00448","2025-03-02","2025-03","Eastern","Riyadh Metro","Electronics","Core","Returned","Commercial Central","1","1998.65","1451.02","81","17.64","Yes","At Risk","SYNTHETIC DEMO DATA — Revenue, profitability, product/category performance, regional performance, targets versus actuals, and customer segmentation."
"SALESCOMMERCIAL-00449","2025-03-15","2025-03","Southern","Jeddah Coast","Home & Living","Premium","In Progress","Key Accounts","10","1670.73","1233","81","18.63","Yes","Controlled","SYNTHETIC DEMO DATA — Revenue, profitability, product/category performance, regional performance, targets versus actuals, and customer segmentation."
"SALESCOMMERCIAL-00450","2025-03-28","2025-03","Western","Dammam Hub","Grocery","Seasonal","Completed","Commercial Central","7","1350.52","931.86","82","19.62","No","At Risk","SYNTHETIC DEMO DATA — Revenue, profitability, product/category performance, regional performance, targets versus actuals, and customer segmentation."
"SALESCOMMERCIAL-00451","2025-04-10","2025-04","Northern","Tabuk Cluster","Apparel","Value","Completed","Key Accounts","4","916.1","643.1","74","20.61","No","At Risk","SYNTHETIC DEMO DATA — Revenue, profitability, product/category performance, regional performance, targets versus actuals, and customer segmentation."
"SALESCOMMERCIAL-00452","2025-04-23","2025-04","Central","Abha Cluster","Electronics","Core","Returned","Commercial Central","1","1272.21","908.36","75","21.6","Yes","At Risk","SYNTHETIC DEMO DATA — Revenue, profitability, product/category performance, regional performance, targets versus actuals, and customer segmentation."
"SALESCOMMERCIAL-00453","2025-05-06","2025-05","Eastern","Riyadh Metro","Home & Living","Premium","In Progress","Key Accounts","10","1319.15","957.7","75","22.59","Yes","Controlled","SYNTHETIC DEMO DATA — Revenue, profitability, product/category performance, regional performance, targets versus actuals, and customer segmentation."
"SALESCOMMERCIAL-00454","2025-05-19","2025-05","Southern","Jeddah Coast","Grocery","Seasonal","Completed","Commercial Central","7","1115.72","823.4","76","23.58","Yes","Controlled","SYNTHETIC DEMO DATA — Revenue, profitability, product/category performance, regional performance, targets versus actuals, and customer segmentation."
"SALESCOMMERCIAL-00455","2025-06-01","2025-06","Western","Dammam Hub","Apparel","Value","Completed","Key Accounts","4","1628.52","1123.68","77","11.7","Yes","Controlled","SYNTHETIC DEMO DATA — Revenue, profitability, product/category performance, regional performance, targets versus actuals, and customer segmentation."
"SALESCOMMERCIAL-00456","2025-06-14","2025-06","Northern","Tabuk Cluster","Electronics","Core","Returned","Commercial Central","1","1396.31","980.21","78","12.69","Yes","At Risk","SYNTHETIC DEMO DATA — Revenue, profitability, product/category performance, regional performance, targets versus actuals, and customer segmentation."
"SALESCOMMERCIAL-00457","2025-06-27","2025-06","Central","Abha Cluster","Home & Living","Premium","In Progress","Key Accounts","10","1905.44","1360.48","79","13.68","Yes","Controlled","SYNTHETIC DEMO DATA — Revenue, profitability, product/category performance, regional performance, targets versus actuals, and customer segmentation."
"SALESCOMMERCIAL-00458","2025-07-10","2025-07","Eastern","Riyadh Metro","Grocery","Seasonal","Completed","Commercial Central","7","1966.64","1427.78","80","14.67","Yes","Controlled","SYNTHETIC DEMO DATA — Revenue, profitability, product/category performance, regional performance, targets versus actuals, and customer segmentation."
"SALESCOMMERCIAL-00459","2025-07-23","2025-07","Southern","Jeddah Coast","Apparel","Value","Completed","Key Accounts","4","972.02","717.35","81","15.66","No","At Risk","SYNTHETIC DEMO DATA — Revenue, profitability, product/category performance, regional performance, targets versus actuals, and customer segmentation."
"SALESCOMMERCIAL-00460","2025-08-05","2025-08","Western","Dammam Hub","Electronics","Core","Returned","Commercial Central","1","1434.3","989.67","81","16.65","No","At Risk","SYNTHETIC DEMO DATA — Revenue, profitability, product/category performance, regional performance, targets versus actuals, and customer segmentation."
"SALESCOMMERCIAL-00461","2025-08-18","2025-08","Northern","Tabuk Cluster","Home & Living","Premium","In Progress","Key Accounts","10","1248.07","876.15","82","17.64","Yes","Controlled","SYNTHETIC DEMO DATA — Revenue, profitability, product/category performance, regional performance, targets versus actuals, and customer segmentation."
"SALESCOMMERCIAL-00462","2025-08-31","2025-08","Central","Abha Cluster","Grocery","Seasonal","Completed","Commercial Central","7","1725.62","1232.09","74","18.63","Yes","Controlled","SYNTHETIC DEMO DATA — Revenue, profitability, product/category performance, regional performance, targets versus actuals, and customer segmentation."
"SALESCOMMERCIAL-00463","2025-09-13","2025-09","Eastern","Riyadh Metro","Apparel","Value","Completed","Key Accounts","4","1761.41","1278.78","75","19.62","Yes","Controlled","SYNTHETIC DEMO DATA — Revenue, profitability, product/category performance, regional performance, targets versus actuals, and customer segmentation."
"SALESCOMMERCIAL-00464","2025-09-26","2025-09","Southern","Jeddah Coast","Electronics","Core","Returned","Commercial Central","1","1484.67","1095.69","75","20.61","Yes","At Risk","SYNTHETIC DEMO DATA — Revenue, profitability, product/category performance, regional performance, targets versus actuals, and customer segmentation."
"SALESCOMMERCIAL-00465","2025-10-09","2025-10","Western","Dammam Hub","Home & Living","Premium","In Progress","Key Accounts","10","1581.61","1091.31","76","21.6","Yes","Controlled","SYNTHETIC DEMO DATA — Revenue, profitability, product/category performance, regional performance, targets versus actuals, and customer segmentation."
"SALESCOMMERCIAL-00466","2025-10-22","2025-10","Northern","Tabuk Cluster","Grocery","Seasonal","Completed","Commercial Central","7","1352.37","949.36","77","22.59","Yes","Controlled","SYNTHETIC DEMO DATA — Revenue, profitability, product/category performance, regional performance, targets versus actuals, and customer segmentation."
"SALESCOMMERCIAL-00467","2025-11-04","2025-11","Central","Abha Cluster","Apparel","Value","Completed","Key Accounts","4","1955.96","1396.56","78","23.58","Yes","Controlled","SYNTHETIC DEMO DATA — Revenue, profitability, product/category performance, regional performance, targets versus actuals, and customer segmentation."
"SALESCOMMERCIAL-00468","2025-11-17","2025-11","Eastern","Riyadh Metro","Electronics","Core","Returned","Commercial Central","1","1111.16","806.7","79","11.7","No","At Risk","SYNTHETIC DEMO DATA — Revenue, profitability, product/category performance, regional performance, targets versus actuals, and customer segmentation."
"SALESCOMMERCIAL-00469","2025-11-30","2025-11","Southern","Jeddah Coast","Home & Living","Premium","In Progress","Key Accounts","10","952.4","702.87","80","12.69","No","At Risk","SYNTHETIC DEMO DATA — Revenue, profitability, product/category performance, regional performance, targets versus actuals, and customer segmentation."
"SALESCOMMERCIAL-00470","2025-12-13","2025-12","Western","Dammam Hub","Grocery","Seasonal","Completed","Commercial Central","7","1406.5","970.48","81","13.68","Yes","Controlled","SYNTHETIC DEMO DATA — Revenue, profitability, product/category performance, regional performance, targets versus actuals, and customer segmentation."
"SALESCOMMERCIAL-00471","2025-12-26","2025-12","Northern","Tabuk Cluster","Apparel","Value","Completed","Key Accounts","4","1218.51","855.39","81","14.67","Yes","Controlled","SYNTHETIC DEMO DATA — Revenue, profitability, product/category performance, regional performance, targets versus actuals, and customer segmentation."
"SALESCOMMERCIAL-00472","2026-01-08","2026-01","Central","Abha Cluster","Electronics","Core","Returned","Commercial Central","1","1801.73","1286.44","82","15.66","Yes","At Risk","SYNTHETIC DEMO DATA — Revenue, profitability, product/category performance, regional performance, targets versus actuals, and customer segmentation."
"SALESCOMMERCIAL-00473","2026-01-21","2026-01","Eastern","Riyadh Metro","Home & Living","Premium","In Progress","Key Accounts","10","1745.52","1267.25","74","16.65","Yes","Controlled","SYNTHETIC DEMO DATA — Revenue, profitability, product/category performance, regional performance, targets versus actuals, and customer segmentation."
"SALESCOMMERCIAL-00474","2026-02-03","2026-02","Southern","Jeddah Coast","Grocery","Seasonal","Completed","Commercial Central","7","1543.99","1139.46","75","17.64","Yes","Controlled","SYNTHETIC DEMO DATA — Revenue, profitability, product/category performance, regional performance, targets versus actuals, and customer segmentation."
"SALESCOMMERCIAL-00475","2026-02-16","2026-02","Western","Dammam Hub","Apparel","Value","Completed","Key Accounts","4","2116.1","1460.11","75","18.63","Yes","Controlled","SYNTHETIC DEMO DATA — Revenue, profitability, product/category performance, regional performance, targets versus actuals, and customer segmentation."
"SALESCOMMERCIAL-00476","2026-03-01","2026-03","Northern","Tabuk Cluster","Electronics","Core","Returned","Commercial Central","1","1895.15","1330.4","76","19.62","Yes","At Risk","SYNTHETIC DEMO DATA — Revenue, profitability, product/category performance, regional performance, targets versus actuals, and customer segmentation."
"SALESCOMMERCIAL-00477","2026-03-14","2026-03","Central","Abha Cluster","Home & Living","Premium","In Progress","Key Accounts","10","1525.31","1089.07","77","20.61","No","At Risk","SYNTHETIC DEMO DATA — Revenue, profitability, product/category performance, regional performance, targets versus actuals, and customer segmentation."
"SALESCOMMERCIAL-00478","2026-03-27","2026-03","Eastern","Riyadh Metro","Grocery","Seasonal","Completed","Commercial Central","7","1527.92","1109.27","78","21.6","No","At Risk","SYNTHETIC DEMO DATA — Revenue, profitability, product/category performance, regional performance, targets versus actuals, and customer segmentation."
"SALESCOMMERCIAL-00479","2026-04-09","2026-04","Southern","Jeddah Coast","Apparel","Value","Completed","Key Accounts","4","992.78","732.67","79","22.59","Yes","Controlled","SYNTHETIC DEMO DATA — Revenue, profitability, product/category performance, regional performance, targets versus actuals, and customer segmentation."
"SALESCOMMERCIAL-00480","2026-04-22","2026-04","Western","Dammam Hub","Electronics","Core","Returned","Commercial Central","1","1378.6","951.23","80","23.58","Yes","At Risk","SYNTHETIC DEMO DATA — Revenue, profitability, product/category performance, regional performance, targets versus actuals, and customer segmentation."
"SALESCOMMERCIAL-00481","2026-05-05","2026-05","Northern","Tabuk Cluster","Home & Living","Premium","In Progress","Key Accounts","10","1264.08","887.38","81","11.7","Yes","Controlled","SYNTHETIC DEMO DATA — Revenue, profitability, product/category performance, regional performance, targets versus actuals, and customer segmentation."
"SALESCOMMERCIAL-00482","2026-05-18","2026-05","Central","Abha Cluster","Grocery","Seasonal","Completed","Commercial Central","7","1735.05","1238.83","81","12.69","Yes","Controlled","SYNTHETIC DEMO DATA — Revenue, profitability, product/category performance, regional performance, targets versus actuals, and customer segmentation."
"SALESCOMMERCIAL-00483","2026-05-31","2026-05","Eastern","Riyadh Metro","Apparel","Value","Completed","Key Accounts","4","1675.79","1216.62","82","13.68","Yes","Controlled","SYNTHETIC DEMO DATA — Revenue, profitability, product/category performance, regional performance, targets versus actuals, and customer segmentation."
"SALESCOMMERCIAL-00484","2026-06-13","2026-06","Southern","Jeddah Coast","Electronics","Core","Returned","Commercial Central","1","1486.93","1097.35","74","14.67","Yes","At Risk","SYNTHETIC DEMO DATA — Revenue, profitability, product/category performance, regional performance, targets versus actuals, and customer segmentation."
"SALESCOMMERCIAL-00485","2025-01-02","2025-01","Western","Dammam Hub","Home & Living","Premium","In Progress","Key Accounts","10","1968.61","1358.34","75","15.66","Yes","Controlled","SYNTHETIC DEMO DATA — Revenue, profitability, product/category performance, regional performance, targets versus actuals, and customer segmentation."
"SALESCOMMERCIAL-00486","2025-01-15","2025-01","Northern","Tabuk Cluster","Grocery","Seasonal","Completed","Commercial Central","7","992.79","696.94","75","16.65","No","At Risk","SYNTHETIC DEMO DATA — Revenue, profitability, product/category performance, regional performance, targets versus actuals, and customer segmentation."
"SALESCOMMERCIAL-00487","2025-01-28","2025-01","Central","Abha Cluster","Apparel","Value","Completed","Key Accounts","4","1385.7","989.39","76","17.64","No","At Risk","SYNTHETIC DEMO DATA — Revenue, profitability, product/category performance, regional performance, targets versus actuals, and customer segmentation."
"SALESCOMMERCIAL-00488","2025-02-10","2025-02","Eastern","Riyadh Metro","Electronics","Core","Returned","Commercial Central","1","1429.76","1038.01","77","18.63","Yes","At Risk","SYNTHETIC DEMO DATA — Revenue, profitability, product/category performance, regional performance, targets versus actuals, and customer segmentation."
"SALESCOMMERCIAL-00489","2025-02-23","2025-02","Southern","Jeddah Coast","Home & Living","Premium","In Progress","Key Accounts","10","1213.95","895.9","78","19.62","Yes","Controlled","SYNTHETIC DEMO DATA — Revenue, profitability, product/category performance, regional performance, targets versus actuals, and customer segmentation."
"SALESCOMMERCIAL-00490","2025-03-08","2025-03","Western","Dammam Hub","Grocery","Seasonal","Completed","Commercial Central","7","1763.18","1216.59","79","20.61","Yes","Controlled","SYNTHETIC DEMO DATA — Revenue, profitability, product/category performance, regional performance, targets versus actuals, and customer segmentation."
"SALESCOMMERCIAL-00491","2025-03-21","2025-03","Northern","Tabuk Cluster","Apparel","Value","Completed","Key Accounts","4","1516.4","1064.51","80","21.6","Yes","Controlled","SYNTHETIC DEMO DATA — Revenue, profitability, product/category performance, regional performance, targets versus actuals, and customer segmentation."
"SALESCOMMERCIAL-00492","2025-04-03","2025-04","Central","Abha Cluster","Electronics","Core","Returned","Commercial Central","1","1609.42","1149.13","81","22.59","Yes","At Risk","SYNTHETIC DEMO DATA — Revenue, profitability, product/category performance, regional performance, targets versus actuals, and customer segmentation."
"SALESCOMMERCIAL-00493","2025-04-16","2025-04","Eastern","Riyadh Metro","Home & Living","Premium","In Progress","Key Accounts","10","1550.19","1125.44","81","23.58","Yes","Controlled","SYNTHETIC DEMO DATA — Revenue, profitability, product/category performance, regional performance, targets versus actuals, and customer segmentation."
"SALESCOMMERCIAL-00494","2025-04-29","2025-04","Southern","Jeddah Coast","Grocery","Seasonal","Completed","Commercial Central","7","1295.85","956.34","82","11.7","Yes","Controlled","SYNTHETIC DEMO DATA — Revenue, profitability, product/category performance, regional performance, targets versus actuals, and customer segmentation."
"SALESCOMMERCIAL-00495","2025-05-12","2025-05","Western","Dammam Hub","Apparel","Value","Completed","Key Accounts","4","1112.96","767.94","74","12.69","No","At Risk","SYNTHETIC DEMO DATA — Revenue, profitability, product/category performance, regional performance, targets versus actuals, and customer segmentation."
"SALESCOMMERCIAL-00496","2025-05-25","2025-05","Northern","Tabuk Cluster","Electronics","Core","Returned","Commercial Central","1","973.35","683.29","75","13.68","No","At Risk","SYNTHETIC DEMO DATA — Revenue, profitability, product/category performance, regional performance, targets versus actuals, and customer segmentation."
"SALESCOMMERCIAL-00497","2025-06-07","2025-06","Central","Abha Cluster","Home & Living","Premium","In Progress","Key Accounts","10","1431.24","1021.91","75","14.67","Yes","Controlled","SYNTHETIC DEMO DATA — Revenue, profitability, product/category performance, regional performance, targets versus actuals, and customer segmentation."
"SALESCOMMERCIAL-00498","2025-06-20","2025-06","Eastern","Riyadh Metro","Grocery","Seasonal","Completed","Commercial Central","7","1396.75","1014.04","76","15.66","Yes","Controlled","SYNTHETIC DEMO DATA — Revenue, profitability, product/category performance, regional performance, targets versus actuals, and customer segmentation."
"SALESCOMMERCIAL-00499","2025-07-03","2025-07","Southern","Jeddah Coast","Apparel","Value","Completed","Key Accounts","4","1269.03","936.54","77","16.65","Yes","Controlled","SYNTHETIC DEMO DATA — Revenue, profitability, product/category performance, regional performance, targets versus actuals, and customer segmentation."
"SALESCOMMERCIAL-00500","2025-07-16","2025-07","Western","Dammam Hub","Electronics","Core","Returned","Commercial Central","1","1749.38","1207.07","78","17.64","Yes","At Risk","SYNTHETIC DEMO DATA — Revenue, profitability, product/category performance, regional performance, targets versus actuals, and customer segmentation."
"SALESCOMMERCIAL-00501","2025-07-29","2025-07","Northern","Tabuk Cluster","Home & Living","Premium","In Progress","Key Accounts","10","1499.94","1052.96","79","18.63","Yes","Controlled","SYNTHETIC DEMO DATA — Revenue, profitability, product/category performance, regional performance, targets versus actuals, and customer segmentation."
"SALESCOMMERCIAL-00502","2025-08-11","2025-08","Central","Abha Cluster","Grocery","Seasonal","Completed","Commercial Central","7","2154.59","1538.38","80","19.62","Yes","Controlled","SYNTHETIC DEMO DATA — Revenue, profitability, product/category performance, regional performance, targets versus actuals, and customer segmentation."
"SALESCOMMERCIAL-00503","2025-08-24","2025-08","Eastern","Riyadh Metro","Apparel","Value","Completed","Key Accounts","4","2070.15","1502.93","81","20.61","Yes","Controlled","SYNTHETIC DEMO DATA — Revenue, profitability, product/category performance, regional performance, targets versus actuals, and customer segmentation."
"SALESCOMMERCIAL-00504","2025-09-06","2025-09","Southern","Jeddah Coast","Electronics","Core","Returned","Commercial Central","1","1074.34","792.86","81","21.6","No","At Risk","SYNTHETIC DEMO DATA — Revenue, profitability, product/category performance, regional performance, targets versus actuals, and customer segmentation."
"SALESCOMMERCIAL-00505","2025-09-19","2025-09","Western","Dammam Hub","Home & Living","Premium","In Progress","Key Accounts","10","1506.02","1039.15","82","22.59","No","At Risk","SYNTHETIC DEMO DATA — Revenue, profitability, product/category performance, regional performance, targets versus actuals, and customer segmentation."
"SALESCOMMERCIAL-00506","2025-10-02","2025-10","Northern","Tabuk Cluster","Grocery","Seasonal","Completed","Commercial Central","7","1015.81","713.1","74","23.58","Yes","Controlled","SYNTHETIC DEMO DATA — Revenue, profitability, product/category performance, regional performance, targets versus actuals, and customer segmentation."
"SALESCOMMERCIAL-00507","2025-10-15","2025-10","Central","Abha Cluster","Apparel","Value","Completed","Key Accounts","4","1404.48","1002.8","75","11.7","Yes","Controlled","SYNTHETIC DEMO DATA — Revenue, profitability, product/category performance, regional performance, targets versus actuals, and customer segmentation."
"SALESCOMMERCIAL-00508","2025-10-28","2025-10","Eastern","Riyadh Metro","Electronics","Core","Returned","Commercial Central","1","1365.35","991.24","75","12.69","Yes","At Risk","SYNTHETIC DEMO DATA — Revenue, profitability, product/category performance, regional performance, targets versus actuals, and customer segmentation."
"SALESCOMMERCIAL-00509","2025-11-10","2025-11","Southern","Jeddah Coast","Home & Living","Premium","In Progress","Key Accounts","10","1222.76","902.4","76","13.68","Yes","Controlled","SYNTHETIC DEMO DATA — Revenue, profitability, product/category performance, regional performance, targets versus actuals, and customer segmentation."
"SALESCOMMERCIAL-00510","2025-11-23","2025-11","Western","Dammam Hub","Grocery","Seasonal","Completed","Commercial Central","7","1680.46","1159.52","77","14.67","Yes","Controlled","SYNTHETIC DEMO DATA — Revenue, profitability, product/category performance, regional performance, targets versus actuals, and customer segmentation."
"SALESCOMMERCIAL-00511","2025-12-06","2025-12","Northern","Tabuk Cluster","Apparel","Value","Completed","Key Accounts","4","1521.41","1068.03","78","15.66","Yes","Controlled","SYNTHETIC DEMO DATA — Revenue, profitability, product/category performance, regional performance, targets versus actuals, and customer segmentation."
"SALESCOMMERCIAL-00512","2025-12-19","2025-12","Central","Abha Cluster","Electronics","Core","Returned","Commercial Central","1","2071.02","1478.71","79","16.65","Yes","At Risk","SYNTHETIC DEMO DATA — Revenue, profitability, product/category performance, regional performance, targets versus actuals, and customer segmentation."
"SALESCOMMERCIAL-00513","2026-01-01","2026-01","Eastern","Riyadh Metro","Home & Living","Premium","In Progress","Key Accounts","10","1263.09","917","80","17.64","No","At Risk","SYNTHETIC DEMO DATA — Revenue, profitability, product/category performance, regional performance, targets versus actuals, and customer segmentation."
"SALESCOMMERCIAL-00514","2026-01-14","2026-01","Southern","Jeddah Coast","Grocery","Seasonal","Completed","Commercial Central","7","1082.63","798.98","81","18.63","No","At Risk","SYNTHETIC DEMO DATA — Revenue, profitability, product/category performance, regional performance, targets versus actuals, and customer segmentation."
"SALESCOMMERCIAL-00515","2026-01-27","2026-01","Western","Dammam Hub","Apparel","Value","Completed","Key Accounts","4","1509.99","1041.89","81","19.62","Yes","Controlled","SYNTHETIC DEMO DATA — Revenue, profitability, product/category performance, regional performance, targets versus actuals, and customer segmentation."
"SALESCOMMERCIAL-00516","2026-02-09","2026-02","Northern","Tabuk Cluster","Electronics","Core","Returned","Commercial Central","1","1377.02","966.67","82","20.61","Yes","At Risk","SYNTHETIC DEMO DATA — Revenue, profitability, product/category performance, regional performance, targets versus actuals, and customer segmentation."
"SALESCOMMERCIAL-00517","2026-02-22","2026-02","Central","Abha Cluster","Home & Living","Premium","In Progress","Key Accounts","10","1896.55","1354.14","74","21.6","Yes","Controlled","SYNTHETIC DEMO DATA — Revenue, profitability, product/category performance, regional performance, targets versus actuals, and customer segmentation."
"SALESCOMMERCIAL-00518","2026-03-07","2026-03","Eastern","Riyadh Metro","Grocery","Seasonal","Completed","Commercial Central","7","1929.26","1400.64","75","22.59","Yes","Controlled","SYNTHETIC DEMO DATA — Revenue, profitability, product/category performance, regional performance, targets versus actuals, and customer segmentation."
"SALESCOMMERCIAL-00519","2026-03-20","2026-03","Southern","Jeddah Coast","Apparel","Value","Completed","Key Accounts","4","1621.18","1196.43","75","23.58","Yes","Controlled","SYNTHETIC DEMO DATA — Revenue, profitability, product/category performance, regional performance, targets versus actuals, and customer segmentation."
"SALESCOMMERCIAL-00520","2026-04-02","2026-04","Western","Dammam Hub","Electronics","Core","Returned","Commercial Central","1","1721.3","1187.7","76","11.7","Yes","At Risk","SYNTHETIC DEMO DATA — Revenue, profitability, product/category performance, regional performance, targets versus actuals, and customer segmentation."
"SALESCOMMERCIAL-00521","2026-04-15","2026-04","Northern","Tabuk Cluster","Home & Living","Premium","In Progress","Key Accounts","10","1468.17","1030.66","77","12.69","Yes","Controlled","SYNTHETIC DEMO DATA — Revenue, profitability, product/category performance, regional performance, targets versus actuals, and customer segmentation."
"SALESCOMMERCIAL-00522","2026-04-28","2026-04","Central","Abha Cluster","Grocery","Seasonal","Completed","Commercial Central","7","1181.66","843.71","78","13.68","No","At Risk","SYNTHETIC DEMO DATA — Revenue, profitability, product/category performance, regional performance, targets versus actuals, and customer segmentation."
"SALESCOMMERCIAL-00523","2026-05-11","2026-05","Eastern","Riyadh Metro","Apparel","Value","Completed","Key Accounts","4","1236.89","897.98","79","14.67","No","At Risk","SYNTHETIC DEMO DATA — Revenue, profitability, product/category performance, regional performance, targets versus actuals, and customer segmentation."
"SALESCOMMERCIAL-00524","2026-05-24","2026-05","Southern","Jeddah Coast","Electronics","Core","Returned","Commercial Central","1","1054.83","778.46","80","15.66","Yes","At Risk","SYNTHETIC DEMO DATA — Revenue, profitability, product/category performance, regional performance, targets versus actuals, and customer segmentation."
"SALESCOMMERCIAL-00525","2026-06-06","2026-06","Western","Dammam Hub","Home & Living","Premium","In Progress","Key Accounts","10","1550.93","1070.14","81","16.65","Yes","Controlled","SYNTHETIC DEMO DATA — Revenue, profitability, product/category performance, regional performance, targets versus actuals, and customer segmentation."
"SALESCOMMERCIAL-00526","2026-06-19","2026-06","Northern","Tabuk Cluster","Grocery","Seasonal","Completed","Commercial Central","7","1338.44","939.58","81","17.64","Yes","Controlled","SYNTHETIC DEMO DATA — Revenue, profitability, product/category performance, regional performance, targets versus actuals, and customer segmentation."
"SALESCOMMERCIAL-00527","2025-01-08","2025-01","Central","Abha Cluster","Apparel","Value","Completed","Key Accounts","4","1779.06","1270.25","82","18.63","Yes","Controlled","SYNTHETIC DEMO DATA — Revenue, profitability, product/category performance, regional performance, targets versus actuals, and customer segmentation."
"SALESCOMMERCIAL-00528","2025-01-21","2025-01","Eastern","Riyadh Metro","Electronics","Core","Returned","Commercial Central","1","1718.29","1247.48","74","19.62","Yes","At Risk","SYNTHETIC DEMO DATA — Revenue, profitability, product/category performance, regional performance, targets versus actuals, and customer segmentation."
"SALESCOMMERCIAL-00529","2025-02-03","2025-02","Southern","Jeddah Coast","Home & Living","Premium","In Progress","Key Accounts","10","1515.73","1118.61","75","20.61","Yes","Controlled","SYNTHETIC DEMO DATA — Revenue, profitability, product/category performance, regional performance, targets versus actuals, and customer segmentation."
"SALESCOMMERCIAL-00530","2025-02-16","2025-02","Western","Dammam Hub","Grocery","Seasonal","Completed","Commercial Central","7","2072.22","1429.83","75","21.6","Yes","Controlled","SYNTHETIC DEMO DATA — Revenue, profitability, product/category performance, regional performance, targets versus actuals, and customer segmentation."
"SALESCOMMERCIAL-00531","2025-03-01","2025-03","Northern","Tabuk Cluster","Apparel","Value","Completed","Key Accounts","4","1097.3","770.3","76","22.59","No","At Risk","SYNTHETIC DEMO DATA — Revenue, profitability, product/category performance, regional performance, targets versus actuals, and customer segmentation."
"SALESCOMMERCIAL-00532","2025-03-14","2025-03","Central","Abha Cluster","Electronics","Core","Returned","Commercial Central","1","1531.56","1093.53","77","23.58","No","At Risk","SYNTHETIC DEMO DATA — Revenue, profitability, product/category performance, regional performance, targets versus actuals, and customer segmentation."
"SALESCOMMERCIAL-00533","2025-03-27","2025-03","Eastern","Riyadh Metro","Home & Living","Premium","In Progress","Key Accounts","10","1501.25","1089.91","78","11.7","Yes","Controlled","SYNTHETIC DEMO DATA — Revenue, profitability, product/category performance, regional performance, targets versus actuals, and customer segmentation."
"SALESCOMMERCIAL-00534","2025-04-09","2025-04","Southern","Jeddah Coast","Grocery","Seasonal","Completed","Commercial Central","7","988.64","729.62","79","12.69","Yes","Controlled","SYNTHETIC DEMO DATA — Revenue, profitability, product/category performance, regional performance, targets versus actuals, and customer segmentation."
"SALESCOMMERCIAL-00535","2025-04-22","2025-04","Western","Dammam Hub","Apparel","Value","Completed","Key Accounts","4","1367.55","943.61","80","13.68","Yes","Controlled","SYNTHETIC DEMO DATA — Revenue, profitability, product/category performance, regional performance, targets versus actuals, and customer segmentation."
"SALESCOMMERCIAL-00536","2025-05-05","2025-05","Northern","Tabuk Cluster","Electronics","Core","Returned","Commercial Central","1","1249.66","877.26","81","14.67","Yes","At Risk","SYNTHETIC DEMO DATA — Revenue, profitability, product/category performance, regional performance, targets versus actuals, and customer segmentation."
"SALESCOMMERCIAL-00537","2025-05-18","2025-05","Central","Abha Cluster","Home & Living","Premium","In Progress","Key Accounts","10","1710.01","1220.95","81","15.66","Yes","Controlled","SYNTHETIC DEMO DATA — Revenue, profitability, product/category performance, regional performance, targets versus actuals, and customer segmentation."
"SALESCOMMERCIAL-00538","2025-05-31","2025-05","Eastern","Riyadh Metro","Grocery","Seasonal","Completed","Commercial Central","7","1647.08","1195.78","82","16.65","Yes","Controlled","SYNTHETIC DEMO DATA — Revenue, profitability, product/category performance, regional performance, targets versus actuals, and customer segmentation."
"SALESCOMMERCIAL-00539","2025-06-13","2025-06","Southern","Jeddah Coast","Apparel","Value","Completed","Key Accounts","4","1457.83","1075.88","74","17.64","Yes","Controlled","SYNTHETIC DEMO DATA — Revenue, profitability, product/category performance, regional performance, targets versus actuals, and customer segmentation."
"SALESCOMMERCIAL-00540","2025-06-26","2025-06","Western","Dammam Hub","Electronics","Core","Returned","Commercial Central","1","1178.42","813.11","75","18.63","No","At Risk","SYNTHETIC DEMO DATA — Revenue, profitability, product/category performance, regional performance, targets versus actuals, and customer segmentation."
"SALESCOMMERCIAL-00541","2025-07-09","2025-07","Northern","Tabuk Cluster","Home & Living","Premium","In Progress","Key Accounts","10","1107.1","777.18","75","19.62","No","At Risk","SYNTHETIC DEMO DATA — Revenue, profitability, product/category performance, regional performance, targets versus actuals, and customer segmentation."
"SALESCOMMERCIAL-00542","2025-07-22","2025-07","Central","Abha Cluster","Grocery","Seasonal","Completed","Commercial Central","7","1537.46","1097.75","76","20.61","Yes","Controlled","SYNTHETIC DEMO DATA — Revenue, profitability, product/category performance, regional performance, targets versus actuals, and customer segmentation."
"SALESCOMMERCIAL-00543","2025-08-04","2025-08","Eastern","Riyadh Metro","Apparel","Value","Completed","Key Accounts","4","1579.38","1146.63","77","21.6","Yes","Controlled","SYNTHETIC DEMO DATA — Revenue, profitability, product/category performance, regional performance, targets versus actuals, and customer segmentation."
"SALESCOMMERCIAL-00544","2025-08-17","2025-08","Southern","Jeddah Coast","Electronics","Core","Returned","Commercial Central","1","1335.82","985.84","78","22.59","Yes","At Risk","SYNTHETIC DEMO DATA — Revenue, profitability, product/category performance, regional performance, targets versus actuals, and customer segmentation."
"SALESCOMMERCIAL-00545","2025-08-30","2025-08","Western","Dammam Hub","Home & Living","Premium","In Progress","Key Accounts","10","1841.46","1270.61","79","23.58","Yes","Controlled","SYNTHETIC DEMO DATA — Revenue, profitability, product/category performance, regional performance, targets versus actuals, and customer segmentation."
"SALESCOMMERCIAL-00546","2025-09-12","2025-09","Northern","Tabuk Cluster","Grocery","Seasonal","Completed","Commercial Central","7","1657.83","1163.8","80","11.7","Yes","Controlled","SYNTHETIC DEMO DATA — Revenue, profitability, product/category performance, regional performance, targets versus actuals, and customer segmentation."
"SALESCOMMERCIAL-00547","2025-09-25","2025-09","Central","Abha Cluster","Apparel","Value","Completed","Key Accounts","4","2262.32","1615.3","81","12.69","Yes","Controlled","SYNTHETIC DEMO DATA — Revenue, profitability, product/category performance, regional performance, targets versus actuals, and customer segmentation."
"SALESCOMMERCIAL-00548","2025-10-08","2025-10","Eastern","Riyadh Metro","Electronics","Core","Returned","Commercial Central","1","1684.9","1223.24","81","13.68","Yes","At Risk","SYNTHETIC DEMO DATA — Revenue, profitability, product/category performance, regional performance, targets versus actuals, and customer segmentation."
"SALESCOMMERCIAL-00549","2025-10-21","2025-10","Southern","Jeddah Coast","Home & Living","Premium","In Progress","Key Accounts","10","832.76","614.58","82","14.67","No","At Risk","SYNTHETIC DEMO DATA — Revenue, profitability, product/category performance, regional performance, targets versus actuals, and customer segmentation."
"SALESCOMMERCIAL-00550","2025-11-03","2025-11","Western","Dammam Hub","Grocery","Seasonal","Completed","Commercial Central","7","1240.34","855.83","74","15.66","No","At Risk","SYNTHETIC DEMO DATA — Revenue, profitability, product/category performance, regional performance, targets versus actuals, and customer segmentation."
"SALESCOMMERCIAL-00551","2025-11-16","2025-11","Northern","Tabuk Cluster","Apparel","Value","Completed","Key Accounts","4","1079.29","757.66","75","16.65","Yes","Controlled","SYNTHETIC DEMO DATA — Revenue, profitability, product/category performance, regional performance, targets versus actuals, and customer segmentation."
"SALESCOMMERCIAL-00552","2025-11-29","2025-11","Central","Abha Cluster","Electronics","Core","Returned","Commercial Central","1","1492.26","1065.47","75","17.64","Yes","At Risk","SYNTHETIC DEMO DATA — Revenue, profitability, product/category performance, regional performance, targets versus actuals, and customer segmentation."
"SALESCOMMERCIAL-00553","2025-12-12","2025-12","Eastern","Riyadh Metro","Home & Living","Premium","In Progress","Key Accounts","10","1536.01","1115.14","76","18.63","Yes","Controlled","SYNTHETIC DEMO DATA — Revenue, profitability, product/category performance, regional performance, targets versus actuals, and customer segmentation."
"SALESCOMMERCIAL-00554","2025-12-25","2025-12","Southern","Jeddah Coast","Grocery","Seasonal","Completed","Commercial Central","7","1294.69","955.48","77","19.62","Yes","Controlled","SYNTHETIC DEMO DATA — Revenue, profitability, product/category performance, regional performance, targets versus actuals, and customer segmentation."
"SALESCOMMERCIAL-00555","2026-01-07","2026-01","Western","Dammam Hub","Apparel","Value","Completed","Key Accounts","4","1910.23","1318.06","78","20.61","Yes","Controlled","SYNTHETIC DEMO DATA — Revenue, profitability, product/category performance, regional performance, targets versus actuals, and customer segmentation."
"SALESCOMMERCIAL-00556","2026-01-20","2026-01","Northern","Tabuk Cluster","Electronics","Core","Returned","Commercial Central","1","1633.36","1146.62","79","21.6","Yes","At Risk","SYNTHETIC DEMO DATA — Revenue, profitability, product/category performance, regional performance, targets versus actuals, and customer segmentation."
"SALESCOMMERCIAL-00557","2026-02-02","2026-02","Central","Abha Cluster","Home & Living","Premium","In Progress","Key Accounts","10","2340.43","1671.07","80","22.59","Yes","Controlled","SYNTHETIC DEMO DATA — Revenue, profitability, product/category performance, regional performance, targets versus actuals, and customer segmentation."
"SALESCOMMERCIAL-00558","2026-02-15","2026-02","Eastern","Riyadh Metro","Grocery","Seasonal","Completed","Commercial Central","7","1329.57","965.27","81","23.58","No","At Risk","SYNTHETIC DEMO DATA — Revenue, profitability, product/category performance, regional performance, targets versus actuals, and customer segmentation."
"SALESCOMMERCIAL-00559","2026-02-28","2026-02","Southern","Jeddah Coast","Apparel","Value","Completed","Key Accounts","4","1139.61","841.03","81","11.7","No","At Risk","SYNTHETIC DEMO DATA — Revenue, profitability, product/category performance, regional performance, targets versus actuals, and customer segmentation."
"SALESCOMMERCIAL-00560","2026-03-13","2026-03","Western","Dammam Hub","Electronics","Core","Returned","Commercial Central","1","1668.94","1151.57","82","12.69","Yes","At Risk","SYNTHETIC DEMO DATA — Revenue, profitability, product/category performance, regional performance, targets versus actuals, and customer segmentation."
"SALESCOMMERCIAL-00561","2026-03-26","2026-03","Northern","Tabuk Cluster","Home & Living","Premium","In Progress","Key Accounts","10","1445.87","1015","74","13.68","Yes","Controlled","SYNTHETIC DEMO DATA — Revenue, profitability, product/category performance, regional performance, targets versus actuals, and customer segmentation."
"SALESCOMMERCIAL-00562","2026-04-08","2026-04","Central","Abha Cluster","Grocery","Seasonal","Completed","Commercial Central","7","1542.72","1101.5","75","14.67","Yes","Controlled","SYNTHETIC DEMO DATA — Revenue, profitability, product/category performance, regional performance, targets versus actuals, and customer segmentation."
"SALESCOMMERCIAL-00563","2026-04-21","2026-04","Eastern","Riyadh Metro","Apparel","Value","Completed","Key Accounts","4","1494.6","1085.08","75","15.66","Yes","Controlled","SYNTHETIC DEMO DATA — Revenue, profitability, product/category performance, regional performance, targets versus actuals, and customer segmentation."
"SALESCOMMERCIAL-00564","2026-05-04","2026-05","Southern","Jeddah Coast","Electronics","Core","Returned","Commercial Central","1","1334.42","984.8","76","16.65","Yes","At Risk","SYNTHETIC DEMO DATA — Revenue, profitability, product/category performance, regional performance, targets versus actuals, and customer segmentation."
"SALESCOMMERCIAL-00565","2026-05-17","2026-05","Western","Dammam Hub","Home & Living","Premium","In Progress","Key Accounts","10","1828.89","1261.93","77","17.64","Yes","Controlled","SYNTHETIC DEMO DATA — Revenue, profitability, product/category performance, regional performance, targets versus actuals, and customer segmentation."
"SALESCOMMERCIAL-00566","2026-05-30","2026-05","Northern","Tabuk Cluster","Grocery","Seasonal","Completed","Commercial Central","7","1559.93","1095.07","78","18.63","Yes","Controlled","SYNTHETIC DEMO DATA — Revenue, profitability, product/category performance, regional performance, targets versus actuals, and customer segmentation."
"SALESCOMMERCIAL-00567","2026-06-12","2026-06","Central","Abha Cluster","Apparel","Value","Completed","Key Accounts","4","1329.36","949.16","79","19.62","No","At Risk","SYNTHETIC DEMO DATA — Revenue, profitability, product/category performance, regional performance, targets versus actuals, and customer segmentation."
"SALESCOMMERCIAL-00568","2025-01-01","2025-01","Eastern","Riyadh Metro","Electronics","Core","Returned","Commercial Central","1","1268.26","920.76","80","20.61","No","At Risk","SYNTHETIC DEMO DATA — Revenue, profitability, product/category performance, regional performance, targets versus actuals, and customer segmentation."
"SALESCOMMERCIAL-00569","2025-01-14","2025-01","Southern","Jeddah Coast","Home & Living","Premium","In Progress","Key Accounts","10","1081.59","798.21","81","21.6","Yes","Controlled","SYNTHETIC DEMO DATA — Revenue, profitability, product/category performance, regional performance, targets versus actuals, and customer segmentation."
"SALESCOMMERCIAL-00570","2025-01-27","2025-01","Western","Dammam Hub","Grocery","Seasonal","Completed","Commercial Central","7","1501.92","1036.32","81","22.59","Yes","Controlled","SYNTHETIC DEMO DATA — Revenue, profitability, product/category performance, regional performance, targets versus actuals, and customer segmentation."
"SALESCOMMERCIAL-00571","2025-02-09","2025-02","Northern","Tabuk Cluster","Apparel","Value","Completed","Key Accounts","4","1364.36","957.78","82","23.58","Yes","Controlled","SYNTHETIC DEMO DATA — Revenue, profitability, product/category performance, regional performance, targets versus actuals, and customer segmentation."
"SALESCOMMERCIAL-00572","2025-02-22","2025-02","Central","Abha Cluster","Electronics","Core","Returned","Commercial Central","1","1872.69","1337.1","74","11.7","Yes","At Risk","SYNTHETIC DEMO DATA — Revenue, profitability, product/category performance, regional performance, targets versus actuals, and customer segmentation."
"SALESCOMMERCIAL-00573","2025-03-07","2025-03","Eastern","Riyadh Metro","Home & Living","Premium","In Progress","Key Accounts","10","1899.17","1378.8","75","12.69","Yes","Controlled","SYNTHETIC DEMO DATA — Revenue, profitability, product/category performance, regional performance, targets versus actuals, and customer segmentation."
"SALESCOMMERCIAL-00574","2025-03-20","2025-03","Southern","Jeddah Coast","Grocery","Seasonal","Completed","Commercial Central","7","1591.51","1174.53","75","13.68","Yes","Controlled","SYNTHETIC DEMO DATA — Revenue, profitability, product/category performance, regional performance, targets versus actuals, and customer segmentation."
"SALESCOMMERCIAL-00575","2025-04-02","2025-04","Western","Dammam Hub","Apparel","Value","Completed","Key Accounts","4","1687.62","1164.46","76","14.67","Yes","Controlled","SYNTHETIC DEMO DATA — Revenue, profitability, product/category performance, regional performance, targets versus actuals, and customer segmentation."
"SALESCOMMERCIAL-00576","2025-04-15","2025-04","Northern","Tabuk Cluster","Electronics","Core","Returned","Commercial Central","1","851.08","597.46","77","15.66","No","At Risk","SYNTHETIC DEMO DATA — Revenue, profitability, product/category performance, regional performance, targets versus actuals, and customer segmentation."
"SALESCOMMERCIAL-00577","2025-04-28","2025-04","Central","Abha Cluster","Home & Living","Premium","In Progress","Key Accounts","10","1187.91","848.17","78","16.65","No","At Risk","SYNTHETIC DEMO DATA — Revenue, profitability, product/category performance, regional performance, targets versus actuals, and customer segmentation."
"SALESCOMMERCIAL-00578","2025-05-11","2025-05","Eastern","Riyadh Metro","Grocery","Seasonal","Completed","Commercial Central","7","1237.17","898.19","79","17.64","Yes","Controlled","SYNTHETIC DEMO DATA — Revenue, profitability, product/category performance, regional performance, targets versus actuals, and customer segmentation."
"SALESCOMMERCIAL-00579","2025-05-24","2025-05","Southern","Jeddah Coast","Apparel","Value","Completed","Key Accounts","4","1050.43","775.22","80","18.63","Yes","Controlled","SYNTHETIC DEMO DATA — Revenue, profitability, product/category performance, regional performance, targets versus actuals, and customer segmentation."
"SALESCOMMERCIAL-00580","2025-06-06","2025-06","Western","Dammam Hub","Electronics","Core","Returned","Commercial Central","1","1538.5","1061.56","81","19.62","Yes","At Risk","SYNTHETIC DEMO DATA — Revenue, profitability, product/category performance, regional performance, targets versus actuals, and customer segmentation."
"SALESCOMMERCIAL-00581","2025-06-19","2025-06","Northern","Tabuk Cluster","Home & Living","Premium","In Progress","Key Accounts","10","1323.17","928.87","81","20.61","Yes","Controlled","SYNTHETIC DEMO DATA — Revenue, profitability, product/category performance, regional performance, targets versus actuals, and customer segmentation."
"SALESCOMMERCIAL-00582","2025-07-02","2025-07","Central","Abha Cluster","Grocery","Seasonal","Completed","Commercial Central","7","1944.98","1388.72","82","21.6","Yes","Controlled","SYNTHETIC DEMO DATA — Revenue, profitability, product/category performance, regional performance, targets versus actuals, and customer segmentation."
"SALESCOMMERCIAL-00583","2025-07-15","2025-07","Eastern","Riyadh Metro","Apparel","Value","Completed","Key Accounts","4","1873.4","1360.09","74","22.59","Yes","Controlled","SYNTHETIC DEMO DATA — Revenue, profitability, product/category performance, regional performance, targets versus actuals, and customer segmentation."
"SALESCOMMERCIAL-00584","2025-07-28","2025-07","Southern","Jeddah Coast","Electronics","Core","Returned","Commercial Central","1","1566.03","1155.73","75","23.58","Yes","At Risk","SYNTHETIC DEMO DATA — Revenue, profitability, product/category performance, regional performance, targets versus actuals, and customer segmentation."
"SALESCOMMERCIAL-00585","2025-08-10","2025-08","Western","Dammam Hub","Home & Living","Premium","In Progress","Key Accounts","10","1332.51","919.43","75","11.7","No","At Risk","SYNTHETIC DEMO DATA — Revenue, profitability, product/category performance, regional performance, targets versus actuals, and customer segmentation."
"SALESCOMMERCIAL-00586","2025-08-23","2025-08","Northern","Tabuk Cluster","Grocery","Seasonal","Completed","Commercial Central","7","1165.37","818.09","76","12.69","No","At Risk","SYNTHETIC DEMO DATA — Revenue, profitability, product/category performance, regional performance, targets versus actuals, and customer segmentation."
"SALESCOMMERCIAL-00587","2025-09-05","2025-09","Central","Abha Cluster","Apparel","Value","Completed","Key Accounts","4","1699.3","1213.3","77","13.68","Yes","Controlled","SYNTHETIC DEMO DATA — Revenue, profitability, product/category performance, regional performance, targets versus actuals, and customer segmentation."
"SALESCOMMERCIAL-00588","2025-09-18","2025-09","Eastern","Riyadh Metro","Electronics","Core","Returned","Commercial Central","1","1658.35","1203.96","78","14.67","Yes","At Risk","SYNTHETIC DEMO DATA — Revenue, profitability, product/category performance, regional performance, targets versus actuals, and customer segmentation."
"SALESCOMMERCIAL-00589","2025-10-01","2025-10","Southern","Jeddah Coast","Home & Living","Premium","In Progress","Key Accounts","10","1087.22","802.37","79","15.66","Yes","Controlled","SYNTHETIC DEMO DATA — Revenue, profitability, product/category performance, regional performance, targets versus actuals, and customer segmentation."
"SALESCOMMERCIAL-00590","2025-10-14","2025-10","Western","Dammam Hub","Grocery","Seasonal","Completed","Commercial Central","7","1498.76","1034.14","80","16.65","Yes","Controlled","SYNTHETIC DEMO DATA — Revenue, profitability, product/category performance, regional performance, targets versus actuals, and customer segmentation."
"SALESCOMMERCIAL-00591","2025-10-27","2025-10","Northern","Tabuk Cluster","Apparel","Value","Completed","Key Accounts","4","1285.06","902.11","81","17.64","Yes","Controlled","SYNTHETIC DEMO DATA — Revenue, profitability, product/category performance, regional performance, targets versus actuals, and customer segmentation."
"SALESCOMMERCIAL-00592","2025-11-09","2025-11","Central","Abha Cluster","Electronics","Core","Returned","Commercial Central","1","1863.22","1330.34","81","18.63","Yes","At Risk","SYNTHETIC DEMO DATA — Revenue, profitability, product/category performance, regional performance, targets versus actuals, and customer segmentation."
"SALESCOMMERCIAL-00593","2025-11-22","2025-11","Eastern","Riyadh Metro","Home & Living","Premium","In Progress","Key Accounts","10","1790.2","1299.69","82","19.62","Yes","Controlled","SYNTHETIC DEMO DATA — Revenue, profitability, product/category performance, regional performance, targets versus actuals, and customer segmentation."
"SALESCOMMERCIAL-00594","2025-12-05","2025-12","Southern","Jeddah Coast","Grocery","Seasonal","Completed","Commercial Central","7","936.86","691.4","74","20.61","No","At Risk","SYNTHETIC DEMO DATA — Revenue, profitability, product/category performance, regional performance, targets versus actuals, and customer segmentation."
"SALESCOMMERCIAL-00595","2025-12-18","2025-12","Western","Dammam Hub","Apparel","Value","Completed","Key Accounts","4","1313.3","906.18","75","21.6","No","At Risk","SYNTHETIC DEMO DATA — Revenue, profitability, product/category performance, regional performance, targets versus actuals, and customer segmentation."
"SALESCOMMERCIAL-00596","2025-12-31","2025-12","Northern","Tabuk Cluster","Electronics","Core","Returned","Commercial Central","1","1162.3","815.93","75","22.59","Yes","At Risk","SYNTHETIC DEMO DATA — Revenue, profitability, product/category performance, regional performance, targets versus actuals, and customer segmentation."
"SALESCOMMERCIAL-00597","2026-01-13","2026-01","Central","Abha Cluster","Home & Living","Premium","In Progress","Key Accounts","10","1696.31","1211.17","76","23.58","Yes","Controlled","SYNTHETIC DEMO DATA — Revenue, profitability, product/category performance, regional performance, targets versus actuals, and customer segmentation."
"SALESCOMMERCIAL-00598","2026-01-26","2026-01","Eastern","Riyadh Metro","Grocery","Seasonal","Completed","Commercial Central","7","1649.04","1197.2","77","11.7","Yes","Controlled","SYNTHETIC DEMO DATA — Revenue, profitability, product/category performance, regional performance, targets versus actuals, and customer segmentation."
"SALESCOMMERCIAL-00599","2026-02-08","2026-02","Southern","Jeddah Coast","Apparel","Value","Completed","Key Accounts","4","1463.11","1079.78","78","12.69","Yes","Controlled","SYNTHETIC DEMO DATA — Revenue, profitability, product/category performance, regional performance, targets versus actuals, and customer segmentation."
"SALESCOMMERCIAL-00600","2026-02-21","2026-02","Western","Dammam Hub","Electronics","Core","Returned","Commercial Central","1","2010.77","1387.43","79","13.68","Yes","At Risk","SYNTHETIC DEMO DATA — Revenue, profitability, product/category performance, regional performance, targets versus actuals, and customer segmentation."
"SALESCOMMERCIAL-00040","2025-06-06","2025-06","Western","Dammam Hub","Electronics","Core","Returned","Commercial Central","1","1538.5","1061.56","80","12.69","Yes","At Risk","SYNTHETIC DEMO DATA — Revenue, profitability, product/category performance, regional performance, targets versus actuals, and customer segmentation."
"SALESCOMMERCIAL-00220","2025-12-03","2025-12","Western","Dammam Hub","Electronics","Core","Returned","Commercial Central","1","1592.9","1099.1","74","23.58","Yes","At Risk","SYNTHETIC DEMO DATA — Revenue, profitability, product/category performance, regional performance, targets versus actuals, and customer segmentation."
"SALESCOMMERCIAL-00420","2025-08-25","2025-08","Western","Dammam Hub","Electronics","Core","Returned","Commercial Central","1","1943.25","1340.84","75","15.66","Yes","At Risk","SYNTHETIC DEMO DATA — Revenue, profitability, product/category performance, regional performance, targets versus actuals, and customer segmentation."
