"raw_record_id","event_date","period","region_name","location","category","subcategory","status","owner_group","quantity","metric_value","metric_cost","score","cycle_hours","sla_met","risk_flag","notes"
"SUPPLYCHAIN-00001","2025-05-26","2025-05","Southern","Tabuk Cross-dock","Seasonal","Inbound","Delayed","Transport","10","5202.04","4380.12","88","21.15","No","At Risk","SYNTHETIC DEMO DATA — Inventory levels, stock movement, supplier performance, purchase orders, fulfillment, delivery performance, and out-of-stock risk."
"SUPPLYCHAIN-00002","2025-06-08","2025-06","Western","Khamis Hub","Imported","Outbound","Fulfilled","Procurement","7","7682.33","6560.71","88","22.8","Yes","Controlled","SYNTHETIC DEMO DATA — Inventory levels, stock movement, supplier performance, purchase orders, fulfillment, delivery performance, and out-of-stock risk."
"SUPPLYCHAIN-00003","2025-06-21","2025-06","Northern","Riyadh DC","Private Label","Replenishment","Fulfilled","Transport","4","6655.51","5763.67","89","24.45","Yes","Controlled","SYNTHETIC DEMO DATA — Inventory levels, stock movement, supplier performance, purchase orders, fulfillment, delivery performance, and out-of-stock risk."
"SUPPLYCHAIN-00004","2025-07-04","2025-07","Central","Jeddah DC","Fast Moving","Storage","At Risk","Procurement","1","9846.91","8645.59","90","26.1","Yes","At Risk","SYNTHETIC DEMO DATA — Inventory levels, stock movement, supplier performance, purchase orders, fulfillment, delivery performance, and out-of-stock risk."
"SUPPLYCHAIN-00005","2025-07-17","2025-07","Eastern","Dammam DC","Seasonal","Inbound","Delayed","Transport","10","9539.74","7917.98","91","27.75","Yes","Controlled","SYNTHETIC DEMO DATA — Inventory levels, stock movement, supplier performance, purchase orders, fulfillment, delivery performance, and out-of-stock risk."
"SUPPLYCHAIN-00006","2025-07-30","2025-07","Southern","Tabuk Cross-dock","Imported","Outbound","Fulfilled","Procurement","7","8016.37","6749.78","92","29.4","Yes","Controlled","SYNTHETIC DEMO DATA — Inventory levels, stock movement, supplier performance, purchase orders, fulfillment, delivery performance, and out-of-stock risk."
"SUPPLYCHAIN-00007","2025-08-12","2025-08","Western","Khamis Hub","Private Label","Replenishment","Fulfilled","Transport","4","11565.03","9876.54","93","31.05","Yes","Controlled","SYNTHETIC DEMO DATA — Inventory levels, stock movement, supplier performance, purchase orders, fulfillment, delivery performance, and out-of-stock risk."
"SUPPLYCHAIN-00008","2025-08-25","2025-08","Northern","Riyadh DC","Fast Moving","Storage","At Risk","Procurement","1","9864.29","8542.48","94","32.7","Yes","At Risk","SYNTHETIC DEMO DATA — Inventory levels, stock movement, supplier performance, purchase orders, fulfillment, delivery performance, and out-of-stock risk."
"SUPPLYCHAIN-00009","2025-09-07","2025-09","Central","Jeddah DC","Seasonal","Inbound","Delayed","Transport","10","8336.24","7319.22","94","34.35","No","At Risk","SYNTHETIC DEMO DATA — Inventory levels, stock movement, supplier performance, purchase orders, fulfillment, delivery performance, and out-of-stock risk."
"SUPPLYCHAIN-00010","2025-09-20","2025-09","Eastern","Dammam DC","Imported","Outbound","Fulfilled","Procurement","7","8212.61","6816.47","95","36","No","At Risk","SYNTHETIC DEMO DATA — Inventory levels, stock movement, supplier performance, purchase orders, fulfillment, delivery performance, and out-of-stock risk."
"SUPPLYCHAIN-00011","2025-10-03","2025-10","Southern","Tabuk Cross-dock","Private Label","Replenishment","Fulfilled","Transport","4","5428.92","4571.15","87","37.65","Yes","Controlled","SYNTHETIC DEMO DATA — Inventory levels, stock movement, supplier performance, purchase orders, fulfillment, delivery performance, and out-of-stock risk."
"SUPPLYCHAIN-00012","2025-10-16","2025-10","Western","Khamis Hub","Fast Moving","Storage","At Risk","Procurement","1","7538.73","6438.08","88","39.3","Yes","At Risk","SYNTHETIC DEMO DATA — Inventory levels, stock movement, supplier performance, purchase orders, fulfillment, delivery performance, and out-of-stock risk."
"SUPPLYCHAIN-00013","2025-10-29","2025-10","Northern","Riyadh DC","Seasonal","Inbound","Delayed","Transport","10","6505.88","5634.09","88","19.5","Yes","Controlled","SYNTHETIC DEMO DATA — Inventory levels, stock movement, supplier performance, purchase orders, fulfillment, delivery performance, and out-of-stock risk."
"SUPPLYCHAIN-00014","2025-11-11","2025-11","Central","Jeddah DC","Imported","Outbound","Fulfilled","Procurement","7","9487.92","8330.39","89","21.15","Yes","Controlled","SYNTHETIC DEMO DATA — Inventory levels, stock movement, supplier performance, purchase orders, fulfillment, delivery performance, and out-of-stock risk."
"SUPPLYCHAIN-00015","2025-11-24","2025-11","Eastern","Dammam DC","Private Label","Replenishment","Fulfilled","Transport","4","9163.87","7606.01","90","22.8","Yes","Controlled","SYNTHETIC DEMO DATA — Inventory levels, stock movement, supplier performance, purchase orders, fulfillment, delivery performance, and out-of-stock risk."
"SUPPLYCHAIN-00016","2025-12-07","2025-12","Southern","Tabuk Cross-dock","Fast Moving","Storage","At Risk","Procurement","1","8131.12","6846.4","91","24.45","Yes","At Risk","SYNTHETIC DEMO DATA — Inventory levels, stock movement, supplier performance, purchase orders, fulfillment, delivery performance, and out-of-stock risk."
"SUPPLYCHAIN-00017","2025-12-20","2025-12","Western","Khamis Hub","Seasonal","Inbound","Delayed","Transport","10","11116.44","9493.44","92","26.1","Yes","Controlled","SYNTHETIC DEMO DATA — Inventory levels, stock movement, supplier performance, purchase orders, fulfillment, delivery performance, and out-of-stock risk."
"SUPPLYCHAIN-00018","2026-01-02","2026-01","Northern","Riyadh DC","Imported","Outbound","Fulfilled","Procurement","7","6018.65","5212.15","93","27.75","No","At Risk","SYNTHETIC DEMO DATA — Inventory levels, stock movement, supplier performance, purchase orders, fulfillment, delivery performance, and out-of-stock risk."
"SUPPLYCHAIN-00019","2026-01-15","2026-01","Central","Jeddah DC","Private Label","Replenishment","Fulfilled","Transport","4","8400.57","7375.7","94","29.4","No","At Risk","SYNTHETIC DEMO DATA — Inventory levels, stock movement, supplier performance, purchase orders, fulfillment, delivery performance, and out-of-stock risk."
"SUPPLYCHAIN-00020","2026-01-28","2026-01","Eastern","Dammam DC","Fast Moving","Storage","At Risk","Procurement","1","8234.3","6834.47","94","31.05","Yes","At Risk","SYNTHETIC DEMO DATA — Inventory levels, stock movement, supplier performance, purchase orders, fulfillment, delivery performance, and out-of-stock risk."
"SUPPLYCHAIN-00021","2026-02-10","2026-02","Southern","Tabuk Cross-dock","Seasonal","Inbound","Delayed","Transport","10","7359.41","6196.62","95","32.7","Yes","Controlled","SYNTHETIC DEMO DATA — Inventory levels, stock movement, supplier performance, purchase orders, fulfillment, delivery performance, and out-of-stock risk."
"SUPPLYCHAIN-00022","2026-02-23","2026-02","Western","Khamis Hub","Imported","Outbound","Fulfilled","Procurement","7","10179.99","8693.71","87","34.35","Yes","Controlled","SYNTHETIC DEMO DATA — Inventory levels, stock movement, supplier performance, purchase orders, fulfillment, delivery performance, and out-of-stock risk."
"SUPPLYCHAIN-00023","2026-03-08","2026-03","Northern","Riyadh DC","Private Label","Replenishment","Fulfilled","Transport","4","9192.95","7961.09","88","36","Yes","Controlled","SYNTHETIC DEMO DATA — Inventory levels, stock movement, supplier performance, purchase orders, fulfillment, delivery performance, and out-of-stock risk."
"SUPPLYCHAIN-00024","2026-03-21","2026-03","Central","Jeddah DC","Fast Moving","Storage","At Risk","Procurement","1","12579.46","11044.77","88","37.65","Yes","At Risk","SYNTHETIC DEMO DATA — Inventory levels, stock movement, supplier performance, purchase orders, fulfillment, delivery performance, and out-of-stock risk."
"SUPPLYCHAIN-00025","2026-04-03","2026-04","Eastern","Dammam DC","Seasonal","Inbound","Delayed","Transport","10","9386.62","7790.89","89","39.3","Yes","Controlled","SYNTHETIC DEMO DATA — Inventory levels, stock movement, supplier performance, purchase orders, fulfillment, delivery performance, and out-of-stock risk."
"SUPPLYCHAIN-00026","2026-04-16","2026-04","Southern","Tabuk Cross-dock","Imported","Outbound","Fulfilled","Procurement","7","7846.56","6606.8","90","19.5","Yes","Controlled","SYNTHETIC DEMO DATA — Inventory levels, stock movement, supplier performance, purchase orders, fulfillment, delivery performance, and out-of-stock risk."
"SUPPLYCHAIN-00027","2026-04-29","2026-04","Western","Khamis Hub","Private Label","Replenishment","Fulfilled","Transport","4","6342.69","5416.66","91","21.15","No","At Risk","SYNTHETIC DEMO DATA — Inventory levels, stock movement, supplier performance, purchase orders, fulfillment, delivery performance, and out-of-stock risk."
"SUPPLYCHAIN-00028","2026-05-12","2026-05","Northern","Riyadh DC","Fast Moving","Storage","At Risk","Procurement","1","5893.8","5104.03","92","22.8","No","At Risk","SYNTHETIC DEMO DATA — Inventory levels, stock movement, supplier performance, purchase orders, fulfillment, delivery performance, and out-of-stock risk."
"SUPPLYCHAIN-00029","2026-05-25","2026-05","Central","Jeddah DC","Seasonal","Inbound","Delayed","Transport","10","8184.88","7186.32","93","24.45","Yes","Controlled","SYNTHETIC DEMO DATA — Inventory levels, stock movement, supplier performance, purchase orders, fulfillment, delivery performance, and out-of-stock risk."
"SUPPLYCHAIN-00030","2026-06-07","2026-06","Eastern","Dammam DC","Imported","Outbound","Fulfilled","Procurement","7","8457.51","7019.73","94","26.1","Yes","Controlled","SYNTHETIC DEMO DATA — Inventory levels, stock movement, supplier performance, purchase orders, fulfillment, delivery performance, and out-of-stock risk."
"SUPPLYCHAIN-00031","2026-06-20","2026-06","Southern","Tabuk Cross-dock","Private Label","Replenishment","Fulfilled","Transport","4","7153.22","6023.01","94","27.75","Yes","Controlled","SYNTHETIC DEMO DATA — Inventory levels, stock movement, supplier performance, purchase orders, fulfillment, delivery performance, and out-of-stock risk."
"SUPPLYCHAIN-00032","2025-01-09","2025-01","Western","Khamis Hub","Fast Moving","Storage","At Risk","Procurement","1","9549.29","8155.09","95","29.4","Yes","At Risk","SYNTHETIC DEMO DATA — Inventory levels, stock movement, supplier performance, purchase orders, fulfillment, delivery performance, and out-of-stock risk."
"SUPPLYCHAIN-00033","2025-01-22","2025-01","Northern","Riyadh DC","Seasonal","Inbound","Delayed","Transport","10","8187.68","7090.53","87","31.05","Yes","Controlled","SYNTHETIC DEMO DATA — Inventory levels, stock movement, supplier performance, purchase orders, fulfillment, delivery performance, and out-of-stock risk."
"SUPPLYCHAIN-00034","2025-02-04","2025-02","Central","Jeddah DC","Imported","Outbound","Fulfilled","Procurement","7","11761.18","10326.32","88","32.7","Yes","Controlled","SYNTHETIC DEMO DATA — Inventory levels, stock movement, supplier performance, purchase orders, fulfillment, delivery performance, and out-of-stock risk."
"SUPPLYCHAIN-00035","2025-02-17","2025-02","Eastern","Dammam DC","Private Label","Replenishment","Fulfilled","Transport","4","11300.26","9379.22","88","34.35","Yes","Controlled","SYNTHETIC DEMO DATA — Inventory levels, stock movement, supplier performance, purchase orders, fulfillment, delivery performance, and out-of-stock risk."
"SUPPLYCHAIN-00036","2025-03-02","2025-03","Southern","Tabuk Cross-dock","Fast Moving","Storage","At Risk","Procurement","1","5864.44","4937.86","89","36","No","At Risk","SYNTHETIC DEMO DATA — Inventory levels, stock movement, supplier performance, purchase orders, fulfillment, delivery performance, and out-of-stock risk."
"SUPPLYCHAIN-00037","2025-03-15","2025-03","Western","Khamis Hub","Seasonal","Inbound","Delayed","Transport","10","8220.83","7020.59","90","37.65","No","At Risk","SYNTHETIC DEMO DATA — Inventory levels, stock movement, supplier performance, purchase orders, fulfillment, delivery performance, and out-of-stock risk."
"SUPPLYCHAIN-00038","2025-03-28","2025-03","Northern","Riyadh DC","Imported","Outbound","Fulfilled","Procurement","7","7153.45","6194.89","91","39.3","Yes","Controlled","SYNTHETIC DEMO DATA — Inventory levels, stock movement, supplier performance, purchase orders, fulfillment, delivery performance, and out-of-stock risk."
"SUPPLYCHAIN-00039","2025-04-10","2025-04","Central","Jeddah DC","Private Label","Replenishment","Fulfilled","Transport","4","7671.31","6735.41","92","19.5","Yes","Controlled","SYNTHETIC DEMO DATA — Inventory levels, stock movement, supplier performance, purchase orders, fulfillment, delivery performance, and out-of-stock risk."
"SUPPLYCHAIN-00040","2025-04-23","2025-04","Eastern","Dammam DC","Fast Moving","Storage","At Risk","Procurement","1","7457.55","6189.77","93","21.15","Yes","At Risk","SYNTHETIC DEMO DATA — Inventory levels, stock movement, supplier performance, purchase orders, fulfillment, delivery performance, and out-of-stock risk."
"SUPPLYCHAIN-00041","2025-05-06","2025-05","Southern","Tabuk Cross-dock","Seasonal","Inbound","Delayed","Transport","10","6678.74","5623.5","94","22.8","Yes","Controlled","SYNTHETIC DEMO DATA — Inventory levels, stock movement, supplier performance, purchase orders, fulfillment, delivery performance, and out-of-stock risk."
"SUPPLYCHAIN-00042","2025-05-19","2025-05","Western","Khamis Hub","Imported","Outbound","Fulfilled","Procurement","7","9178.69","7838.6","94","24.45","Yes","Controlled","SYNTHETIC DEMO DATA — Inventory levels, stock movement, supplier performance, purchase orders, fulfillment, delivery performance, and out-of-stock risk."
"SUPPLYCHAIN-00043","2025-06-01","2025-06","Northern","Riyadh DC","Private Label","Replenishment","Fulfilled","Transport","4","8309.99","7196.45","95","26.1","Yes","Controlled","SYNTHETIC DEMO DATA — Inventory levels, stock movement, supplier performance, purchase orders, fulfillment, delivery performance, and out-of-stock risk."
"SUPPLYCHAIN-00044","2025-06-14","2025-06","Central","Jeddah DC","Fast Moving","Storage","At Risk","Procurement","1","11311.93","9931.87","87","27.75","Yes","At Risk","SYNTHETIC DEMO DATA — Inventory levels, stock movement, supplier performance, purchase orders, fulfillment, delivery performance, and out-of-stock risk."
"SUPPLYCHAIN-00045","2025-06-27","2025-06","Eastern","Dammam DC","Seasonal","Inbound","Delayed","Transport","10","6426.18","5333.73","88","29.4","No","At Risk","SYNTHETIC DEMO DATA — Inventory levels, stock movement, supplier performance, purchase orders, fulfillment, delivery performance, and out-of-stock risk."
"SUPPLYCHAIN-00046","2025-07-10","2025-07","Southern","Tabuk Cross-dock","Imported","Outbound","Fulfilled","Procurement","7","5916.84","4981.98","88","31.05","No","At Risk","SYNTHETIC DEMO DATA — Inventory levels, stock movement, supplier performance, purchase orders, fulfillment, delivery performance, and out-of-stock risk."
"SUPPLYCHAIN-00047","2025-07-23","2025-07","Western","Khamis Hub","Private Label","Replenishment","Fulfilled","Transport","4","8252.51","7047.64","89","32.7","Yes","Controlled","SYNTHETIC DEMO DATA — Inventory levels, stock movement, supplier performance, purchase orders, fulfillment, delivery performance, and out-of-stock risk."
"SUPPLYCHAIN-00048","2025-08-05","2025-08","Northern","Riyadh DC","Fast Moving","Storage","At Risk","Procurement","1","7525.77","6517.32","90","34.35","Yes","At Risk","SYNTHETIC DEMO DATA — Inventory levels, stock movement, supplier performance, purchase orders, fulfillment, delivery performance, and out-of-stock risk."
"SUPPLYCHAIN-00049","2025-08-18","2025-08","Central","Jeddah DC","Seasonal","Inbound","Delayed","Transport","10","10365.16","9100.61","91","36","Yes","Controlled","SYNTHETIC DEMO DATA — Inventory levels, stock movement, supplier performance, purchase orders, fulfillment, delivery performance, and out-of-stock risk."
"SUPPLYCHAIN-00050","2025-08-31","2025-08","Eastern","Dammam DC","Imported","Outbound","Fulfilled","Procurement","7","10041.84","8334.73","92","37.65","Yes","Controlled","SYNTHETIC DEMO DATA — Inventory levels, stock movement, supplier performance, purchase orders, fulfillment, delivery performance, and out-of-stock risk."
"SUPPLYCHAIN-00051","2025-09-13","2025-09","Southern","Tabuk Cross-dock","Private Label","Replenishment","Fulfilled","Transport","4","8860.2","7460.29","93","39.3","Yes","Controlled","SYNTHETIC DEMO DATA — Inventory levels, stock movement, supplier performance, purchase orders, fulfillment, delivery performance, and out-of-stock risk."
"SUPPLYCHAIN-00052","2025-09-26","2025-09","Western","Khamis Hub","Fast Moving","Storage","At Risk","Procurement","1","12143.28","10370.36","94","19.5","Yes","At Risk","SYNTHETIC DEMO DATA — Inventory levels, stock movement, supplier performance, purchase orders, fulfillment, delivery performance, and out-of-stock risk."
"SUPPLYCHAIN-00053","2025-10-09","2025-10","Northern","Riyadh DC","Seasonal","Inbound","Delayed","Transport","10","8028.54","6952.72","94","21.15","Yes","Controlled","SYNTHETIC DEMO DATA — Inventory levels, stock movement, supplier performance, purchase orders, fulfillment, delivery performance, and out-of-stock risk."
"SUPPLYCHAIN-00054","2025-10-22","2025-10","Central","Jeddah DC","Imported","Outbound","Fulfilled","Procurement","7","6461.77","5673.43","95","22.8","No","At Risk","SYNTHETIC DEMO DATA — Inventory levels, stock movement, supplier performance, purchase orders, fulfillment, delivery performance, and out-of-stock risk."
"SUPPLYCHAIN-00055","2025-11-04","2025-11","Eastern","Dammam DC","Private Label","Replenishment","Fulfilled","Transport","4","6763.81","5613.96","87","24.45","No","At Risk","SYNTHETIC DEMO DATA — Inventory levels, stock movement, supplier performance, purchase orders, fulfillment, delivery performance, and out-of-stock risk."
"SUPPLYCHAIN-00056","2025-11-17","2025-11","Southern","Tabuk Cross-dock","Fast Moving","Storage","At Risk","Procurement","1","5768.23","4856.85","88","26.1","Yes","At Risk","SYNTHETIC DEMO DATA — Inventory levels, stock movement, supplier performance, purchase orders, fulfillment, delivery performance, and out-of-stock risk."
"SUPPLYCHAIN-00057","2025-11-30","2025-11","Western","Khamis Hub","Seasonal","Inbound","Delayed","Transport","10","8009.91","6840.46","88","27.75","Yes","Controlled","SYNTHETIC DEMO DATA — Inventory levels, stock movement, supplier performance, purchase orders, fulfillment, delivery performance, and out-of-stock risk."
"SUPPLYCHAIN-00058","2025-12-13","2025-12","Northern","Riyadh DC","Imported","Outbound","Fulfilled","Procurement","7","7319.12","6338.36","89","29.4","Yes","Controlled","SYNTHETIC DEMO DATA — Inventory levels, stock movement, supplier performance, purchase orders, fulfillment, delivery performance, and out-of-stock risk."
"SUPPLYCHAIN-00059","2025-12-26","2025-12","Central","Jeddah DC","Private Label","Replenishment","Fulfilled","Transport","4","10046.04","8820.42","90","31.05","Yes","Controlled","SYNTHETIC DEMO DATA — Inventory levels, stock movement, supplier performance, purchase orders, fulfillment, delivery performance, and out-of-stock risk."
"SUPPLYCHAIN-00060","2026-01-08","2026-01","Eastern","Dammam DC","Fast Moving","Storage","At Risk","Procurement","1","10416.89","8646.02","91","32.7","Yes","At Risk","SYNTHETIC DEMO DATA — Inventory levels, stock movement, supplier performance, purchase orders, fulfillment, delivery performance, and out-of-stock risk."
"SUPPLYCHAIN-00061","2026-01-21","2026-01","Southern","Tabuk Cross-dock","Seasonal","Inbound","Delayed","Transport","10","8729.43","7350.18","92","34.35","Yes","Controlled","SYNTHETIC DEMO DATA — Inventory levels, stock movement, supplier performance, purchase orders, fulfillment, delivery performance, and out-of-stock risk."
"SUPPLYCHAIN-00062","2026-02-03","2026-02","Western","Khamis Hub","Imported","Outbound","Fulfilled","Procurement","7","12562.54","10728.41","93","36","Yes","Controlled","SYNTHETIC DEMO DATA — Inventory levels, stock movement, supplier performance, purchase orders, fulfillment, delivery performance, and out-of-stock risk."
"SUPPLYCHAIN-00063","2026-02-16","2026-02","Northern","Riyadh DC","Private Label","Replenishment","Fulfilled","Transport","4","6335.42","5486.47","94","37.65","No","At Risk","SYNTHETIC DEMO DATA — Inventory levels, stock movement, supplier performance, purchase orders, fulfillment, delivery performance, and out-of-stock risk."
"SUPPLYCHAIN-00064","2026-03-01","2026-03","Central","Jeddah DC","Fast Moving","Storage","At Risk","Procurement","1","9284.84","8152.09","94","39.3","No","At Risk","SYNTHETIC DEMO DATA — Inventory levels, stock movement, supplier performance, purchase orders, fulfillment, delivery performance, and out-of-stock risk."
"SUPPLYCHAIN-00065","2026-03-14","2026-03","Eastern","Dammam DC","Seasonal","Inbound","Delayed","Transport","10","9101.07","7553.89","95","19.5","Yes","Controlled","SYNTHETIC DEMO DATA — Inventory levels, stock movement, supplier performance, purchase orders, fulfillment, delivery performance, and out-of-stock risk."
"SUPPLYCHAIN-00066","2026-03-27","2026-03","Southern","Tabuk Cross-dock","Imported","Outbound","Fulfilled","Procurement","7","7857.13","6615.7","87","21.15","Yes","Controlled","SYNTHETIC DEMO DATA — Inventory levels, stock movement, supplier performance, purchase orders, fulfillment, delivery performance, and out-of-stock risk."
"SUPPLYCHAIN-00067","2026-04-09","2026-04","Western","Khamis Hub","Private Label","Replenishment","Fulfilled","Transport","4","8280.74","7071.75","88","22.8","Yes","Controlled","SYNTHETIC DEMO DATA — Inventory levels, stock movement, supplier performance, purchase orders, fulfillment, delivery performance, and out-of-stock risk."
"SUPPLYCHAIN-00068","2026-04-22","2026-04","Northern","Riyadh DC","Fast Moving","Storage","At Risk","Procurement","1","7121.76","6167.44","88","24.45","Yes","At Risk","SYNTHETIC DEMO DATA — Inventory levels, stock movement, supplier performance, purchase orders, fulfillment, delivery performance, and out-of-stock risk."
"SUPPLYCHAIN-00069","2026-05-05","2026-05","Central","Jeddah DC","Seasonal","Inbound","Delayed","Transport","10","10354.36","9091.13","89","26.1","Yes","Controlled","SYNTHETIC DEMO DATA — Inventory levels, stock movement, supplier performance, purchase orders, fulfillment, delivery performance, and out-of-stock risk."
"SUPPLYCHAIN-00070","2026-05-18","2026-05","Eastern","Dammam DC","Imported","Outbound","Fulfilled","Procurement","7","9973.28","8277.82","90","27.75","Yes","Controlled","SYNTHETIC DEMO DATA — Inventory levels, stock movement, supplier performance, purchase orders, fulfillment, delivery performance, and out-of-stock risk."
"SUPPLYCHAIN-00071","2026-05-31","2026-05","Southern","Tabuk Cross-dock","Private Label","Replenishment","Fulfilled","Transport","4","8336.97","7019.73","91","29.4","Yes","Controlled","SYNTHETIC DEMO DATA — Inventory levels, stock movement, supplier performance, purchase orders, fulfillment, delivery performance, and out-of-stock risk."
"SUPPLYCHAIN-00072","2026-06-13","2026-06","Western","Khamis Hub","Fast Moving","Storage","At Risk","Procurement","1","7135.53","6093.74","92","31.05","No","At Risk","SYNTHETIC DEMO DATA — Inventory levels, stock movement, supplier performance, purchase orders, fulfillment, delivery performance, and out-of-stock risk."
"SUPPLYCHAIN-00073","2025-01-02","2025-01","Northern","Riyadh DC","Seasonal","Inbound","Delayed","Transport","10","6043.29","5233.49","93","32.7","No","At Risk","SYNTHETIC DEMO DATA — Inventory levels, stock movement, supplier performance, purchase orders, fulfillment, delivery performance, and out-of-stock risk."
"SUPPLYCHAIN-00074","2025-01-15","2025-01","Central","Jeddah DC","Imported","Outbound","Fulfilled","Procurement","7","8392.48","7368.6","94","34.35","Yes","Controlled","SYNTHETIC DEMO DATA — Inventory levels, stock movement, supplier performance, purchase orders, fulfillment, delivery performance, and out-of-stock risk."
"SUPPLYCHAIN-00075","2025-01-28","2025-01","Eastern","Dammam DC","Private Label","Replenishment","Fulfilled","Transport","4","8190.25","6797.91","94","36","Yes","Controlled","SYNTHETIC DEMO DATA — Inventory levels, stock movement, supplier performance, purchase orders, fulfillment, delivery performance, and out-of-stock risk."
"SUPPLYCHAIN-00076","2025-02-10","2025-02","Southern","Tabuk Cross-dock","Fast Moving","Storage","At Risk","Procurement","1","7291.77","6139.67","95","37.65","Yes","At Risk","SYNTHETIC DEMO DATA — Inventory levels, stock movement, supplier performance, purchase orders, fulfillment, delivery performance, and out-of-stock risk."
"SUPPLYCHAIN-00077","2025-02-23","2025-02","Western","Khamis Hub","Seasonal","Inbound","Delayed","Transport","10","10051.89","8584.31","87","39.3","Yes","Controlled","SYNTHETIC DEMO DATA — Inventory levels, stock movement, supplier performance, purchase orders, fulfillment, delivery performance, and out-of-stock risk."
"SUPPLYCHAIN-00078","2025-03-08","2025-03","Northern","Riyadh DC","Imported","Outbound","Fulfilled","Procurement","7","9049.54","7836.9","88","19.5","Yes","Controlled","SYNTHETIC DEMO DATA — Inventory levels, stock movement, supplier performance, purchase orders, fulfillment, delivery performance, and out-of-stock risk."
"SUPPLYCHAIN-00079","2025-03-21","2025-03","Central","Jeddah DC","Private Label","Replenishment","Fulfilled","Transport","4","12349.24","10842.63","88","21.15","Yes","Controlled","SYNTHETIC DEMO DATA — Inventory levels, stock movement, supplier performance, purchase orders, fulfillment, delivery performance, and out-of-stock risk."
"SUPPLYCHAIN-00080","2025-04-03","2025-04","Eastern","Dammam DC","Fast Moving","Storage","At Risk","Procurement","1","9202.93","7638.43","89","22.8","Yes","At Risk","SYNTHETIC DEMO DATA — Inventory levels, stock movement, supplier performance, purchase orders, fulfillment, delivery performance, and out-of-stock risk."
"SUPPLYCHAIN-00081","2025-04-16","2025-04","Southern","Tabuk Cross-dock","Seasonal","Inbound","Delayed","Transport","10","4548.57","3829.9","90","24.45","No","At Risk","SYNTHETIC DEMO DATA — Inventory levels, stock movement, supplier performance, purchase orders, fulfillment, delivery performance, and out-of-stock risk."
"SUPPLYCHAIN-00082","2025-04-29","2025-04","Western","Khamis Hub","Imported","Outbound","Fulfilled","Procurement","7","6376.23","5445.3","91","26.1","No","At Risk","SYNTHETIC DEMO DATA — Inventory levels, stock movement, supplier performance, purchase orders, fulfillment, delivery performance, and out-of-stock risk."
"SUPPLYCHAIN-00083","2025-05-12","2025-05","Northern","Riyadh DC","Private Label","Replenishment","Fulfilled","Transport","4","5895.12","5105.17","92","27.75","Yes","Controlled","SYNTHETIC DEMO DATA — Inventory levels, stock movement, supplier performance, purchase orders, fulfillment, delivery performance, and out-of-stock risk."
"SUPPLYCHAIN-00084","2025-05-25","2025-05","Central","Jeddah DC","Fast Moving","Storage","At Risk","Procurement","1","8150.77","7156.38","93","29.4","Yes","At Risk","SYNTHETIC DEMO DATA — Inventory levels, stock movement, supplier performance, purchase orders, fulfillment, delivery performance, and out-of-stock risk."
"SUPPLYCHAIN-00085","2025-06-07","2025-06","Eastern","Dammam DC","Seasonal","Inbound","Delayed","Transport","10","8389.74","6963.48","94","31.05","Yes","Controlled","SYNTHETIC DEMO DATA — Inventory levels, stock movement, supplier performance, purchase orders, fulfillment, delivery performance, and out-of-stock risk."
"SUPPLYCHAIN-00086","2025-06-20","2025-06","Southern","Tabuk Cross-dock","Imported","Outbound","Fulfilled","Procurement","7","7071.61","5954.3","94","32.7","Yes","Controlled","SYNTHETIC DEMO DATA — Inventory levels, stock movement, supplier performance, purchase orders, fulfillment, delivery performance, and out-of-stock risk."
"SUPPLYCHAIN-00087","2025-07-03","2025-07","Western","Khamis Hub","Private Label","Replenishment","Fulfilled","Transport","4","10439.92","8915.69","95","34.35","Yes","Controlled","SYNTHETIC DEMO DATA — Inventory levels, stock movement, supplier performance, purchase orders, fulfillment, delivery performance, and out-of-stock risk."
"SUPPLYCHAIN-00088","2025-07-16","2025-07","Northern","Riyadh DC","Fast Moving","Storage","At Risk","Procurement","1","8926.75","7730.57","87","36","Yes","At Risk","SYNTHETIC DEMO DATA — Inventory levels, stock movement, supplier performance, purchase orders, fulfillment, delivery performance, and out-of-stock risk."
"SUPPLYCHAIN-00089","2025-07-29","2025-07","Central","Jeddah DC","Seasonal","Inbound","Delayed","Transport","10","12151.5","10669.02","88","37.65","Yes","Controlled","SYNTHETIC DEMO DATA — Inventory levels, stock movement, supplier performance, purchase orders, fulfillment, delivery performance, and out-of-stock risk."
"SUPPLYCHAIN-00090","2025-08-11","2025-08","Eastern","Dammam DC","Imported","Outbound","Fulfilled","Procurement","7","7266.45","6031.15","88","39.3","No","At Risk","SYNTHETIC DEMO DATA — Inventory levels, stock movement, supplier performance, purchase orders, fulfillment, delivery performance, and out-of-stock risk."
"SUPPLYCHAIN-00091","2025-08-24","2025-08","Southern","Tabuk Cross-dock","Private Label","Replenishment","Fulfilled","Transport","4","6228.26","5244.19","89","19.5","No","At Risk","SYNTHETIC DEMO DATA — Inventory levels, stock movement, supplier performance, purchase orders, fulfillment, delivery performance, and out-of-stock risk."
"SUPPLYCHAIN-00092","2025-09-06","2025-09","Western","Khamis Hub","Fast Moving","Storage","At Risk","Procurement","1","9121.19","7789.5","90","21.15","Yes","At Risk","SYNTHETIC DEMO DATA — Inventory levels, stock movement, supplier performance, purchase orders, fulfillment, delivery performance, and out-of-stock risk."
"SUPPLYCHAIN-00093","2025-09-19","2025-09","Northern","Riyadh DC","Seasonal","Inbound","Delayed","Transport","10","7902.06","6843.18","91","22.8","Yes","Controlled","SYNTHETIC DEMO DATA — Inventory levels, stock movement, supplier performance, purchase orders, fulfillment, delivery performance, and out-of-stock risk."
"SUPPLYCHAIN-00094","2025-10-02","2025-10","Central","Jeddah DC","Imported","Outbound","Fulfilled","Procurement","7","8436.2","7406.98","92","24.45","Yes","Controlled","SYNTHETIC DEMO DATA — Inventory levels, stock movement, supplier performance, purchase orders, fulfillment, delivery performance, and out-of-stock risk."
"SUPPLYCHAIN-00095","2025-10-15","2025-10","Eastern","Dammam DC","Private Label","Replenishment","Fulfilled","Transport","4","8173.05","6783.63","93","26.1","Yes","Controlled","SYNTHETIC DEMO DATA — Inventory levels, stock movement, supplier performance, purchase orders, fulfillment, delivery performance, and out-of-stock risk."
"SUPPLYCHAIN-00096","2025-10-28","2025-10","Southern","Tabuk Cross-dock","Fast Moving","Storage","At Risk","Procurement","1","6867.91","5782.78","94","27.75","Yes","At Risk","SYNTHETIC DEMO DATA — Inventory levels, stock movement, supplier performance, purchase orders, fulfillment, delivery performance, and out-of-stock risk."
"SUPPLYCHAIN-00097","2025-11-10","2025-11","Western","Khamis Hub","Seasonal","Inbound","Delayed","Transport","10","10001.07","8540.91","94","29.4","Yes","Controlled","SYNTHETIC DEMO DATA — Inventory levels, stock movement, supplier performance, purchase orders, fulfillment, delivery performance, and out-of-stock risk."
"SUPPLYCHAIN-00098","2025-11-23","2025-11","Northern","Riyadh DC","Imported","Outbound","Fulfilled","Procurement","7","8530.32","7387.26","95","31.05","Yes","Controlled","SYNTHETIC DEMO DATA — Inventory levels, stock movement, supplier performance, purchase orders, fulfillment, delivery performance, and out-of-stock risk."
"SUPPLYCHAIN-00099","2025-12-06","2025-12","Central","Jeddah DC","Private Label","Replenishment","Fulfilled","Transport","4","7269.49","6382.61","87","32.7","No","At Risk","SYNTHETIC DEMO DATA — Inventory levels, stock movement, supplier performance, purchase orders, fulfillment, delivery performance, and out-of-stock risk."
"SUPPLYCHAIN-00100","2025-12-19","2025-12","Eastern","Dammam DC","Fast Moving","Storage","At Risk","Procurement","1","7161.68","5944.19","88","34.35","No","At Risk","SYNTHETIC DEMO DATA — Inventory levels, stock movement, supplier performance, purchase orders, fulfillment, delivery performance, and out-of-stock risk."
"SUPPLYCHAIN-00101","2026-01-01","2026-01","Southern","Tabuk Cross-dock","Seasonal","Inbound","Delayed","Transport","10","6556.94","5520.94","88","36","Yes","Controlled","SYNTHETIC DEMO DATA — Inventory levels, stock movement, supplier performance, purchase orders, fulfillment, delivery performance, and out-of-stock risk."
"SUPPLYCHAIN-00102","2026-01-14","2026-01","Western","Khamis Hub","Imported","Outbound","Fulfilled","Procurement","7","9105.13","7775.78","89","37.65","Yes","Controlled","SYNTHETIC DEMO DATA — Inventory levels, stock movement, supplier performance, purchase orders, fulfillment, delivery performance, and out-of-stock risk."
"SUPPLYCHAIN-00103","2026-01-27","2026-01","Northern","Riyadh DC","Private Label","Replenishment","Fulfilled","Transport","4","7857.68","6804.75","90","39.3","Yes","Controlled","SYNTHETIC DEMO DATA — Inventory levels, stock movement, supplier performance, purchase orders, fulfillment, delivery performance, and out-of-stock risk."
"SUPPLYCHAIN-00104","2026-02-09","2026-02","Central","Jeddah DC","Fast Moving","Storage","At Risk","Procurement","1","11352.89","9967.84","91","19.5","Yes","At Risk","SYNTHETIC DEMO DATA — Inventory levels, stock movement, supplier performance, purchase orders, fulfillment, delivery performance, and out-of-stock risk."
"SUPPLYCHAIN-00105","2026-02-22","2026-02","Eastern","Dammam DC","Seasonal","Inbound","Delayed","Transport","10","10965.14","9101.07","92","21.15","Yes","Controlled","SYNTHETIC DEMO DATA — Inventory levels, stock movement, supplier performance, purchase orders, fulfillment, delivery performance, and out-of-stock risk."
"SUPPLYCHAIN-00106","2026-03-07","2026-03","Southern","Tabuk Cross-dock","Imported","Outbound","Fulfilled","Procurement","7","9648.31","8123.88","93","22.8","Yes","Controlled","SYNTHETIC DEMO DATA — Inventory levels, stock movement, supplier performance, purchase orders, fulfillment, delivery performance, and out-of-stock risk."
"SUPPLYCHAIN-00107","2026-03-20","2026-03","Western","Khamis Hub","Private Label","Replenishment","Fulfilled","Transport","4","13190.66","11264.82","94","24.45","Yes","Controlled","SYNTHETIC DEMO DATA — Inventory levels, stock movement, supplier performance, purchase orders, fulfillment, delivery performance, and out-of-stock risk."
"SUPPLYCHAIN-00108","2026-04-02","2026-04","Northern","Riyadh DC","Fast Moving","Storage","At Risk","Procurement","1","5153.44","4462.88","94","26.1","No","At Risk","SYNTHETIC DEMO DATA — Inventory levels, stock movement, supplier performance, purchase orders, fulfillment, delivery performance, and out-of-stock risk."
"SUPPLYCHAIN-00109","2026-04-15","2026-04","Central","Jeddah DC","Seasonal","Inbound","Delayed","Transport","10","7192.94","6315.4","95","27.75","No","At Risk","SYNTHETIC DEMO DATA — Inventory levels, stock movement, supplier performance, purchase orders, fulfillment, delivery performance, and out-of-stock risk."
"SUPPLYCHAIN-00110","2026-04-28","2026-04","Eastern","Dammam DC","Imported","Outbound","Fulfilled","Procurement","7","7050.58","5851.98","87","29.4","Yes","Controlled","SYNTHETIC DEMO DATA — Inventory levels, stock movement, supplier performance, purchase orders, fulfillment, delivery performance, and out-of-stock risk."
"SUPPLYCHAIN-00111","2026-05-11","2026-05","Southern","Tabuk Cross-dock","Private Label","Replenishment","Fulfilled","Transport","4","6360.54","5355.57","88","31.05","Yes","Controlled","SYNTHETIC DEMO DATA — Inventory levels, stock movement, supplier performance, purchase orders, fulfillment, delivery performance, and out-of-stock risk."
"SUPPLYCHAIN-00112","2026-05-24","2026-05","Western","Khamis Hub","Fast Moving","Storage","At Risk","Procurement","1","8798.28","7513.73","88","32.7","Yes","At Risk","SYNTHETIC DEMO DATA — Inventory levels, stock movement, supplier performance, purchase orders, fulfillment, delivery performance, and out-of-stock risk."
"SUPPLYCHAIN-00113","2026-06-06","2026-06","Northern","Riyadh DC","Seasonal","Inbound","Delayed","Transport","10","8011.98","6938.37","89","34.35","Yes","Controlled","SYNTHETIC DEMO DATA — Inventory levels, stock movement, supplier performance, purchase orders, fulfillment, delivery performance, and out-of-stock risk."
"SUPPLYCHAIN-00114","2026-06-19","2026-06","Central","Jeddah DC","Imported","Outbound","Fulfilled","Procurement","7","10963.44","9625.9","90","36","Yes","Controlled","SYNTHETIC DEMO DATA — Inventory levels, stock movement, supplier performance, purchase orders, fulfillment, delivery performance, and out-of-stock risk."
"SUPPLYCHAIN-00115","2025-01-08","2025-01","Eastern","Dammam DC","Private Label","Replenishment","Fulfilled","Transport","4","10226.24","8487.78","91","37.65","Yes","Controlled","SYNTHETIC DEMO DATA — Inventory levels, stock movement, supplier performance, purchase orders, fulfillment, delivery performance, and out-of-stock risk."
"SUPPLYCHAIN-00116","2025-01-21","2025-01","Southern","Tabuk Cross-dock","Fast Moving","Storage","At Risk","Procurement","1","8548.43","7197.78","92","39.3","Yes","At Risk","SYNTHETIC DEMO DATA — Inventory levels, stock movement, supplier performance, purchase orders, fulfillment, delivery performance, and out-of-stock risk."
"SUPPLYCHAIN-00117","2025-02-03","2025-02","Western","Khamis Hub","Seasonal","Inbound","Delayed","Transport","10","7273.73","6211.77","93","19.5","No","At Risk","SYNTHETIC DEMO DATA — Inventory levels, stock movement, supplier performance, purchase orders, fulfillment, delivery performance, and out-of-stock risk."
"SUPPLYCHAIN-00118","2025-02-16","2025-02","Northern","Riyadh DC","Imported","Outbound","Fulfilled","Procurement","7","6361.36","5508.94","94","21.15","No","At Risk","SYNTHETIC DEMO DATA — Inventory levels, stock movement, supplier performance, purchase orders, fulfillment, delivery performance, and out-of-stock risk."
"SUPPLYCHAIN-00119","2025-03-01","2025-03","Central","Jeddah DC","Private Label","Replenishment","Fulfilled","Transport","4","9275.9","8144.24","94","22.8","Yes","Controlled","SYNTHETIC DEMO DATA — Inventory levels, stock movement, supplier performance, purchase orders, fulfillment, delivery performance, and out-of-stock risk."
"SUPPLYCHAIN-00120","2025-03-14","2025-03","Eastern","Dammam DC","Fast Moving","Storage","At Risk","Procurement","1","9052.38","7513.48","95","24.45","Yes","At Risk","SYNTHETIC DEMO DATA — Inventory levels, stock movement, supplier performance, purchase orders, fulfillment, delivery performance, and out-of-stock risk."
"SUPPLYCHAIN-00121","2025-03-27","2025-03","Southern","Tabuk Cross-dock","Seasonal","Inbound","Delayed","Transport","10","7656.36","6446.66","87","26.1","Yes","Controlled","SYNTHETIC DEMO DATA — Inventory levels, stock movement, supplier performance, purchase orders, fulfillment, delivery performance, and out-of-stock risk."
"SUPPLYCHAIN-00122","2025-04-09","2025-04","Western","Khamis Hub","Imported","Outbound","Fulfilled","Procurement","7","8186.26","6991.07","88","27.75","Yes","Controlled","SYNTHETIC DEMO DATA — Inventory levels, stock movement, supplier performance, purchase orders, fulfillment, delivery performance, and out-of-stock risk."
"SUPPLYCHAIN-00123","2025-04-22","2025-04","Northern","Riyadh DC","Private Label","Replenishment","Fulfilled","Transport","4","7019","6078.45","88","29.4","Yes","Controlled","SYNTHETIC DEMO DATA — Inventory levels, stock movement, supplier performance, purchase orders, fulfillment, delivery performance, and out-of-stock risk."
"SUPPLYCHAIN-00124","2025-05-05","2025-05","Central","Jeddah DC","Fast Moving","Storage","At Risk","Procurement","1","10176.95","8935.36","89","31.05","Yes","At Risk","SYNTHETIC DEMO DATA — Inventory levels, stock movement, supplier performance, purchase orders, fulfillment, delivery performance, and out-of-stock risk."
"SUPPLYCHAIN-00125","2025-05-18","2025-05","Eastern","Dammam DC","Seasonal","Inbound","Delayed","Transport","10","9778.11","8115.83","90","32.7","Yes","Controlled","SYNTHETIC DEMO DATA — Inventory levels, stock movement, supplier performance, purchase orders, fulfillment, delivery performance, and out-of-stock risk."
"SUPPLYCHAIN-00126","2025-05-31","2025-05","Southern","Tabuk Cross-dock","Imported","Outbound","Fulfilled","Procurement","7","4832.86","4069.27","91","34.35","No","At Risk","SYNTHETIC DEMO DATA — Inventory levels, stock movement, supplier performance, purchase orders, fulfillment, delivery performance, and out-of-stock risk."
"SUPPLYCHAIN-00127","2025-06-13","2025-06","Western","Khamis Hub","Private Label","Replenishment","Fulfilled","Transport","4","7173.26","6125.96","92","36","No","At Risk","SYNTHETIC DEMO DATA — Inventory levels, stock movement, supplier performance, purchase orders, fulfillment, delivery performance, and out-of-stock risk."
"SUPPLYCHAIN-00128","2025-06-26","2025-06","Northern","Riyadh DC","Fast Moving","Storage","At Risk","Procurement","1","6241.89","5405.48","93","37.65","Yes","At Risk","SYNTHETIC DEMO DATA — Inventory levels, stock movement, supplier performance, purchase orders, fulfillment, delivery performance, and out-of-stock risk."
"SUPPLYCHAIN-00129","2025-07-09","2025-07","Central","Jeddah DC","Seasonal","Inbound","Delayed","Transport","10","9270.76","8139.73","94","39.3","Yes","Controlled","SYNTHETIC DEMO DATA — Inventory levels, stock movement, supplier performance, purchase orders, fulfillment, delivery performance, and out-of-stock risk."
"SUPPLYCHAIN-00130","2025-07-22","2025-07","Eastern","Dammam DC","Imported","Outbound","Fulfilled","Procurement","7","9012.42","7480.31","94","19.5","Yes","Controlled","SYNTHETIC DEMO DATA — Inventory levels, stock movement, supplier performance, purchase orders, fulfillment, delivery performance, and out-of-stock risk."
"SUPPLYCHAIN-00131","2025-08-04","2025-08","Southern","Tabuk Cross-dock","Private Label","Replenishment","Fulfilled","Transport","4","7996.28","6732.87","95","21.15","Yes","Controlled","SYNTHETIC DEMO DATA — Inventory levels, stock movement, supplier performance, purchase orders, fulfillment, delivery performance, and out-of-stock risk."
"SUPPLYCHAIN-00132","2025-08-17","2025-08","Western","Khamis Hub","Fast Moving","Storage","At Risk","Procurement","1","10989.39","9384.94","87","22.8","Yes","At Risk","SYNTHETIC DEMO DATA — Inventory levels, stock movement, supplier performance, purchase orders, fulfillment, delivery performance, and out-of-stock risk."
"SUPPLYCHAIN-00133","2025-08-30","2025-08","Northern","Riyadh DC","Seasonal","Inbound","Delayed","Transport","10","9396.58","8137.44","88","24.45","Yes","Controlled","SYNTHETIC DEMO DATA — Inventory levels, stock movement, supplier performance, purchase orders, fulfillment, delivery performance, and out-of-stock risk."
"SUPPLYCHAIN-00134","2025-09-12","2025-09","Central","Jeddah DC","Imported","Outbound","Fulfilled","Procurement","7","13430.61","11792.08","88","26.1","Yes","Controlled","SYNTHETIC DEMO DATA — Inventory levels, stock movement, supplier performance, purchase orders, fulfillment, delivery performance, and out-of-stock risk."
"SUPPLYCHAIN-00135","2025-09-25","2025-09","Eastern","Dammam DC","Private Label","Replenishment","Fulfilled","Transport","4","7629.78","6332.72","89","27.75","No","At Risk","SYNTHETIC DEMO DATA — Inventory levels, stock movement, supplier performance, purchase orders, fulfillment, delivery performance, and out-of-stock risk."
"SUPPLYCHAIN-00136","2025-10-08","2025-10","Southern","Tabuk Cross-dock","Fast Moving","Storage","At Risk","Procurement","1","5069.18","4268.25","90","29.4","No","At Risk","SYNTHETIC DEMO DATA — Inventory levels, stock movement, supplier performance, purchase orders, fulfillment, delivery performance, and out-of-stock risk."
"SUPPLYCHAIN-00137","2025-10-21","2025-10","Western","Khamis Hub","Seasonal","Inbound","Delayed","Transport","10","7070.23","6037.98","91","31.05","Yes","Controlled","SYNTHETIC DEMO DATA — Inventory levels, stock movement, supplier performance, purchase orders, fulfillment, delivery performance, and out-of-stock risk."
"SUPPLYCHAIN-00138","2025-11-03","2025-11","Northern","Riyadh DC","Imported","Outbound","Fulfilled","Procurement","7","6508.05","5635.97","92","32.7","Yes","Controlled","SYNTHETIC DEMO DATA — Inventory levels, stock movement, supplier performance, purchase orders, fulfillment, delivery performance, and out-of-stock risk."
"SUPPLYCHAIN-00139","2025-11-16","2025-11","Central","Jeddah DC","Private Label","Replenishment","Fulfilled","Transport","4","8963.47","7869.93","93","34.35","Yes","Controlled","SYNTHETIC DEMO DATA — Inventory levels, stock movement, supplier performance, purchase orders, fulfillment, delivery performance, and out-of-stock risk."
"SUPPLYCHAIN-00140","2025-11-29","2025-11","Eastern","Dammam DC","Fast Moving","Storage","At Risk","Procurement","1","8683.86","7207.6","94","36","Yes","At Risk","SYNTHETIC DEMO DATA — Inventory levels, stock movement, supplier performance, purchase orders, fulfillment, delivery performance, and out-of-stock risk."
"SUPPLYCHAIN-00141","2025-12-12","2025-12","Southern","Tabuk Cross-dock","Seasonal","Inbound","Delayed","Transport","10","7726.4","6505.63","94","37.65","Yes","Controlled","SYNTHETIC DEMO DATA — Inventory levels, stock movement, supplier performance, purchase orders, fulfillment, delivery performance, and out-of-stock risk."
"SUPPLYCHAIN-00142","2025-12-25","2025-12","Western","Khamis Hub","Imported","Outbound","Fulfilled","Procurement","7","10589.37","9043.32","95","39.3","Yes","Controlled","SYNTHETIC DEMO DATA — Inventory levels, stock movement, supplier performance, purchase orders, fulfillment, delivery performance, and out-of-stock risk."
"SUPPLYCHAIN-00143","2026-01-07","2026-01","Northern","Riyadh DC","Private Label","Replenishment","Fulfilled","Transport","4","9696.71","8397.35","87","19.5","Yes","Controlled","SYNTHETIC DEMO DATA — Inventory levels, stock movement, supplier performance, purchase orders, fulfillment, delivery performance, and out-of-stock risk."
"SUPPLYCHAIN-00144","2026-01-20","2026-01","Central","Jeddah DC","Fast Moving","Storage","At Risk","Procurement","1","7804.4","6852.26","88","21.15","No","At Risk","SYNTHETIC DEMO DATA — Inventory levels, stock movement, supplier performance, purchase orders, fulfillment, delivery performance, and out-of-stock risk."
"SUPPLYCHAIN-00145","2026-02-02","2026-02","Eastern","Dammam DC","Seasonal","Inbound","Delayed","Transport","10","8093.32","6717.46","88","22.8","No","At Risk","SYNTHETIC DEMO DATA — Inventory levels, stock movement, supplier performance, purchase orders, fulfillment, delivery performance, and out-of-stock risk."
"SUPPLYCHAIN-00146","2026-02-15","2026-02","Southern","Tabuk Cross-dock","Imported","Outbound","Fulfilled","Procurement","7","6902.05","5811.53","89","24.45","Yes","Controlled","SYNTHETIC DEMO DATA — Inventory levels, stock movement, supplier performance, purchase orders, fulfillment, delivery performance, and out-of-stock risk."
"SUPPLYCHAIN-00147","2026-02-28","2026-02","Western","Khamis Hub","Private Label","Replenishment","Fulfilled","Transport","4","9584.35","8185.03","90","26.1","Yes","Controlled","SYNTHETIC DEMO DATA — Inventory levels, stock movement, supplier performance, purchase orders, fulfillment, delivery performance, and out-of-stock risk."
"SUPPLYCHAIN-00148","2026-03-13","2026-03","Northern","Riyadh DC","Fast Moving","Storage","At Risk","Procurement","1","8684.8","7521.04","91","27.75","Yes","At Risk","SYNTHETIC DEMO DATA — Inventory levels, stock movement, supplier performance, purchase orders, fulfillment, delivery performance, and out-of-stock risk."
"SUPPLYCHAIN-00149","2026-03-26","2026-03","Central","Jeddah DC","Seasonal","Inbound","Delayed","Transport","10","11920.53","10466.23","92","29.4","Yes","Controlled","SYNTHETIC DEMO DATA — Inventory levels, stock movement, supplier performance, purchase orders, fulfillment, delivery performance, and out-of-stock risk."
"SUPPLYCHAIN-00150","2026-04-08","2026-04","Eastern","Dammam DC","Imported","Outbound","Fulfilled","Procurement","7","8919.41","7403.11","93","31.05","Yes","Controlled","SYNTHETIC DEMO DATA — Inventory levels, stock movement, supplier performance, purchase orders, fulfillment, delivery performance, and out-of-stock risk."
"SUPPLYCHAIN-00151","2026-04-21","2026-04","Southern","Tabuk Cross-dock","Private Label","Replenishment","Fulfilled","Transport","4","7474.53","6293.55","94","32.7","Yes","Controlled","SYNTHETIC DEMO DATA — Inventory levels, stock movement, supplier performance, purchase orders, fulfillment, delivery performance, and out-of-stock risk."
"SUPPLYCHAIN-00152","2026-05-04","2026-05","Western","Khamis Hub","Fast Moving","Storage","At Risk","Procurement","1","10857.45","9272.26","94","34.35","Yes","At Risk","SYNTHETIC DEMO DATA — Inventory levels, stock movement, supplier performance, purchase orders, fulfillment, delivery performance, and out-of-stock risk."
"SUPPLYCHAIN-00153","2026-05-17","2026-05","Northern","Riyadh DC","Seasonal","Inbound","Delayed","Transport","10","5475.53","4741.81","95","36","No","At Risk","SYNTHETIC DEMO DATA — Inventory levels, stock movement, supplier performance, purchase orders, fulfillment, delivery performance, and out-of-stock risk."
"SUPPLYCHAIN-00154","2026-05-30","2026-05","Central","Jeddah DC","Imported","Outbound","Fulfilled","Procurement","7","7642.5","6710.12","87","37.65","No","At Risk","SYNTHETIC DEMO DATA — Inventory levels, stock movement, supplier performance, purchase orders, fulfillment, delivery performance, and out-of-stock risk."
"SUPPLYCHAIN-00155","2026-06-12","2026-06","Eastern","Dammam DC","Private Label","Replenishment","Fulfilled","Transport","4","7931.9","6583.48","88","39.3","Yes","Controlled","SYNTHETIC DEMO DATA — Inventory levels, stock movement, supplier performance, purchase orders, fulfillment, delivery performance, and out-of-stock risk."
"SUPPLYCHAIN-00156","2025-01-01","2025-01","Southern","Tabuk Cross-dock","Fast Moving","Storage","At Risk","Procurement","1","6521.87","5491.41","88","19.5","Yes","At Risk","SYNTHETIC DEMO DATA — Inventory levels, stock movement, supplier performance, purchase orders, fulfillment, delivery performance, and out-of-stock risk."
"SUPPLYCHAIN-00157","2025-01-14","2025-01","Western","Khamis Hub","Seasonal","Inbound","Delayed","Transport","10","9021.44","7704.31","89","21.15","Yes","Controlled","SYNTHETIC DEMO DATA — Inventory levels, stock movement, supplier performance, purchase orders, fulfillment, delivery performance, and out-of-stock risk."
"SUPPLYCHAIN-00158","2025-01-27","2025-01","Northern","Riyadh DC","Imported","Outbound","Fulfilled","Procurement","7","7758.8","6719.12","90","22.8","Yes","Controlled","SYNTHETIC DEMO DATA — Inventory levels, stock movement, supplier performance, purchase orders, fulfillment, delivery performance, and out-of-stock risk."
"SUPPLYCHAIN-00159","2025-02-09","2025-02","Central","Jeddah DC","Private Label","Replenishment","Fulfilled","Transport","4","11175.78","9812.33","91","24.45","Yes","Controlled","SYNTHETIC DEMO DATA — Inventory levels, stock movement, supplier performance, purchase orders, fulfillment, delivery performance, and out-of-stock risk."
"SUPPLYCHAIN-00160","2025-02-22","2025-02","Eastern","Dammam DC","Fast Moving","Storage","At Risk","Procurement","1","10764.47","8934.51","92","26.1","Yes","At Risk","SYNTHETIC DEMO DATA — Inventory levels, stock movement, supplier performance, purchase orders, fulfillment, delivery performance, and out-of-stock risk."
"SUPPLYCHAIN-00161","2025-03-07","2025-03","Southern","Tabuk Cross-dock","Seasonal","Inbound","Delayed","Transport","10","9448.27","7955.44","93","27.75","Yes","Controlled","SYNTHETIC DEMO DATA — Inventory levels, stock movement, supplier performance, purchase orders, fulfillment, delivery performance, and out-of-stock risk."
"SUPPLYCHAIN-00162","2025-03-20","2025-03","Western","Khamis Hub","Imported","Outbound","Fulfilled","Procurement","7","7637.41","6522.35","94","29.4","No","At Risk","SYNTHETIC DEMO DATA — Inventory levels, stock movement, supplier performance, purchase orders, fulfillment, delivery performance, and out-of-stock risk."
"SUPPLYCHAIN-00163","2025-04-02","2025-04","Northern","Riyadh DC","Private Label","Replenishment","Fulfilled","Transport","4","5180.69","4486.48","94","31.05","No","At Risk","SYNTHETIC DEMO DATA — Inventory levels, stock movement, supplier performance, purchase orders, fulfillment, delivery performance, and out-of-stock risk."
"SUPPLYCHAIN-00164","2025-04-15","2025-04","Central","Jeddah DC","Fast Moving","Storage","At Risk","Procurement","1","7194.56","6316.82","95","32.7","Yes","At Risk","SYNTHETIC DEMO DATA — Inventory levels, stock movement, supplier performance, purchase orders, fulfillment, delivery performance, and out-of-stock risk."
"SUPPLYCHAIN-00165","2025-04-28","2025-04","Eastern","Dammam DC","Seasonal","Inbound","Delayed","Transport","10","7021.2","5827.6","87","34.35","Yes","Controlled","SYNTHETIC DEMO DATA — Inventory levels, stock movement, supplier performance, purchase orders, fulfillment, delivery performance, and out-of-stock risk."
"SUPPLYCHAIN-00166","2025-05-11","2025-05","Southern","Tabuk Cross-dock","Imported","Outbound","Fulfilled","Procurement","7","6309.57","5312.66","88","36","Yes","Controlled","SYNTHETIC DEMO DATA — Inventory levels, stock movement, supplier performance, purchase orders, fulfillment, delivery performance, and out-of-stock risk."
"SUPPLYCHAIN-00167","2025-05-24","2025-05","Western","Khamis Hub","Private Label","Replenishment","Fulfilled","Transport","4","8697.9","7428.01","88","37.65","Yes","Controlled","SYNTHETIC DEMO DATA — Inventory levels, stock movement, supplier performance, purchase orders, fulfillment, delivery performance, and out-of-stock risk."
"SUPPLYCHAIN-00168","2025-06-06","2025-06","Northern","Riyadh DC","Fast Moving","Storage","At Risk","Procurement","1","7896.37","6838.26","89","39.3","Yes","At Risk","SYNTHETIC DEMO DATA — Inventory levels, stock movement, supplier performance, purchase orders, fulfillment, delivery performance, and out-of-stock risk."
"SUPPLYCHAIN-00169","2025-06-19","2025-06","Central","Jeddah DC","Seasonal","Inbound","Delayed","Transport","10","10775.59","9460.97","90","19.5","Yes","Controlled","SYNTHETIC DEMO DATA — Inventory levels, stock movement, supplier performance, purchase orders, fulfillment, delivery performance, and out-of-stock risk."
"SUPPLYCHAIN-00170","2025-07-02","2025-07","Eastern","Dammam DC","Imported","Outbound","Fulfilled","Procurement","7","11121.71","9231.02","91","21.15","Yes","Controlled","SYNTHETIC DEMO DATA — Inventory levels, stock movement, supplier performance, purchase orders, fulfillment, delivery performance, and out-of-stock risk."
"SUPPLYCHAIN-00171","2025-07-15","2025-07","Southern","Tabuk Cross-dock","Private Label","Replenishment","Fulfilled","Transport","4","5496.94","4628.42","92","22.8","No","At Risk","SYNTHETIC DEMO DATA — Inventory levels, stock movement, supplier performance, purchase orders, fulfillment, delivery performance, and out-of-stock risk."
"SUPPLYCHAIN-00172","2025-07-28","2025-07","Western","Khamis Hub","Fast Moving","Storage","At Risk","Procurement","1","7705.66","6580.63","93","24.45","No","At Risk","SYNTHETIC DEMO DATA — Inventory levels, stock movement, supplier performance, purchase orders, fulfillment, delivery performance, and out-of-stock risk."
"SUPPLYCHAIN-00173","2025-08-10","2025-08","Northern","Riyadh DC","Seasonal","Inbound","Delayed","Transport","10","7058.07","6112.29","94","26.1","Yes","Controlled","SYNTHETIC DEMO DATA — Inventory levels, stock movement, supplier performance, purchase orders, fulfillment, delivery performance, and out-of-stock risk."
"SUPPLYCHAIN-00174","2025-08-23","2025-08","Central","Jeddah DC","Imported","Outbound","Fulfilled","Procurement","7","9758.69","8568.13","94","27.75","Yes","Controlled","SYNTHETIC DEMO DATA — Inventory levels, stock movement, supplier performance, purchase orders, fulfillment, delivery performance, and out-of-stock risk."
"SUPPLYCHAIN-00175","2025-09-05","2025-09","Eastern","Dammam DC","Private Label","Replenishment","Fulfilled","Transport","4","9961.1","8267.71","95","29.4","Yes","Controlled","SYNTHETIC DEMO DATA — Inventory levels, stock movement, supplier performance, purchase orders, fulfillment, delivery performance, and out-of-stock risk."
"SUPPLYCHAIN-00176","2025-09-18","2025-09","Southern","Tabuk Cross-dock","Fast Moving","Storage","At Risk","Procurement","1","8396.09","7069.51","87","31.05","Yes","At Risk","SYNTHETIC DEMO DATA — Inventory levels, stock movement, supplier performance, purchase orders, fulfillment, delivery performance, and out-of-stock risk."
"SUPPLYCHAIN-00177","2025-10-01","2025-10","Western","Khamis Hub","Seasonal","Inbound","Delayed","Transport","10","8944.26","7638.4","88","32.7","Yes","Controlled","SYNTHETIC DEMO DATA — Inventory levels, stock movement, supplier performance, purchase orders, fulfillment, delivery performance, and out-of-stock risk."
"SUPPLYCHAIN-00178","2025-10-14","2025-10","Northern","Riyadh DC","Imported","Outbound","Fulfilled","Procurement","7","7647.88","6623.06","88","34.35","Yes","Controlled","SYNTHETIC DEMO DATA — Inventory levels, stock movement, supplier performance, purchase orders, fulfillment, delivery performance, and out-of-stock risk."
"SUPPLYCHAIN-00179","2025-10-27","2025-10","Central","Jeddah DC","Private Label","Replenishment","Fulfilled","Transport","4","10410.63","9140.53","89","36","Yes","Controlled","SYNTHETIC DEMO DATA — Inventory levels, stock movement, supplier performance, purchase orders, fulfillment, delivery performance, and out-of-stock risk."
"SUPPLYCHAIN-00180","2025-11-09","2025-11","Eastern","Dammam DC","Fast Moving","Storage","At Risk","Procurement","1","6283.8","5215.55","90","37.65","No","At Risk","SYNTHETIC DEMO DATA — Inventory levels, stock movement, supplier performance, purchase orders, fulfillment, delivery performance, and out-of-stock risk."
"SUPPLYCHAIN-00181","2025-11-22","2025-11","Southern","Tabuk Cross-dock","Seasonal","Inbound","Delayed","Transport","10","5386","4535.01","91","39.3","No","At Risk","SYNTHETIC DEMO DATA — Inventory levels, stock movement, supplier performance, purchase orders, fulfillment, delivery performance, and out-of-stock risk."
"SUPPLYCHAIN-00182","2025-12-05","2025-12","Western","Khamis Hub","Imported","Outbound","Fulfilled","Procurement","7","7954","6792.72","92","19.5","Yes","Controlled","SYNTHETIC DEMO DATA — Inventory levels, stock movement, supplier performance, purchase orders, fulfillment, delivery performance, and out-of-stock risk."
"SUPPLYCHAIN-00183","2025-12-18","2025-12","Northern","Riyadh DC","Private Label","Replenishment","Fulfilled","Transport","4","6890.87","5967.49","93","21.15","Yes","Controlled","SYNTHETIC DEMO DATA — Inventory levels, stock movement, supplier performance, purchase orders, fulfillment, delivery performance, and out-of-stock risk."
"SUPPLYCHAIN-00184","2025-12-31","2025-12","Central","Jeddah DC","Fast Moving","Storage","At Risk","Procurement","1","9652.81","8475.17","94","22.8","Yes","At Risk","SYNTHETIC DEMO DATA — Inventory levels, stock movement, supplier performance, purchase orders, fulfillment, delivery performance, and out-of-stock risk."
"SUPPLYCHAIN-00185","2026-01-13","2026-01","Eastern","Dammam DC","Seasonal","Inbound","Delayed","Transport","10","9871.24","8193.13","94","24.45","Yes","Controlled","SYNTHETIC DEMO DATA — Inventory levels, stock movement, supplier performance, purchase orders, fulfillment, delivery performance, and out-of-stock risk."
"SUPPLYCHAIN-00186","2026-01-26","2026-01","Southern","Tabuk Cross-dock","Imported","Outbound","Fulfilled","Procurement","7","8294.93","6984.33","95","26.1","Yes","Controlled","SYNTHETIC DEMO DATA — Inventory levels, stock movement, supplier performance, purchase orders, fulfillment, delivery performance, and out-of-stock risk."
"SUPPLYCHAIN-00187","2026-02-08","2026-02","Western","Khamis Hub","Private Label","Replenishment","Fulfilled","Transport","4","11966.9","10219.73","87","27.75","Yes","Controlled","SYNTHETIC DEMO DATA — Inventory levels, stock movement, supplier performance, purchase orders, fulfillment, delivery performance, and out-of-stock risk."
"SUPPLYCHAIN-00188","2026-02-21","2026-02","Northern","Riyadh DC","Fast Moving","Storage","At Risk","Procurement","1","10207.06","8839.31","88","29.4","Yes","At Risk","SYNTHETIC DEMO DATA — Inventory levels, stock movement, supplier performance, purchase orders, fulfillment, delivery performance, and out-of-stock risk."
"SUPPLYCHAIN-00189","2026-03-06","2026-03","Central","Jeddah DC","Seasonal","Inbound","Delayed","Transport","10","8625.91","7573.55","88","31.05","No","At Risk","SYNTHETIC DEMO DATA — Inventory levels, stock movement, supplier performance, purchase orders, fulfillment, delivery performance, and out-of-stock risk."
"SUPPLYCHAIN-00190","2026-03-19","2026-03","Eastern","Dammam DC","Imported","Outbound","Fulfilled","Procurement","7","8497.99","7053.33","89","32.7","No","At Risk","SYNTHETIC DEMO DATA — Inventory levels, stock movement, supplier performance, purchase orders, fulfillment, delivery performance, and out-of-stock risk."
"SUPPLYCHAIN-00191","2026-04-01","2026-04","Southern","Tabuk Cross-dock","Private Label","Replenishment","Fulfilled","Transport","4","5614.35","4727.28","90","34.35","Yes","Controlled","SYNTHETIC DEMO DATA — Inventory levels, stock movement, supplier performance, purchase orders, fulfillment, delivery performance, and out-of-stock risk."
"SUPPLYCHAIN-00192","2026-04-14","2026-04","Western","Khamis Hub","Fast Moving","Storage","At Risk","Procurement","1","7796.22","6657.97","91","36","Yes","At Risk","SYNTHETIC DEMO DATA — Inventory levels, stock movement, supplier performance, purchase orders, fulfillment, delivery performance, and out-of-stock risk."
"SUPPLYCHAIN-00193","2026-04-27","2026-04","Northern","Riyadh DC","Seasonal","Inbound","Delayed","Transport","10","6728.1","5826.53","92","37.65","Yes","Controlled","SYNTHETIC DEMO DATA — Inventory levels, stock movement, supplier performance, purchase orders, fulfillment, delivery performance, and out-of-stock risk."
"SUPPLYCHAIN-00194","2026-05-10","2026-05","Central","Jeddah DC","Imported","Outbound","Fulfilled","Procurement","7","9811.99","8614.93","93","39.3","Yes","Controlled","SYNTHETIC DEMO DATA — Inventory levels, stock movement, supplier performance, purchase orders, fulfillment, delivery performance, and out-of-stock risk."
"SUPPLYCHAIN-00195","2026-05-23","2026-05","Eastern","Dammam DC","Private Label","Replenishment","Fulfilled","Transport","4","9476.87","7865.8","94","19.5","Yes","Controlled","SYNTHETIC DEMO DATA — Inventory levels, stock movement, supplier performance, purchase orders, fulfillment, delivery performance, and out-of-stock risk."
"SUPPLYCHAIN-00196","2026-06-05","2026-06","Southern","Tabuk Cross-dock","Fast Moving","Storage","At Risk","Procurement","1","8408.84","7080.24","94","21.15","Yes","At Risk","SYNTHETIC DEMO DATA — Inventory levels, stock movement, supplier performance, purchase orders, fulfillment, delivery performance, and out-of-stock risk."
"SUPPLYCHAIN-00197","2026-06-18","2026-06","Western","Khamis Hub","Seasonal","Inbound","Delayed","Transport","10","11496.13","9817.7","95","22.8","Yes","Controlled","SYNTHETIC DEMO DATA — Inventory levels, stock movement, supplier performance, purchase orders, fulfillment, delivery performance, and out-of-stock risk."
"SUPPLYCHAIN-00198","2025-01-07","2025-01","Northern","Riyadh DC","Imported","Outbound","Fulfilled","Procurement","7","5614.41","4862.08","87","24.45","No","At Risk","SYNTHETIC DEMO DATA — Inventory levels, stock movement, supplier performance, purchase orders, fulfillment, delivery performance, and out-of-stock risk."
"SUPPLYCHAIN-00199","2025-01-20","2025-01","Central","Jeddah DC","Private Label","Replenishment","Fulfilled","Transport","4","7836.35","6880.32","88","26.1","No","At Risk","SYNTHETIC DEMO DATA — Inventory levels, stock movement, supplier performance, purchase orders, fulfillment, delivery performance, and out-of-stock risk."
"SUPPLYCHAIN-00200","2025-02-02","2025-02","Eastern","Dammam DC","Fast Moving","Storage","At Risk","Procurement","1","8085.53","6710.99","88","27.75","Yes","At Risk","SYNTHETIC DEMO DATA — Inventory levels, stock movement, supplier performance, purchase orders, fulfillment, delivery performance, and out-of-stock risk."
"SUPPLYCHAIN-00201","2025-02-15","2025-02","Southern","Tabuk Cross-dock","Seasonal","Inbound","Delayed","Transport","10","6865.12","5780.43","89","29.4","Yes","Controlled","SYNTHETIC DEMO DATA — Inventory levels, stock movement, supplier performance, purchase orders, fulfillment, delivery performance, and out-of-stock risk."
"SUPPLYCHAIN-00202","2025-02-28","2025-02","Western","Khamis Hub","Imported","Outbound","Fulfilled","Procurement","7","9496.26","8109.81","90","31.05","Yes","Controlled","SYNTHETIC DEMO DATA — Inventory levels, stock movement, supplier performance, purchase orders, fulfillment, delivery performance, and out-of-stock risk."
"SUPPLYCHAIN-00203","2025-03-13","2025-03","Northern","Riyadh DC","Private Label","Replenishment","Fulfilled","Transport","4","8575.52","7426.4","91","32.7","Yes","Controlled","SYNTHETIC DEMO DATA — Inventory levels, stock movement, supplier performance, purchase orders, fulfillment, delivery performance, and out-of-stock risk."
"SUPPLYCHAIN-00204","2025-03-26","2025-03","Central","Jeddah DC","Fast Moving","Storage","At Risk","Procurement","1","11734.57","10302.95","92","34.35","Yes","At Risk","SYNTHETIC DEMO DATA — Inventory levels, stock movement, supplier performance, purchase orders, fulfillment, delivery performance, and out-of-stock risk."
"SUPPLYCHAIN-00205","2025-04-08","2025-04","Eastern","Dammam DC","Seasonal","Inbound","Delayed","Transport","10","8766.58","7276.26","93","36","Yes","Controlled","SYNTHETIC DEMO DATA — Inventory levels, stock movement, supplier performance, purchase orders, fulfillment, delivery performance, and out-of-stock risk."
"SUPPLYCHAIN-00206","2025-04-21","2025-04","Southern","Tabuk Cross-dock","Imported","Outbound","Fulfilled","Procurement","7","7328.26","6170.39","94","37.65","Yes","Controlled","SYNTHETIC DEMO DATA — Inventory levels, stock movement, supplier performance, purchase orders, fulfillment, delivery performance, and out-of-stock risk."
"SUPPLYCHAIN-00207","2025-05-04","2025-05","Western","Khamis Hub","Private Label","Replenishment","Fulfilled","Transport","4","6293.96","5375.04","94","39.3","No","At Risk","SYNTHETIC DEMO DATA — Inventory levels, stock movement, supplier performance, purchase orders, fulfillment, delivery performance, and out-of-stock risk."
"SUPPLYCHAIN-00208","2025-05-17","2025-05","Northern","Riyadh DC","Fast Moving","Storage","At Risk","Procurement","1","5504.48","4766.88","95","19.5","No","At Risk","SYNTHETIC DEMO DATA — Inventory levels, stock movement, supplier performance, purchase orders, fulfillment, delivery performance, and out-of-stock risk."
"SUPPLYCHAIN-00209","2025-05-30","2025-05","Central","Jeddah DC","Seasonal","Inbound","Delayed","Transport","10","7644.22","6711.63","87","21.15","Yes","Controlled","SYNTHETIC DEMO DATA — Inventory levels, stock movement, supplier performance, purchase orders, fulfillment, delivery performance, and out-of-stock risk."
"SUPPLYCHAIN-00210","2025-06-12","2025-06","Eastern","Dammam DC","Imported","Outbound","Fulfilled","Procurement","7","7898.85","6556.05","88","22.8","Yes","Controlled","SYNTHETIC DEMO DATA — Inventory levels, stock movement, supplier performance, purchase orders, fulfillment, delivery performance, and out-of-stock risk."
"SUPPLYCHAIN-00211","2025-06-25","2025-06","Southern","Tabuk Cross-dock","Private Label","Replenishment","Fulfilled","Transport","4","6680.72","5625.17","88","24.45","Yes","Controlled","SYNTHETIC DEMO DATA — Inventory levels, stock movement, supplier performance, purchase orders, fulfillment, delivery performance, and out-of-stock risk."
"SUPPLYCHAIN-00212","2025-07-08","2025-07","Western","Khamis Hub","Fast Moving","Storage","At Risk","Procurement","1","9893.07","8448.68","89","26.1","Yes","At Risk","SYNTHETIC DEMO DATA — Inventory levels, stock movement, supplier performance, purchase orders, fulfillment, delivery performance, and out-of-stock risk."
"SUPPLYCHAIN-00213","2025-07-21","2025-07","Northern","Riyadh DC","Seasonal","Inbound","Delayed","Transport","10","8482.44","7345.79","90","27.75","Yes","Controlled","SYNTHETIC DEMO DATA — Inventory levels, stock movement, supplier performance, purchase orders, fulfillment, delivery performance, and out-of-stock risk."
"SUPPLYCHAIN-00214","2025-08-03","2025-08","Central","Jeddah DC","Imported","Outbound","Fulfilled","Procurement","7","12184.58","10698.06","91","29.4","Yes","Controlled","SYNTHETIC DEMO DATA — Inventory levels, stock movement, supplier performance, purchase orders, fulfillment, delivery performance, and out-of-stock risk."
"SUPPLYCHAIN-00215","2025-08-16","2025-08","Eastern","Dammam DC","Private Label","Replenishment","Fulfilled","Transport","4","11707.07","9716.87","92","31.05","Yes","Controlled","SYNTHETIC DEMO DATA — Inventory levels, stock movement, supplier performance, purchase orders, fulfillment, delivery performance, and out-of-stock risk."
"SUPPLYCHAIN-00216","2025-08-29","2025-08","Southern","Tabuk Cross-dock","Fast Moving","Storage","At Risk","Procurement","1","5786.25","4872.02","93","32.7","No","At Risk","SYNTHETIC DEMO DATA — Inventory levels, stock movement, supplier performance, purchase orders, fulfillment, delivery performance, and out-of-stock risk."
"SUPPLYCHAIN-00217","2025-09-11","2025-09","Western","Khamis Hub","Seasonal","Inbound","Delayed","Transport","10","8516.78","7273.33","94","34.35","No","At Risk","SYNTHETIC DEMO DATA — Inventory levels, stock movement, supplier performance, purchase orders, fulfillment, delivery performance, and out-of-stock risk."
"SUPPLYCHAIN-00218","2025-09-24","2025-09","Northern","Riyadh DC","Imported","Outbound","Fulfilled","Procurement","7","7410.97","6417.9","94","36","Yes","Controlled","SYNTHETIC DEMO DATA — Inventory levels, stock movement, supplier performance, purchase orders, fulfillment, delivery performance, and out-of-stock risk."
"SUPPLYCHAIN-00219","2025-10-07","2025-10","Central","Jeddah DC","Private Label","Replenishment","Fulfilled","Transport","4","7942.59","6973.59","95","37.65","Yes","Controlled","SYNTHETIC DEMO DATA — Inventory levels, stock movement, supplier performance, purchase orders, fulfillment, delivery performance, and out-of-stock risk."
"SUPPLYCHAIN-00220","2025-10-20","2025-10","Eastern","Dammam DC","Fast Moving","Storage","At Risk","Procurement","1","7721.27","6408.65","87","39.3","Yes","At Risk","SYNTHETIC DEMO DATA — Inventory levels, stock movement, supplier performance, purchase orders, fulfillment, delivery performance, and out-of-stock risk."
"SUPPLYCHAIN-00221","2025-11-02","2025-11","Southern","Tabuk Cross-dock","Seasonal","Inbound","Delayed","Transport","10","6914.93","5822.37","88","19.5","Yes","Controlled","SYNTHETIC DEMO DATA — Inventory levels, stock movement, supplier performance, purchase orders, fulfillment, delivery performance, and out-of-stock risk."
"SUPPLYCHAIN-00222","2025-11-15","2025-11","Western","Khamis Hub","Imported","Outbound","Fulfilled","Procurement","7","9503.28","8115.8","88","21.15","Yes","Controlled","SYNTHETIC DEMO DATA — Inventory levels, stock movement, supplier performance, purchase orders, fulfillment, delivery performance, and out-of-stock risk."
"SUPPLYCHAIN-00223","2025-11-28","2025-11","Northern","Riyadh DC","Private Label","Replenishment","Fulfilled","Transport","4","8125.87","7037","89","22.8","Yes","Controlled","SYNTHETIC DEMO DATA — Inventory levels, stock movement, supplier performance, purchase orders, fulfillment, delivery performance, and out-of-stock risk."
"SUPPLYCHAIN-00224","2025-12-11","2025-12","Central","Jeddah DC","Fast Moving","Storage","At Risk","Procurement","1","11711.96","10283.1","90","24.45","Yes","At Risk","SYNTHETIC DEMO DATA — Inventory levels, stock movement, supplier performance, purchase orders, fulfillment, delivery performance, and out-of-stock risk."
"SUPPLYCHAIN-00225","2025-12-24","2025-12","Eastern","Dammam DC","Seasonal","Inbound","Delayed","Transport","10","6653.43","5522.35","91","26.1","No","At Risk","SYNTHETIC DEMO DATA — Inventory levels, stock movement, supplier performance, purchase orders, fulfillment, delivery performance, and out-of-stock risk."
"SUPPLYCHAIN-00226","2026-01-06","2026-01","Southern","Tabuk Cross-dock","Imported","Outbound","Fulfilled","Procurement","7","6122.45","5155.1","92","27.75","No","At Risk","SYNTHETIC DEMO DATA — Inventory levels, stock movement, supplier performance, purchase orders, fulfillment, delivery performance, and out-of-stock risk."
"SUPPLYCHAIN-00227","2026-01-19","2026-01","Western","Khamis Hub","Private Label","Replenishment","Fulfilled","Transport","4","8539.28","7292.55","93","29.4","Yes","Controlled","SYNTHETIC DEMO DATA — Inventory levels, stock movement, supplier performance, purchase orders, fulfillment, delivery performance, and out-of-stock risk."
"SUPPLYCHAIN-00228","2026-02-01","2026-02","Northern","Riyadh DC","Fast Moving","Storage","At Risk","Procurement","1","7787.28","6743.78","94","31.05","Yes","At Risk","SYNTHETIC DEMO DATA — Inventory levels, stock movement, supplier performance, purchase orders, fulfillment, delivery performance, and out-of-stock risk."
"SUPPLYCHAIN-00229","2026-02-14","2026-02","Central","Jeddah DC","Seasonal","Inbound","Delayed","Transport","10","10725.34","9416.85","94","32.7","Yes","Controlled","SYNTHETIC DEMO DATA — Inventory levels, stock movement, supplier performance, purchase orders, fulfillment, delivery performance, and out-of-stock risk."
"SUPPLYCHAIN-00230","2026-02-27","2026-02","Eastern","Dammam DC","Imported","Outbound","Fulfilled","Procurement","7","10390.78","8624.35","95","34.35","Yes","Controlled","SYNTHETIC DEMO DATA — Inventory levels, stock movement, supplier performance, purchase orders, fulfillment, delivery performance, and out-of-stock risk."
"SUPPLYCHAIN-00231","2026-03-12","2026-03","Southern","Tabuk Cross-dock","Private Label","Replenishment","Fulfilled","Transport","4","9168.08","7719.52","87","36","Yes","Controlled","SYNTHETIC DEMO DATA — Inventory levels, stock movement, supplier performance, purchase orders, fulfillment, delivery performance, and out-of-stock risk."
"SUPPLYCHAIN-00232","2026-03-25","2026-03","Western","Khamis Hub","Fast Moving","Storage","At Risk","Procurement","1","12565.24","10730.71","88","37.65","Yes","At Risk","SYNTHETIC DEMO DATA — Inventory levels, stock movement, supplier performance, purchase orders, fulfillment, delivery performance, and out-of-stock risk."
"SUPPLYCHAIN-00233","2026-04-07","2026-04","Northern","Riyadh DC","Seasonal","Inbound","Delayed","Transport","10","8302.76","7190.19","88","39.3","Yes","Controlled","SYNTHETIC DEMO DATA — Inventory levels, stock movement, supplier performance, purchase orders, fulfillment, delivery performance, and out-of-stock risk."
"SUPPLYCHAIN-00234","2026-04-20","2026-04","Central","Jeddah DC","Imported","Outbound","Fulfilled","Procurement","7","6682.48","5867.22","89","19.5","No","At Risk","SYNTHETIC DEMO DATA — Inventory levels, stock movement, supplier performance, purchase orders, fulfillment, delivery performance, and out-of-stock risk."
"SUPPLYCHAIN-00235","2026-05-03","2026-05","Eastern","Dammam DC","Private Label","Replenishment","Fulfilled","Transport","4","6994.83","5805.71","90","21.15","No","At Risk","SYNTHETIC DEMO DATA — Inventory levels, stock movement, supplier performance, purchase orders, fulfillment, delivery performance, and out-of-stock risk."
"SUPPLYCHAIN-00236","2026-05-16","2026-05","Southern","Tabuk Cross-dock","Fast Moving","Storage","At Risk","Procurement","1","5965.25","5022.74","91","22.8","Yes","At Risk","SYNTHETIC DEMO DATA — Inventory levels, stock movement, supplier performance, purchase orders, fulfillment, delivery performance, and out-of-stock risk."
"SUPPLYCHAIN-00237","2026-05-29","2026-05","Western","Khamis Hub","Seasonal","Inbound","Delayed","Transport","10","8283.49","7074.1","92","24.45","Yes","Controlled","SYNTHETIC DEMO DATA — Inventory levels, stock movement, supplier performance, purchase orders, fulfillment, delivery performance, and out-of-stock risk."
"SUPPLYCHAIN-00238","2026-06-11","2026-06","Northern","Riyadh DC","Imported","Outbound","Fulfilled","Procurement","7","7569.11","6554.85","93","26.1","Yes","Controlled","SYNTHETIC DEMO DATA — Inventory levels, stock movement, supplier performance, purchase orders, fulfillment, delivery performance, and out-of-stock risk."
"SUPPLYCHAIN-00239","2026-06-24","2026-06","Central","Jeddah DC","Private Label","Replenishment","Fulfilled","Transport","4","10389.16","9121.68","94","27.75","Yes","Controlled","SYNTHETIC DEMO DATA — Inventory levels, stock movement, supplier performance, purchase orders, fulfillment, delivery performance, and out-of-stock risk."
"SUPPLYCHAIN-00240","2025-01-13","2025-01","Eastern","Dammam DC","Fast Moving","Storage","At Risk","Procurement","1","9717.25","8065.32","94","29.4","Yes","At Risk","SYNTHETIC DEMO DATA — Inventory levels, stock movement, supplier performance, purchase orders, fulfillment, delivery performance, and out-of-stock risk."
"SUPPLYCHAIN-00241","2025-01-26","2025-01","Southern","Tabuk Cross-dock","Seasonal","Inbound","Delayed","Transport","10","8143.12","6856.51","95","31.05","Yes","Controlled","SYNTHETIC DEMO DATA — Inventory levels, stock movement, supplier performance, purchase orders, fulfillment, delivery performance, and out-of-stock risk."
"SUPPLYCHAIN-00242","2025-02-08","2025-02","Western","Khamis Hub","Imported","Outbound","Fulfilled","Procurement","7","11718.78","10007.84","87","32.7","Yes","Controlled","SYNTHETIC DEMO DATA — Inventory levels, stock movement, supplier performance, purchase orders, fulfillment, delivery performance, and out-of-stock risk."
"SUPPLYCHAIN-00243","2025-02-21","2025-02","Northern","Riyadh DC","Private Label","Replenishment","Fulfilled","Transport","4","5909.9","5117.97","88","34.35","No","At Risk","SYNTHETIC DEMO DATA — Inventory levels, stock movement, supplier performance, purchase orders, fulfillment, delivery performance, and out-of-stock risk."
"SUPPLYCHAIN-00244","2025-03-06","2025-03","Central","Jeddah DC","Fast Moving","Storage","At Risk","Procurement","1","8661.23","7604.56","88","36","No","At Risk","SYNTHETIC DEMO DATA — Inventory levels, stock movement, supplier performance, purchase orders, fulfillment, delivery performance, and out-of-stock risk."
"SUPPLYCHAIN-00245","2025-03-19","2025-03","Eastern","Dammam DC","Seasonal","Inbound","Delayed","Transport","10","8489.8","7046.53","89","37.65","Yes","Controlled","SYNTHETIC DEMO DATA — Inventory levels, stock movement, supplier performance, purchase orders, fulfillment, delivery performance, and out-of-stock risk."
"SUPPLYCHAIN-00246","2025-04-01","2025-04","Southern","Tabuk Cross-dock","Imported","Outbound","Fulfilled","Procurement","7","5590.96","4707.59","90","39.3","Yes","Controlled","SYNTHETIC DEMO DATA — Inventory levels, stock movement, supplier performance, purchase orders, fulfillment, delivery performance, and out-of-stock risk."
"SUPPLYCHAIN-00247","2025-04-14","2025-04","Western","Khamis Hub","Private Label","Replenishment","Fulfilled","Transport","4","7733.75","6604.62","91","19.5","Yes","Controlled","SYNTHETIC DEMO DATA — Inventory levels, stock movement, supplier performance, purchase orders, fulfillment, delivery performance, and out-of-stock risk."
"SUPPLYCHAIN-00248","2025-04-27","2025-04","Northern","Riyadh DC","Fast Moving","Storage","At Risk","Procurement","1","6651.33","5760.05","92","21.15","Yes","At Risk","SYNTHETIC DEMO DATA — Inventory levels, stock movement, supplier performance, purchase orders, fulfillment, delivery performance, and out-of-stock risk."
"SUPPLYCHAIN-00249","2025-05-10","2025-05","Central","Jeddah DC","Seasonal","Inbound","Delayed","Transport","10","9670.4","8490.61","93","22.8","Yes","Controlled","SYNTHETIC DEMO DATA — Inventory levels, stock movement, supplier performance, purchase orders, fulfillment, delivery performance, and out-of-stock risk."
"SUPPLYCHAIN-00250","2025-05-23","2025-05","Eastern","Dammam DC","Imported","Outbound","Fulfilled","Procurement","7","9314.49","7731.03","94","24.45","Yes","Controlled","SYNTHETIC DEMO DATA — Inventory levels, stock movement, supplier performance, purchase orders, fulfillment, delivery performance, and out-of-stock risk."
"SUPPLYCHAIN-00251","2025-06-05","2025-06","Southern","Tabuk Cross-dock","Private Label","Replenishment","Fulfilled","Transport","4","8244.29","6941.69","94","26.1","Yes","Controlled","SYNTHETIC DEMO DATA — Inventory levels, stock movement, supplier performance, purchase orders, fulfillment, delivery performance, and out-of-stock risk."
"SUPPLYCHAIN-00252","2025-06-18","2025-06","Western","Khamis Hub","Fast Moving","Storage","At Risk","Procurement","1","6664.19","5691.22","95","27.75","No","At Risk","SYNTHETIC DEMO DATA — Inventory levels, stock movement, supplier performance, purchase orders, fulfillment, delivery performance, and out-of-stock risk."
"SUPPLYCHAIN-00253","2025-07-01","2025-07","Northern","Riyadh DC","Seasonal","Inbound","Delayed","Transport","10","6260.85","5421.9","87","29.4","No","At Risk","SYNTHETIC DEMO DATA — Inventory levels, stock movement, supplier performance, purchase orders, fulfillment, delivery performance, and out-of-stock risk."
"SUPPLYCHAIN-00254","2025-07-14","2025-07","Central","Jeddah DC","Imported","Outbound","Fulfilled","Procurement","7","8694.61","7633.87","88","31.05","Yes","Controlled","SYNTHETIC DEMO DATA — Inventory levels, stock movement, supplier performance, purchase orders, fulfillment, delivery performance, and out-of-stock risk."
"SUPPLYCHAIN-00255","2025-07-27","2025-07","Eastern","Dammam DC","Private Label","Replenishment","Fulfilled","Transport","4","8485.1","7042.63","88","32.7","Yes","Controlled","SYNTHETIC DEMO DATA — Inventory levels, stock movement, supplier performance, purchase orders, fulfillment, delivery performance, and out-of-stock risk."
"SUPPLYCHAIN-00256","2025-08-09","2025-08","Southern","Tabuk Cross-dock","Fast Moving","Storage","At Risk","Procurement","1","7554.27","6360.7","89","34.35","Yes","At Risk","SYNTHETIC DEMO DATA — Inventory levels, stock movement, supplier performance, purchase orders, fulfillment, delivery performance, and out-of-stock risk."
"SUPPLYCHAIN-00257","2025-08-22","2025-08","Western","Khamis Hub","Seasonal","Inbound","Delayed","Transport","10","10413.76","8893.35","90","36","Yes","Controlled","SYNTHETIC DEMO DATA — Inventory levels, stock movement, supplier performance, purchase orders, fulfillment, delivery performance, and out-of-stock risk."
"SUPPLYCHAIN-00258","2025-09-04","2025-09","Northern","Riyadh DC","Imported","Outbound","Fulfilled","Procurement","7","9375.32","8119.03","91","37.65","Yes","Controlled","SYNTHETIC DEMO DATA — Inventory levels, stock movement, supplier performance, purchase orders, fulfillment, delivery performance, and out-of-stock risk."
"SUPPLYCHAIN-00259","2025-09-17","2025-09","Central","Jeddah DC","Private Label","Replenishment","Fulfilled","Transport","4","12793.81","11232.97","92","39.3","Yes","Controlled","SYNTHETIC DEMO DATA — Inventory levels, stock movement, supplier performance, purchase orders, fulfillment, delivery performance, and out-of-stock risk."
"SUPPLYCHAIN-00260","2025-09-30","2025-09","Eastern","Dammam DC","Fast Moving","Storage","At Risk","Procurement","1","12505.99","10379.97","93","19.5","Yes","At Risk","SYNTHETIC DEMO DATA — Inventory levels, stock movement, supplier performance, purchase orders, fulfillment, delivery performance, and out-of-stock risk."
"SUPPLYCHAIN-00261","2025-10-13","2025-10","Southern","Tabuk Cross-dock","Seasonal","Inbound","Delayed","Transport","10","4709.43","3965.34","94","21.15","No","At Risk","SYNTHETIC DEMO DATA — Inventory levels, stock movement, supplier performance, purchase orders, fulfillment, delivery performance, and out-of-stock risk."
"SUPPLYCHAIN-00262","2025-10-26","2025-10","Western","Khamis Hub","Imported","Outbound","Fulfilled","Procurement","7","6601.72","5637.87","94","22.8","No","At Risk","SYNTHETIC DEMO DATA — Inventory levels, stock movement, supplier performance, purchase orders, fulfillment, delivery performance, and out-of-stock risk."
"SUPPLYCHAIN-00263","2025-11-08","2025-11","Northern","Riyadh DC","Private Label","Replenishment","Fulfilled","Transport","4","6103.59","5285.71","95","24.45","Yes","Controlled","SYNTHETIC DEMO DATA — Inventory levels, stock movement, supplier performance, purchase orders, fulfillment, delivery performance, and out-of-stock risk."
"SUPPLYCHAIN-00264","2025-11-21","2025-11","Central","Jeddah DC","Fast Moving","Storage","At Risk","Procurement","1","8439.01","7409.45","87","26.1","Yes","At Risk","SYNTHETIC DEMO DATA — Inventory levels, stock movement, supplier performance, purchase orders, fulfillment, delivery performance, and out-of-stock risk."
"SUPPLYCHAIN-00265","2025-12-04","2025-12","Eastern","Dammam DC","Seasonal","Inbound","Delayed","Transport","10","8686.43","7209.74","88","27.75","Yes","Controlled","SYNTHETIC DEMO DATA — Inventory levels, stock movement, supplier performance, purchase orders, fulfillment, delivery performance, and out-of-stock risk."
"SUPPLYCHAIN-00266","2025-12-17","2025-12","Southern","Tabuk Cross-dock","Imported","Outbound","Fulfilled","Procurement","7","7321.69","6164.86","88","29.4","Yes","Controlled","SYNTHETIC DEMO DATA — Inventory levels, stock movement, supplier performance, purchase orders, fulfillment, delivery performance, and out-of-stock risk."
"SUPPLYCHAIN-00267","2025-12-30","2025-12","Western","Khamis Hub","Private Label","Replenishment","Fulfilled","Transport","4","10234.14","8739.96","89","31.05","Yes","Controlled","SYNTHETIC DEMO DATA — Inventory levels, stock movement, supplier performance, purchase orders, fulfillment, delivery performance, and out-of-stock risk."
"SUPPLYCHAIN-00268","2026-01-12","2026-01","Northern","Riyadh DC","Fast Moving","Storage","At Risk","Procurement","1","9236.95","7999.2","90","32.7","Yes","At Risk","SYNTHETIC DEMO DATA — Inventory levels, stock movement, supplier performance, purchase orders, fulfillment, delivery performance, and out-of-stock risk."
"SUPPLYCHAIN-00269","2026-01-25","2026-01","Central","Jeddah DC","Seasonal","Inbound","Delayed","Transport","10","12573.75","11039.75","91","34.35","Yes","Controlled","SYNTHETIC DEMO DATA — Inventory levels, stock movement, supplier performance, purchase orders, fulfillment, delivery performance, and out-of-stock risk."
"SUPPLYCHAIN-00270","2026-02-07","2026-02","Eastern","Dammam DC","Imported","Outbound","Fulfilled","Procurement","7","7518.96","6240.74","92","36","No","At Risk","SYNTHETIC DEMO DATA — Inventory levels, stock movement, supplier performance, purchase orders, fulfillment, delivery performance, and out-of-stock risk."
"SUPPLYCHAIN-00271","2026-02-20","2026-02","Southern","Tabuk Cross-dock","Private Label","Replenishment","Fulfilled","Transport","4","6444.68","5426.42","93","37.65","No","At Risk","SYNTHETIC DEMO DATA — Inventory levels, stock movement, supplier performance, purchase orders, fulfillment, delivery performance, and out-of-stock risk."
"SUPPLYCHAIN-00272","2026-03-05","2026-03","Western","Khamis Hub","Fast Moving","Storage","At Risk","Procurement","1","9438.15","8060.18","94","39.3","Yes","At Risk","SYNTHETIC DEMO DATA — Inventory levels, stock movement, supplier performance, purchase orders, fulfillment, delivery performance, and out-of-stock risk."
"SUPPLYCHAIN-00273","2026-03-18","2026-03","Northern","Riyadh DC","Seasonal","Inbound","Delayed","Transport","10","8176.65","7080.98","94","19.5","Yes","Controlled","SYNTHETIC DEMO DATA — Inventory levels, stock movement, supplier performance, purchase orders, fulfillment, delivery performance, and out-of-stock risk."
"SUPPLYCHAIN-00274","2026-03-31","2026-03","Central","Jeddah DC","Imported","Outbound","Fulfilled","Procurement","7","11450.7","10053.71","95","21.15","Yes","Controlled","SYNTHETIC DEMO DATA — Inventory levels, stock movement, supplier performance, purchase orders, fulfillment, delivery performance, and out-of-stock risk."
"SUPPLYCHAIN-00275","2026-04-13","2026-04","Eastern","Dammam DC","Private Label","Replenishment","Fulfilled","Transport","4","8452.2","7015.33","87","22.8","Yes","Controlled","SYNTHETIC DEMO DATA — Inventory levels, stock movement, supplier performance, purchase orders, fulfillment, delivery performance, and out-of-stock risk."
"SUPPLYCHAIN-00276","2026-04-26","2026-04","Southern","Tabuk Cross-dock","Fast Moving","Storage","At Risk","Procurement","1","7102.49","5980.3","88","24.45","Yes","At Risk","SYNTHETIC DEMO DATA — Inventory levels, stock movement, supplier performance, purchase orders, fulfillment, delivery performance, and out-of-stock risk."
"SUPPLYCHAIN-00277","2026-05-09","2026-05","Western","Khamis Hub","Seasonal","Inbound","Delayed","Transport","10","10342.66","8832.63","88","26.1","Yes","Controlled","SYNTHETIC DEMO DATA — Inventory levels, stock movement, supplier performance, purchase orders, fulfillment, delivery performance, and out-of-stock risk."
"SUPPLYCHAIN-00278","2026-05-22","2026-05","Northern","Riyadh DC","Imported","Outbound","Fulfilled","Procurement","7","8821.68","7639.57","89","27.75","Yes","Controlled","SYNTHETIC DEMO DATA — Inventory levels, stock movement, supplier performance, purchase orders, fulfillment, delivery performance, and out-of-stock risk."
"SUPPLYCHAIN-00279","2026-06-04","2026-06","Central","Jeddah DC","Private Label","Replenishment","Fulfilled","Transport","4","7517.79","6600.62","90","29.4","No","At Risk","SYNTHETIC DEMO DATA — Inventory levels, stock movement, supplier performance, purchase orders, fulfillment, delivery performance, and out-of-stock risk."
"SUPPLYCHAIN-00280","2026-06-17","2026-06","Eastern","Dammam DC","Fast Moving","Storage","At Risk","Procurement","1","7406.29","6147.22","91","31.05","No","At Risk","SYNTHETIC DEMO DATA — Inventory levels, stock movement, supplier performance, purchase orders, fulfillment, delivery performance, and out-of-stock risk."
"SUPPLYCHAIN-00281","2025-01-06","2025-01","Southern","Tabuk Cross-dock","Seasonal","Inbound","Delayed","Transport","10","6116.55","5150.14","92","32.7","Yes","Controlled","SYNTHETIC DEMO DATA — Inventory levels, stock movement, supplier performance, purchase orders, fulfillment, delivery performance, and out-of-stock risk."
"SUPPLYCHAIN-00282","2025-01-19","2025-01","Western","Khamis Hub","Imported","Outbound","Fulfilled","Procurement","7","8493.59","7253.53","93","34.35","Yes","Controlled","SYNTHETIC DEMO DATA — Inventory levels, stock movement, supplier performance, purchase orders, fulfillment, delivery performance, and out-of-stock risk."
"SUPPLYCHAIN-00283","2025-02-01","2025-02","Northern","Riyadh DC","Private Label","Replenishment","Fulfilled","Transport","4","7715.71","6681.8","94","36","Yes","Controlled","SYNTHETIC DEMO DATA — Inventory levels, stock movement, supplier performance, purchase orders, fulfillment, delivery performance, and out-of-stock risk."
"SUPPLYCHAIN-00284","2025-02-14","2025-02","Central","Jeddah DC","Fast Moving","Storage","At Risk","Procurement","1","10590.38","9298.35","94","37.65","Yes","At Risk","SYNTHETIC DEMO DATA — Inventory levels, stock movement, supplier performance, purchase orders, fulfillment, delivery performance, and out-of-stock risk."
"SUPPLYCHAIN-00285","2025-02-27","2025-02","Eastern","Dammam DC","Seasonal","Inbound","Delayed","Transport","10","10228.68","8489.8","95","39.3","Yes","Controlled","SYNTHETIC DEMO DATA — Inventory levels, stock movement, supplier performance, purchase orders, fulfillment, delivery performance, and out-of-stock risk."
"SUPPLYCHAIN-00286","2025-03-12","2025-03","Southern","Tabuk Cross-dock","Imported","Outbound","Fulfilled","Procurement","7","9000.29","7578.24","87","19.5","Yes","Controlled","SYNTHETIC DEMO DATA — Inventory levels, stock movement, supplier performance, purchase orders, fulfillment, delivery performance, and out-of-stock risk."
"SUPPLYCHAIN-00287","2025-03-25","2025-03","Western","Khamis Hub","Private Label","Replenishment","Fulfilled","Transport","4","12304.72","10508.23","88","21.15","Yes","Controlled","SYNTHETIC DEMO DATA — Inventory levels, stock movement, supplier performance, purchase orders, fulfillment, delivery performance, and out-of-stock risk."
"SUPPLYCHAIN-00288","2025-04-07","2025-04","Northern","Riyadh DC","Fast Moving","Storage","At Risk","Procurement","1","4813.03","4168.08","88","22.8","No","At Risk","SYNTHETIC DEMO DATA — Inventory levels, stock movement, supplier performance, purchase orders, fulfillment, delivery performance, and out-of-stock risk."
"SUPPLYCHAIN-00289","2025-04-20","2025-04","Central","Jeddah DC","Seasonal","Inbound","Delayed","Transport","10","6717.81","5898.24","89","24.45","No","At Risk","SYNTHETIC DEMO DATA — Inventory levels, stock movement, supplier performance, purchase orders, fulfillment, delivery performance, and out-of-stock risk."
"SUPPLYCHAIN-00290","2025-05-03","2025-05","Eastern","Dammam DC","Imported","Outbound","Fulfilled","Procurement","7","6996.41","5807.02","90","26.1","Yes","Controlled","SYNTHETIC DEMO DATA — Inventory levels, stock movement, supplier performance, purchase orders, fulfillment, delivery performance, and out-of-stock risk."
"SUPPLYCHAIN-00291","2025-05-16","2025-05","Southern","Tabuk Cross-dock","Private Label","Replenishment","Fulfilled","Transport","4","5940.39","5001.81","91","27.75","Yes","Controlled","SYNTHETIC DEMO DATA — Inventory levels, stock movement, supplier performance, purchase orders, fulfillment, delivery performance, and out-of-stock risk."
"SUPPLYCHAIN-00292","2025-05-29","2025-05","Western","Khamis Hub","Fast Moving","Storage","At Risk","Procurement","1","8217.11","7017.41","92","29.4","Yes","At Risk","SYNTHETIC DEMO DATA — Inventory levels, stock movement, supplier performance, purchase orders, fulfillment, delivery performance, and out-of-stock risk."
"SUPPLYCHAIN-00293","2025-06-11","2025-06","Northern","Riyadh DC","Seasonal","Inbound","Delayed","Transport","10","7482.75","6480.06","93","31.05","Yes","Controlled","SYNTHETIC DEMO DATA — Inventory levels, stock movement, supplier performance, purchase orders, fulfillment, delivery performance, and out-of-stock risk."
"SUPPLYCHAIN-00294","2025-06-24","2025-06","Central","Jeddah DC","Imported","Outbound","Fulfilled","Procurement","7","10239.25","8990.06","94","32.7","Yes","Controlled","SYNTHETIC DEMO DATA — Inventory levels, stock movement, supplier performance, purchase orders, fulfillment, delivery performance, and out-of-stock risk."
"SUPPLYCHAIN-00295","2025-07-07","2025-07","Eastern","Dammam DC","Private Label","Replenishment","Fulfilled","Transport","4","10594.39","8793.34","94","34.35","Yes","Controlled","SYNTHETIC DEMO DATA — Inventory levels, stock movement, supplier performance, purchase orders, fulfillment, delivery performance, and out-of-stock risk."
"SUPPLYCHAIN-00296","2025-07-20","2025-07","Southern","Tabuk Cross-dock","Fast Moving","Storage","At Risk","Procurement","1","8856.18","7456.9","95","36","Yes","At Risk","SYNTHETIC DEMO DATA — Inventory levels, stock movement, supplier performance, purchase orders, fulfillment, delivery performance, and out-of-stock risk."
"SUPPLYCHAIN-00297","2025-08-02","2025-08","Western","Khamis Hub","Seasonal","Inbound","Delayed","Transport","10","7535.58","6435.39","87","37.65","No","At Risk","SYNTHETIC DEMO DATA — Inventory levels, stock movement, supplier performance, purchase orders, fulfillment, delivery performance, and out-of-stock risk."
"SUPPLYCHAIN-00298","2025-08-15","2025-08","Northern","Riyadh DC","Imported","Outbound","Fulfilled","Procurement","7","6590.36","5707.25","88","39.3","No","At Risk","SYNTHETIC DEMO DATA — Inventory levels, stock movement, supplier performance, purchase orders, fulfillment, delivery performance, and out-of-stock risk."
"SUPPLYCHAIN-00299","2025-08-28","2025-08","Central","Jeddah DC","Private Label","Replenishment","Fulfilled","Transport","4","9152.22","8035.65","88","19.5","Yes","Controlled","SYNTHETIC DEMO DATA — Inventory levels, stock movement, supplier performance, purchase orders, fulfillment, delivery performance, and out-of-stock risk."
"SUPPLYCHAIN-00300","2025-09-10","2025-09","Eastern","Dammam DC","Fast Moving","Storage","At Risk","Procurement","1","9378.27","7783.96","89","21.15","Yes","At Risk","SYNTHETIC DEMO DATA — Inventory levels, stock movement, supplier performance, purchase orders, fulfillment, delivery performance, and out-of-stock risk."
"SUPPLYCHAIN-00301","2025-09-23","2025-09","Southern","Tabuk Cross-dock","Seasonal","Inbound","Delayed","Transport","10","7931.99","6678.74","90","22.8","Yes","Controlled","SYNTHETIC DEMO DATA — Inventory levels, stock movement, supplier performance, purchase orders, fulfillment, delivery performance, and out-of-stock risk."
"SUPPLYCHAIN-00302","2025-10-06","2025-10","Western","Khamis Hub","Imported","Outbound","Fulfilled","Procurement","7","8475.75","7238.29","91","24.45","Yes","Controlled","SYNTHETIC DEMO DATA — Inventory levels, stock movement, supplier performance, purchase orders, fulfillment, delivery performance, and out-of-stock risk."
"SUPPLYCHAIN-00303","2025-10-19","2025-10","Northern","Riyadh DC","Private Label","Replenishment","Fulfilled","Transport","4","7267.21","6293.4","92","26.1","Yes","Controlled","SYNTHETIC DEMO DATA — Inventory levels, stock movement, supplier performance, purchase orders, fulfillment, delivery performance, and out-of-stock risk."
"SUPPLYCHAIN-00304","2025-11-01","2025-11","Central","Jeddah DC","Fast Moving","Storage","At Risk","Procurement","1","10536.84","9251.35","93","27.75","Yes","At Risk","SYNTHETIC DEMO DATA — Inventory levels, stock movement, supplier performance, purchase orders, fulfillment, delivery performance, and out-of-stock risk."
"SUPPLYCHAIN-00305","2025-11-14","2025-11","Eastern","Dammam DC","Seasonal","Inbound","Delayed","Transport","10","10123.9","8402.84","94","29.4","Yes","Controlled","SYNTHETIC DEMO DATA — Inventory levels, stock movement, supplier performance, purchase orders, fulfillment, delivery performance, and out-of-stock risk."
"SUPPLYCHAIN-00306","2025-11-27","2025-11","Southern","Tabuk Cross-dock","Imported","Outbound","Fulfilled","Procurement","7","5003.77","4213.17","94","31.05","No","At Risk","SYNTHETIC DEMO DATA — Inventory levels, stock movement, supplier performance, purchase orders, fulfillment, delivery performance, and out-of-stock risk."
"SUPPLYCHAIN-00307","2025-12-10","2025-12","Western","Khamis Hub","Private Label","Replenishment","Fulfilled","Transport","4","7426.93","6342.6","95","32.7","No","At Risk","SYNTHETIC DEMO DATA — Inventory levels, stock movement, supplier performance, purchase orders, fulfillment, delivery performance, and out-of-stock risk."
"SUPPLYCHAIN-00308","2025-12-23","2025-12","Northern","Riyadh DC","Fast Moving","Storage","At Risk","Procurement","1","6462.63","5596.64","87","34.35","Yes","At Risk","SYNTHETIC DEMO DATA — Inventory levels, stock movement, supplier performance, purchase orders, fulfillment, delivery performance, and out-of-stock risk."
"SUPPLYCHAIN-00309","2026-01-05","2026-01","Central","Jeddah DC","Seasonal","Inbound","Delayed","Transport","10","9592.91","8422.57","88","36","Yes","Controlled","SYNTHETIC DEMO DATA — Inventory levels, stock movement, supplier performance, purchase orders, fulfillment, delivery performance, and out-of-stock risk."
"SUPPLYCHAIN-00310","2026-01-18","2026-01","Eastern","Dammam DC","Imported","Outbound","Fulfilled","Procurement","7","9325.59","7740.24","88","37.65","Yes","Controlled","SYNTHETIC DEMO DATA — Inventory levels, stock movement, supplier performance, purchase orders, fulfillment, delivery performance, and out-of-stock risk."
"SUPPLYCHAIN-00311","2026-01-31","2026-01","Southern","Tabuk Cross-dock","Private Label","Replenishment","Fulfilled","Transport","4","7860.43","6618.48","89","39.3","Yes","Controlled","SYNTHETIC DEMO DATA — Inventory levels, stock movement, supplier performance, purchase orders, fulfillment, delivery performance, and out-of-stock risk."
"SUPPLYCHAIN-00312","2026-02-13","2026-02","Western","Khamis Hub","Fast Moving","Storage","At Risk","Procurement","1","11371.26","9711.06","90","19.5","Yes","At Risk","SYNTHETIC DEMO DATA — Inventory levels, stock movement, supplier performance, purchase orders, fulfillment, delivery performance, and out-of-stock risk."
"SUPPLYCHAIN-00313","2026-02-26","2026-02","Northern","Riyadh DC","Seasonal","Inbound","Delayed","Transport","10","9723.11","8420.21","91","21.15","Yes","Controlled","SYNTHETIC DEMO DATA — Inventory levels, stock movement, supplier performance, purchase orders, fulfillment, delivery performance, and out-of-stock risk."
"SUPPLYCHAIN-00314","2026-03-11","2026-03","Central","Jeddah DC","Imported","Outbound","Fulfilled","Procurement","7","13897.31","12201.84","92","22.8","Yes","Controlled","SYNTHETIC DEMO DATA — Inventory levels, stock movement, supplier performance, purchase orders, fulfillment, delivery performance, and out-of-stock risk."
"SUPPLYCHAIN-00315","2026-03-24","2026-03","Eastern","Dammam DC","Private Label","Replenishment","Fulfilled","Transport","4","7894.9","6552.77","93","24.45","No","At Risk","SYNTHETIC DEMO DATA — Inventory levels, stock movement, supplier performance, purchase orders, fulfillment, delivery performance, and out-of-stock risk."
"SUPPLYCHAIN-00316","2026-04-06","2026-04","Southern","Tabuk Cross-dock","Fast Moving","Storage","At Risk","Procurement","1","5242.32","4414.03","94","26.1","No","At Risk","SYNTHETIC DEMO DATA — Inventory levels, stock movement, supplier performance, purchase orders, fulfillment, delivery performance, and out-of-stock risk."
"SUPPLYCHAIN-00317","2026-04-19","2026-04","Western","Khamis Hub","Seasonal","Inbound","Delayed","Transport","10","7311.71","6244.2","94","27.75","Yes","Controlled","SYNTHETIC DEMO DATA — Inventory levels, stock movement, supplier performance, purchase orders, fulfillment, delivery performance, and out-of-stock risk."
"SUPPLYCHAIN-00318","2026-05-02","2026-05","Northern","Riyadh DC","Imported","Outbound","Fulfilled","Procurement","7","6730.33","5828.47","95","29.4","Yes","Controlled","SYNTHETIC DEMO DATA — Inventory levels, stock movement, supplier performance, purchase orders, fulfillment, delivery performance, and out-of-stock risk."
"SUPPLYCHAIN-00319","2026-05-15","2026-05","Central","Jeddah DC","Private Label","Replenishment","Fulfilled","Transport","4","9269.62","8138.73","87","31.05","Yes","Controlled","SYNTHETIC DEMO DATA — Inventory levels, stock movement, supplier performance, purchase orders, fulfillment, delivery performance, and out-of-stock risk."
"SUPPLYCHAIN-00320","2026-05-28","2026-05","Eastern","Dammam DC","Fast Moving","Storage","At Risk","Procurement","1","8980.46","7453.78","88","32.7","Yes","At Risk","SYNTHETIC DEMO DATA — Inventory levels, stock movement, supplier performance, purchase orders, fulfillment, delivery performance, and out-of-stock risk."
"SUPPLYCHAIN-00321","2026-06-10","2026-06","Southern","Tabuk Cross-dock","Seasonal","Inbound","Delayed","Transport","10","7990.3","6727.83","88","34.35","Yes","Controlled","SYNTHETIC DEMO DATA — Inventory levels, stock movement, supplier performance, purchase orders, fulfillment, delivery performance, and out-of-stock risk."
"SUPPLYCHAIN-00322","2026-06-23","2026-06","Western","Khamis Hub","Imported","Outbound","Fulfilled","Procurement","7","10951.05","9352.2","89","36","Yes","Controlled","SYNTHETIC DEMO DATA — Inventory levels, stock movement, supplier performance, purchase orders, fulfillment, delivery performance, and out-of-stock risk."
"SUPPLYCHAIN-00323","2025-01-12","2025-01","Northern","Riyadh DC","Private Label","Replenishment","Fulfilled","Transport","4","9045.44","7833.35","90","37.65","Yes","Controlled","SYNTHETIC DEMO DATA — Inventory levels, stock movement, supplier performance, purchase orders, fulfillment, delivery performance, and out-of-stock risk."
"SUPPLYCHAIN-00324","2025-01-25","2025-01","Central","Jeddah DC","Fast Moving","Storage","At Risk","Procurement","1","7280.22","6392.03","91","39.3","No","At Risk","SYNTHETIC DEMO DATA — Inventory levels, stock movement, supplier performance, purchase orders, fulfillment, delivery performance, and out-of-stock risk."
"SUPPLYCHAIN-00325","2025-02-07","2025-02","Eastern","Dammam DC","Seasonal","Inbound","Delayed","Transport","10","7549.74","6266.28","92","19.5","No","At Risk","SYNTHETIC DEMO DATA — Inventory levels, stock movement, supplier performance, purchase orders, fulfillment, delivery performance, and out-of-stock risk."
"SUPPLYCHAIN-00326","2025-02-20","2025-02","Southern","Tabuk Cross-dock","Imported","Outbound","Fulfilled","Procurement","7","6438.48","5421.2","93","21.15","Yes","Controlled","SYNTHETIC DEMO DATA — Inventory levels, stock movement, supplier performance, purchase orders, fulfillment, delivery performance, and out-of-stock risk."
"SUPPLYCHAIN-00327","2025-03-05","2025-03","Western","Khamis Hub","Private Label","Replenishment","Fulfilled","Transport","4","9387.66","8017.06","94","22.8","Yes","Controlled","SYNTHETIC DEMO DATA — Inventory levels, stock movement, supplier performance, purchase orders, fulfillment, delivery performance, and out-of-stock risk."
"SUPPLYCHAIN-00328","2025-03-18","2025-03","Northern","Riyadh DC","Fast Moving","Storage","At Risk","Procurement","1","8101.49","7015.89","94","24.45","Yes","At Risk","SYNTHETIC DEMO DATA — Inventory levels, stock movement, supplier performance, purchase orders, fulfillment, delivery performance, and out-of-stock risk."
"SUPPLYCHAIN-00329","2025-03-31","2025-03","Central","Jeddah DC","Seasonal","Inbound","Delayed","Transport","10","11119.9","9763.27","95","26.1","Yes","Controlled","SYNTHETIC DEMO DATA — Inventory levels, stock movement, supplier performance, purchase orders, fulfillment, delivery performance, and out-of-stock risk."
"SUPPLYCHAIN-00330","2025-04-13","2025-04","Eastern","Dammam DC","Imported","Outbound","Fulfilled","Procurement","7","8330.24","6914.1","87","27.75","Yes","Controlled","SYNTHETIC DEMO DATA — Inventory levels, stock movement, supplier performance, purchase orders, fulfillment, delivery performance, and out-of-stock risk."
"SUPPLYCHAIN-00331","2025-04-26","2025-04","Southern","Tabuk Cross-dock","Private Label","Replenishment","Fulfilled","Transport","4","6980.8","5877.83","88","29.4","Yes","Controlled","SYNTHETIC DEMO DATA — Inventory levels, stock movement, supplier performance, purchase orders, fulfillment, delivery performance, and out-of-stock risk."
"SUPPLYCHAIN-00332","2025-05-09","2025-05","Western","Khamis Hub","Fast Moving","Storage","At Risk","Procurement","1","10140.26","8659.78","88","31.05","Yes","At Risk","SYNTHETIC DEMO DATA — Inventory levels, stock movement, supplier performance, purchase orders, fulfillment, delivery performance, and out-of-stock risk."
"SUPPLYCHAIN-00333","2025-05-22","2025-05","Northern","Riyadh DC","Seasonal","Inbound","Delayed","Transport","10","5113.84","4428.59","89","32.7","No","At Risk","SYNTHETIC DEMO DATA — Inventory levels, stock movement, supplier performance, purchase orders, fulfillment, delivery performance, and out-of-stock risk."
"SUPPLYCHAIN-00334","2025-06-04","2025-06","Central","Jeddah DC","Imported","Outbound","Fulfilled","Procurement","7","7557.54","6635.52","90","34.35","No","At Risk","SYNTHETIC DEMO DATA — Inventory levels, stock movement, supplier performance, purchase orders, fulfillment, delivery performance, and out-of-stock risk."
"SUPPLYCHAIN-00335","2025-06-17","2025-06","Eastern","Dammam DC","Private Label","Replenishment","Fulfilled","Transport","4","7407.96","6148.61","91","36","Yes","Controlled","SYNTHETIC DEMO DATA — Inventory levels, stock movement, supplier performance, purchase orders, fulfillment, delivery performance, and out-of-stock risk."
"SUPPLYCHAIN-00336","2025-06-30","2025-06","Southern","Tabuk Cross-dock","Fast Moving","Storage","At Risk","Procurement","1","6401.04","5389.68","92","37.65","Yes","At Risk","SYNTHETIC DEMO DATA — Inventory levels, stock movement, supplier performance, purchase orders, fulfillment, delivery performance, and out-of-stock risk."
"SUPPLYCHAIN-00337","2025-07-13","2025-07","Western","Khamis Hub","Seasonal","Inbound","Delayed","Transport","10","9346.22","7981.67","93","39.3","Yes","Controlled","SYNTHETIC DEMO DATA — Inventory levels, stock movement, supplier performance, purchase orders, fulfillment, delivery performance, and out-of-stock risk."
"SUPPLYCHAIN-00338","2025-07-26","2025-07","Northern","Riyadh DC","Imported","Outbound","Fulfilled","Procurement","7","8038.12","6961.01","94","19.5","Yes","Controlled","SYNTHETIC DEMO DATA — Inventory levels, stock movement, supplier performance, purchase orders, fulfillment, delivery performance, and out-of-stock risk."
"SUPPLYCHAIN-00339","2025-08-08","2025-08","Central","Jeddah DC","Private Label","Replenishment","Fulfilled","Transport","4","11578.11","10165.58","94","21.15","Yes","Controlled","SYNTHETIC DEMO DATA — Inventory levels, stock movement, supplier performance, purchase orders, fulfillment, delivery performance, and out-of-stock risk."
"SUPPLYCHAIN-00340","2025-08-21","2025-08","Eastern","Dammam DC","Fast Moving","Storage","At Risk","Procurement","1","11151.99","9256.15","95","22.8","Yes","At Risk","SYNTHETIC DEMO DATA — Inventory levels, stock movement, supplier performance, purchase orders, fulfillment, delivery performance, and out-of-stock risk."
"SUPPLYCHAIN-00341","2025-09-03","2025-09","Southern","Tabuk Cross-dock","Seasonal","Inbound","Delayed","Transport","10","9788.41","8241.84","87","24.45","Yes","Controlled","SYNTHETIC DEMO DATA — Inventory levels, stock movement, supplier performance, purchase orders, fulfillment, delivery performance, and out-of-stock risk."
"SUPPLYCHAIN-00342","2025-09-16","2025-09","Western","Khamis Hub","Imported","Outbound","Fulfilled","Procurement","7","7912.36","6757.16","88","26.1","No","At Risk","SYNTHETIC DEMO DATA — Inventory levels, stock movement, supplier performance, purchase orders, fulfillment, delivery performance, and out-of-stock risk."
"SUPPLYCHAIN-00343","2025-09-29","2025-09","Northern","Riyadh DC","Private Label","Replenishment","Fulfilled","Transport","4","7040.11","6096.74","88","27.75","No","At Risk","SYNTHETIC DEMO DATA — Inventory levels, stock movement, supplier performance, purchase orders, fulfillment, delivery performance, and out-of-stock risk."
"SUPPLYCHAIN-00344","2025-10-12","2025-10","Central","Jeddah DC","Fast Moving","Storage","At Risk","Procurement","1","7448.99","6540.21","89","29.4","Yes","At Risk","SYNTHETIC DEMO DATA — Inventory levels, stock movement, supplier performance, purchase orders, fulfillment, delivery performance, and out-of-stock risk."
"SUPPLYCHAIN-00345","2025-10-25","2025-10","Eastern","Dammam DC","Seasonal","Inbound","Delayed","Transport","10","7269.49","6033.68","90","31.05","Yes","Controlled","SYNTHETIC DEMO DATA — Inventory levels, stock movement, supplier performance, purchase orders, fulfillment, delivery performance, and out-of-stock risk."
"SUPPLYCHAIN-00346","2025-11-07","2025-11","Southern","Tabuk Cross-dock","Imported","Outbound","Fulfilled","Procurement","7","6532.69","5500.52","91","32.7","Yes","Controlled","SYNTHETIC DEMO DATA — Inventory levels, stock movement, supplier performance, purchase orders, fulfillment, delivery performance, and out-of-stock risk."
"SUPPLYCHAIN-00347","2025-11-20","2025-11","Western","Khamis Hub","Private Label","Replenishment","Fulfilled","Transport","4","9005.49","7690.69","92","34.35","Yes","Controlled","SYNTHETIC DEMO DATA — Inventory levels, stock movement, supplier performance, purchase orders, fulfillment, delivery performance, and out-of-stock risk."
"SUPPLYCHAIN-00348","2025-12-03","2025-12","Northern","Riyadh DC","Fast Moving","Storage","At Risk","Procurement","1","8175.61","7080.08","93","36","Yes","At Risk","SYNTHETIC DEMO DATA — Inventory levels, stock movement, supplier performance, purchase orders, fulfillment, delivery performance, and out-of-stock risk."
"SUPPLYCHAIN-00349","2025-12-16","2025-12","Central","Jeddah DC","Seasonal","Inbound","Delayed","Transport","10","11156.65","9795.54","94","37.65","Yes","Controlled","SYNTHETIC DEMO DATA — Inventory levels, stock movement, supplier performance, purchase orders, fulfillment, delivery performance, and out-of-stock risk."
"SUPPLYCHAIN-00350","2025-12-29","2025-12","Eastern","Dammam DC","Imported","Outbound","Fulfilled","Procurement","7","10902.49","9049.07","94","39.3","Yes","Controlled","SYNTHETIC DEMO DATA — Inventory levels, stock movement, supplier performance, purchase orders, fulfillment, delivery performance, and out-of-stock risk."
"SUPPLYCHAIN-00351","2026-01-11","2026-01","Southern","Tabuk Cross-dock","Private Label","Replenishment","Fulfilled","Transport","4","5687.95","4789.25","95","19.5","No","At Risk","SYNTHETIC DEMO DATA — Inventory levels, stock movement, supplier performance, purchase orders, fulfillment, delivery performance, and out-of-stock risk."
"SUPPLYCHAIN-00352","2026-01-24","2026-01","Western","Khamis Hub","Fast Moving","Storage","At Risk","Procurement","1","7973.42","6809.3","87","21.15","No","At Risk","SYNTHETIC DEMO DATA — Inventory levels, stock movement, supplier performance, purchase orders, fulfillment, delivery performance, and out-of-stock risk."
"SUPPLYCHAIN-00353","2026-02-06","2026-02","Northern","Riyadh DC","Seasonal","Inbound","Delayed","Transport","10","7303.33","6324.68","88","22.8","Yes","Controlled","SYNTHETIC DEMO DATA — Inventory levels, stock movement, supplier performance, purchase orders, fulfillment, delivery performance, and out-of-stock risk."
"SUPPLYCHAIN-00354","2026-02-19","2026-02","Central","Jeddah DC","Imported","Outbound","Fulfilled","Procurement","7","10097.8","8865.87","88","24.45","Yes","Controlled","SYNTHETIC DEMO DATA — Inventory levels, stock movement, supplier performance, purchase orders, fulfillment, delivery performance, and out-of-stock risk."
"SUPPLYCHAIN-00355","2026-03-04","2026-03","Eastern","Dammam DC","Private Label","Replenishment","Fulfilled","Transport","4","10307.24","8555.01","89","26.1","Yes","Controlled","SYNTHETIC DEMO DATA — Inventory levels, stock movement, supplier performance, purchase orders, fulfillment, delivery performance, and out-of-stock risk."
"SUPPLYCHAIN-00356","2026-03-17","2026-03","Southern","Tabuk Cross-dock","Fast Moving","Storage","At Risk","Procurement","1","8687.85","7315.17","90","27.75","Yes","At Risk","SYNTHETIC DEMO DATA — Inventory levels, stock movement, supplier performance, purchase orders, fulfillment, delivery performance, and out-of-stock risk."
"SUPPLYCHAIN-00357","2026-03-30","2026-03","Western","Khamis Hub","Seasonal","Inbound","Delayed","Transport","10","12140.31","10367.82","91","29.4","Yes","Controlled","SYNTHETIC DEMO DATA — Inventory levels, stock movement, supplier performance, purchase orders, fulfillment, delivery performance, and out-of-stock risk."
"SUPPLYCHAIN-00358","2026-04-12","2026-04","Northern","Riyadh DC","Imported","Outbound","Fulfilled","Procurement","7","7909.09","6849.27","92","31.05","Yes","Controlled","SYNTHETIC DEMO DATA — Inventory levels, stock movement, supplier performance, purchase orders, fulfillment, delivery performance, and out-of-stock risk."
"SUPPLYCHAIN-00359","2026-04-25","2026-04","Central","Jeddah DC","Private Label","Replenishment","Fulfilled","Transport","4","10766.21","9452.73","93","32.7","Yes","Controlled","SYNTHETIC DEMO DATA — Inventory levels, stock movement, supplier performance, purchase orders, fulfillment, delivery performance, and out-of-stock risk."
"SUPPLYCHAIN-00360","2026-05-08","2026-05","Eastern","Dammam DC","Fast Moving","Storage","At Risk","Procurement","1","6498.43","5393.7","94","34.35","No","At Risk","SYNTHETIC DEMO DATA — Inventory levels, stock movement, supplier performance, purchase orders, fulfillment, delivery performance, and out-of-stock risk."
"SUPPLYCHAIN-00361","2026-05-21","2026-05","Southern","Tabuk Cross-dock","Seasonal","Inbound","Delayed","Transport","10","5569.96","4689.91","94","36","No","At Risk","SYNTHETIC DEMO DATA — Inventory levels, stock movement, supplier performance, purchase orders, fulfillment, delivery performance, and out-of-stock risk."
"SUPPLYCHAIN-00362","2026-06-03","2026-06","Western","Khamis Hub","Imported","Outbound","Fulfilled","Procurement","7","8225.68","7024.73","95","37.65","Yes","Controlled","SYNTHETIC DEMO DATA — Inventory levels, stock movement, supplier performance, purchase orders, fulfillment, delivery performance, and out-of-stock risk."
"SUPPLYCHAIN-00363","2026-06-16","2026-06","Northern","Riyadh DC","Private Label","Replenishment","Fulfilled","Transport","4","7126.24","6171.32","87","39.3","Yes","Controlled","SYNTHETIC DEMO DATA — Inventory levels, stock movement, supplier performance, purchase orders, fulfillment, delivery performance, and out-of-stock risk."
"SUPPLYCHAIN-00364","2025-01-05","2025-01","Central","Jeddah DC","Fast Moving","Storage","At Risk","Procurement","1","9504.73","8345.15","88","19.5","Yes","At Risk","SYNTHETIC DEMO DATA — Inventory levels, stock movement, supplier performance, purchase orders, fulfillment, delivery performance, and out-of-stock risk."
"SUPPLYCHAIN-00365","2025-01-18","2025-01","Eastern","Dammam DC","Seasonal","Inbound","Delayed","Transport","10","9208.25","7642.85","88","21.15","Yes","Controlled","SYNTHETIC DEMO DATA — Inventory levels, stock movement, supplier performance, purchase orders, fulfillment, delivery performance, and out-of-stock risk."
"SUPPLYCHAIN-00366","2025-01-31","2025-01","Southern","Tabuk Cross-dock","Imported","Outbound","Fulfilled","Procurement","7","7737.81","6515.24","89","22.8","Yes","Controlled","SYNTHETIC DEMO DATA — Inventory levels, stock movement, supplier performance, purchase orders, fulfillment, delivery performance, and out-of-stock risk."
"SUPPLYCHAIN-00367","2025-02-13","2025-02","Western","Khamis Hub","Private Label","Replenishment","Fulfilled","Transport","4","11163.15","9533.33","90","24.45","Yes","Controlled","SYNTHETIC DEMO DATA — Inventory levels, stock movement, supplier performance, purchase orders, fulfillment, delivery performance, and out-of-stock risk."
"SUPPLYCHAIN-00368","2025-02-26","2025-02","Northern","Riyadh DC","Fast Moving","Storage","At Risk","Procurement","1","9521.51","8245.63","91","26.1","Yes","At Risk","SYNTHETIC DEMO DATA — Inventory levels, stock movement, supplier performance, purchase orders, fulfillment, delivery performance, and out-of-stock risk."
"SUPPLYCHAIN-00369","2025-03-11","2025-03","Central","Jeddah DC","Seasonal","Inbound","Delayed","Transport","10","8046.56","7064.88","92","27.75","No","At Risk","SYNTHETIC DEMO DATA — Inventory levels, stock movement, supplier performance, purchase orders, fulfillment, delivery performance, and out-of-stock risk."
"SUPPLYCHAIN-00370","2025-03-24","2025-03","Eastern","Dammam DC","Imported","Outbound","Fulfilled","Procurement","7","7927.23","6579.6","93","29.4","No","At Risk","SYNTHETIC DEMO DATA — Inventory levels, stock movement, supplier performance, purchase orders, fulfillment, delivery performance, and out-of-stock risk."
"SUPPLYCHAIN-00371","2025-04-06","2025-04","Southern","Tabuk Cross-dock","Private Label","Replenishment","Fulfilled","Transport","4","5243.49","4415.02","94","31.05","Yes","Controlled","SYNTHETIC DEMO DATA — Inventory levels, stock movement, supplier performance, purchase orders, fulfillment, delivery performance, and out-of-stock risk."
"SUPPLYCHAIN-00372","2025-04-19","2025-04","Western","Khamis Hub","Fast Moving","Storage","At Risk","Procurement","1","7281.24","6218.18","94","32.7","Yes","At Risk","SYNTHETIC DEMO DATA — Inventory levels, stock movement, supplier performance, purchase orders, fulfillment, delivery performance, and out-of-stock risk."
"SUPPLYCHAIN-00373","2025-05-02","2025-05","Northern","Riyadh DC","Seasonal","Inbound","Delayed","Transport","10","6676.4","5781.76","95","34.35","Yes","Controlled","SYNTHETIC DEMO DATA — Inventory levels, stock movement, supplier performance, purchase orders, fulfillment, delivery performance, and out-of-stock risk."
"SUPPLYCHAIN-00374","2025-05-15","2025-05","Central","Jeddah DC","Imported","Outbound","Fulfilled","Procurement","7","9163.86","8045.87","87","36","Yes","Controlled","SYNTHETIC DEMO DATA — Inventory levels, stock movement, supplier performance, purchase orders, fulfillment, delivery performance, and out-of-stock risk."
"SUPPLYCHAIN-00375","2025-05-28","2025-05","Eastern","Dammam DC","Private Label","Replenishment","Fulfilled","Transport","4","8850.88","7346.23","88","37.65","Yes","Controlled","SYNTHETIC DEMO DATA — Inventory levels, stock movement, supplier performance, purchase orders, fulfillment, delivery performance, and out-of-stock risk."
"SUPPLYCHAIN-00376","2025-06-10","2025-06","Southern","Tabuk Cross-dock","Fast Moving","Storage","At Risk","Procurement","1","7853.4","6612.56","88","39.3","Yes","At Risk","SYNTHETIC DEMO DATA — Inventory levels, stock movement, supplier performance, purchase orders, fulfillment, delivery performance, and out-of-stock risk."
"SUPPLYCHAIN-00377","2025-06-23","2025-06","Western","Khamis Hub","Seasonal","Inbound","Delayed","Transport","10","10736.75","9169.18","89","19.5","Yes","Controlled","SYNTHETIC DEMO DATA — Inventory levels, stock movement, supplier performance, purchase orders, fulfillment, delivery performance, and out-of-stock risk."
"SUPPLYCHAIN-00378","2025-07-06","2025-07","Northern","Riyadh DC","Imported","Outbound","Fulfilled","Procurement","7","5816.53","5037.11","90","21.15","No","At Risk","SYNTHETIC DEMO DATA — Inventory levels, stock movement, supplier performance, purchase orders, fulfillment, delivery performance, and out-of-stock risk."
"SUPPLYCHAIN-00379","2025-07-19","2025-07","Central","Jeddah DC","Private Label","Replenishment","Fulfilled","Transport","4","8118.46","7128.01","91","22.8","No","At Risk","SYNTHETIC DEMO DATA — Inventory levels, stock movement, supplier performance, purchase orders, fulfillment, delivery performance, and out-of-stock risk."
"SUPPLYCHAIN-00380","2025-08-01","2025-08","Eastern","Dammam DC","Fast Moving","Storage","At Risk","Procurement","1","8376.61","6952.59","92","24.45","Yes","At Risk","SYNTHETIC DEMO DATA — Inventory levels, stock movement, supplier performance, purchase orders, fulfillment, delivery performance, and out-of-stock risk."
"SUPPLYCHAIN-00381","2025-08-14","2025-08","Southern","Tabuk Cross-dock","Seasonal","Inbound","Delayed","Transport","10","7112.27","5988.53","93","26.1","Yes","Controlled","SYNTHETIC DEMO DATA — Inventory levels, stock movement, supplier performance, purchase orders, fulfillment, delivery performance, and out-of-stock risk."
"SUPPLYCHAIN-00382","2025-08-27","2025-08","Western","Khamis Hub","Imported","Outbound","Fulfilled","Procurement","7","9838.12","8401.75","94","27.75","Yes","Controlled","SYNTHETIC DEMO DATA — Inventory levels, stock movement, supplier performance, purchase orders, fulfillment, delivery performance, and out-of-stock risk."
"SUPPLYCHAIN-00383","2025-09-09","2025-09","Northern","Riyadh DC","Private Label","Replenishment","Fulfilled","Transport","4","8884.24","7693.75","94","29.4","Yes","Controlled","SYNTHETIC DEMO DATA — Inventory levels, stock movement, supplier performance, purchase orders, fulfillment, delivery performance, and out-of-stock risk."
"SUPPLYCHAIN-00384","2025-09-22","2025-09","Central","Jeddah DC","Fast Moving","Storage","At Risk","Procurement","1","12157.01","10673.85","95","31.05","Yes","At Risk","SYNTHETIC DEMO DATA — Inventory levels, stock movement, supplier performance, purchase orders, fulfillment, delivery performance, and out-of-stock risk."
"SUPPLYCHAIN-00385","2025-10-05","2025-10","Eastern","Dammam DC","Seasonal","Inbound","Delayed","Transport","10","9076.6","7533.58","87","32.7","Yes","Controlled","SYNTHETIC DEMO DATA — Inventory levels, stock movement, supplier performance, purchase orders, fulfillment, delivery performance, and out-of-stock risk."
"SUPPLYCHAIN-00386","2025-10-18","2025-10","Southern","Tabuk Cross-dock","Imported","Outbound","Fulfilled","Procurement","7","7587.41","6388.6","88","34.35","Yes","Controlled","SYNTHETIC DEMO DATA — Inventory levels, stock movement, supplier performance, purchase orders, fulfillment, delivery performance, and out-of-stock risk."
"SUPPLYCHAIN-00387","2025-10-31","2025-10","Western","Khamis Hub","Private Label","Replenishment","Fulfilled","Transport","4","6133.21","5237.76","88","36","No","At Risk","SYNTHETIC DEMO DATA — Inventory levels, stock movement, supplier performance, purchase orders, fulfillment, delivery performance, and out-of-stock risk."
"SUPPLYCHAIN-00388","2025-11-13","2025-11","Northern","Riyadh DC","Fast Moving","Storage","At Risk","Procurement","1","5699.14","4935.46","89","37.65","No","At Risk","SYNTHETIC DEMO DATA — Inventory levels, stock movement, supplier performance, purchase orders, fulfillment, delivery performance, and out-of-stock risk."
"SUPPLYCHAIN-00389","2025-11-26","2025-11","Central","Jeddah DC","Seasonal","Inbound","Delayed","Transport","10","7914.55","6948.97","90","39.3","Yes","Controlled","SYNTHETIC DEMO DATA — Inventory levels, stock movement, supplier performance, purchase orders, fulfillment, delivery performance, and out-of-stock risk."
"SUPPLYCHAIN-00390","2025-12-09","2025-12","Eastern","Dammam DC","Imported","Outbound","Fulfilled","Procurement","7","8178.18","6787.89","91","19.5","Yes","Controlled","SYNTHETIC DEMO DATA — Inventory levels, stock movement, supplier performance, purchase orders, fulfillment, delivery performance, and out-of-stock risk."
"SUPPLYCHAIN-00391","2025-12-22","2025-12","Southern","Tabuk Cross-dock","Private Label","Replenishment","Fulfilled","Transport","4","6916.97","5824.09","92","21.15","Yes","Controlled","SYNTHETIC DEMO DATA — Inventory levels, stock movement, supplier performance, purchase orders, fulfillment, delivery performance, and out-of-stock risk."
"SUPPLYCHAIN-00392","2026-01-04","2026-01","Western","Khamis Hub","Fast Moving","Storage","At Risk","Procurement","1","10236.84","8742.26","93","22.8","Yes","At Risk","SYNTHETIC DEMO DATA — Inventory levels, stock movement, supplier performance, purchase orders, fulfillment, delivery performance, and out-of-stock risk."
"SUPPLYCHAIN-00393","2026-01-17","2026-01","Northern","Riyadh DC","Seasonal","Inbound","Delayed","Transport","10","8777.19","7601.05","94","24.45","Yes","Controlled","SYNTHETIC DEMO DATA — Inventory levels, stock movement, supplier performance, purchase orders, fulfillment, delivery performance, and out-of-stock risk."
"SUPPLYCHAIN-00394","2026-01-30","2026-01","Central","Jeddah DC","Imported","Outbound","Fulfilled","Procurement","7","11977.58","10516.32","94","26.1","Yes","Controlled","SYNTHETIC DEMO DATA — Inventory levels, stock movement, supplier performance, purchase orders, fulfillment, delivery performance, and out-of-stock risk."
"SUPPLYCHAIN-00395","2026-02-12","2026-02","Eastern","Dammam DC","Private Label","Replenishment","Fulfilled","Transport","4","12113.87","10054.51","95","27.75","Yes","Controlled","SYNTHETIC DEMO DATA — Inventory levels, stock movement, supplier performance, purchase orders, fulfillment, delivery performance, and out-of-stock risk."
"SUPPLYCHAIN-00396","2026-02-25","2026-02","Southern","Tabuk Cross-dock","Fast Moving","Storage","At Risk","Procurement","1","5987.32","5041.32","87","29.4","No","At Risk","SYNTHETIC DEMO DATA — Inventory levels, stock movement, supplier performance, purchase orders, fulfillment, delivery performance, and out-of-stock risk."
"SUPPLYCHAIN-00397","2026-03-10","2026-03","Western","Khamis Hub","Seasonal","Inbound","Delayed","Transport","10","8812.73","7526.07","88","31.05","No","At Risk","SYNTHETIC DEMO DATA — Inventory levels, stock movement, supplier performance, purchase orders, fulfillment, delivery performance, and out-of-stock risk."
"SUPPLYCHAIN-00398","2026-03-23","2026-03","Northern","Riyadh DC","Imported","Outbound","Fulfilled","Procurement","7","7668.49","6640.91","88","32.7","Yes","Controlled","SYNTHETIC DEMO DATA — Inventory levels, stock movement, supplier performance, purchase orders, fulfillment, delivery performance, and out-of-stock risk."
"SUPPLYCHAIN-00399","2026-04-05","2026-04","Central","Jeddah DC","Private Label","Replenishment","Fulfilled","Transport","4","8213.88","7211.79","89","34.35","Yes","Controlled","SYNTHETIC DEMO DATA — Inventory levels, stock movement, supplier performance, purchase orders, fulfillment, delivery performance, and out-of-stock risk."
"SUPPLYCHAIN-00400","2026-04-18","2026-04","Eastern","Dammam DC","Fast Moving","Storage","At Risk","Procurement","1","7984.99","6627.54","90","36","Yes","At Risk","SYNTHETIC DEMO DATA — Inventory levels, stock movement, supplier performance, purchase orders, fulfillment, delivery performance, and out-of-stock risk."
"SUPPLYCHAIN-00401","2026-05-01","2026-05","Southern","Tabuk Cross-dock","Seasonal","Inbound","Delayed","Transport","10","7151.11","6021.23","91","37.65","Yes","Controlled","SYNTHETIC DEMO DATA — Inventory levels, stock movement, supplier performance, purchase orders, fulfillment, delivery performance, and out-of-stock risk."
"SUPPLYCHAIN-00402","2026-05-14","2026-05","Western","Khamis Hub","Imported","Outbound","Fulfilled","Procurement","7","9827.87","8393","92","39.3","Yes","Controlled","SYNTHETIC DEMO DATA — Inventory levels, stock movement, supplier performance, purchase orders, fulfillment, delivery performance, and out-of-stock risk."
"SUPPLYCHAIN-00403","2026-05-27","2026-05","Northern","Riyadh DC","Private Label","Replenishment","Fulfilled","Transport","4","8403.41","7277.35","93","19.5","Yes","Controlled","SYNTHETIC DEMO DATA — Inventory levels, stock movement, supplier performance, purchase orders, fulfillment, delivery performance, and out-of-stock risk."
"SUPPLYCHAIN-00404","2026-06-09","2026-06","Central","Jeddah DC","Fast Moving","Storage","At Risk","Procurement","1","12111.99","10634.33","94","21.15","Yes","At Risk","SYNTHETIC DEMO DATA — Inventory levels, stock movement, supplier performance, purchase orders, fulfillment, delivery performance, and out-of-stock risk."
"SUPPLYCHAIN-00405","2026-06-22","2026-06","Eastern","Dammam DC","Seasonal","Inbound","Delayed","Transport","10","6880.69","5710.97","94","22.8","No","At Risk","SYNTHETIC DEMO DATA — Inventory levels, stock movement, supplier performance, purchase orders, fulfillment, delivery performance, and out-of-stock risk."
"SUPPLYCHAIN-00406","2025-01-11","2025-01","Southern","Tabuk Cross-dock","Imported","Outbound","Fulfilled","Procurement","7","5711.24","4808.86","95","24.45","No","At Risk","SYNTHETIC DEMO DATA — Inventory levels, stock movement, supplier performance, purchase orders, fulfillment, delivery performance, and out-of-stock risk."
"SUPPLYCHAIN-00407","2025-01-24","2025-01","Western","Khamis Hub","Private Label","Replenishment","Fulfilled","Transport","4","7965.74","6802.74","87","26.1","Yes","Controlled","SYNTHETIC DEMO DATA — Inventory levels, stock movement, supplier performance, purchase orders, fulfillment, delivery performance, and out-of-stock risk."
"SUPPLYCHAIN-00408","2025-02-06","2025-02","Northern","Riyadh DC","Fast Moving","Storage","At Risk","Procurement","1","7264.26","6290.85","88","27.75","Yes","At Risk","SYNTHETIC DEMO DATA — Inventory levels, stock movement, supplier performance, purchase orders, fulfillment, delivery performance, and out-of-stock risk."
"SUPPLYCHAIN-00409","2025-02-19","2025-02","Central","Jeddah DC","Seasonal","Inbound","Delayed","Transport","10","10004.98","8784.37","88","29.4","Yes","Controlled","SYNTHETIC DEMO DATA — Inventory levels, stock movement, supplier performance, purchase orders, fulfillment, delivery performance, and out-of-stock risk."
"SUPPLYCHAIN-00410","2025-03-04","2025-03","Eastern","Dammam DC","Imported","Outbound","Fulfilled","Procurement","7","10177.54","8447.36","89","31.05","Yes","Controlled","SYNTHETIC DEMO DATA — Inventory levels, stock movement, supplier performance, purchase orders, fulfillment, delivery performance, and out-of-stock risk."
"SUPPLYCHAIN-00411","2025-03-17","2025-03","Southern","Tabuk Cross-dock","Private Label","Replenishment","Fulfilled","Transport","4","8552.31","7201.05","90","32.7","Yes","Controlled","SYNTHETIC DEMO DATA — Inventory levels, stock movement, supplier performance, purchase orders, fulfillment, delivery performance, and out-of-stock risk."
"SUPPLYCHAIN-00412","2025-03-30","2025-03","Western","Khamis Hub","Fast Moving","Storage","At Risk","Procurement","1","11721.31","10010","91","34.35","Yes","At Risk","SYNTHETIC DEMO DATA — Inventory levels, stock movement, supplier performance, purchase orders, fulfillment, delivery performance, and out-of-stock risk."
"SUPPLYCHAIN-00413","2025-04-12","2025-04","Northern","Riyadh DC","Seasonal","Inbound","Delayed","Transport","10","7754.32","6715.24","92","36","Yes","Controlled","SYNTHETIC DEMO DATA — Inventory levels, stock movement, supplier performance, purchase orders, fulfillment, delivery performance, and out-of-stock risk."
"SUPPLYCHAIN-00414","2025-04-25","2025-04","Central","Jeddah DC","Imported","Outbound","Fulfilled","Procurement","7","6241.07","5479.66","93","37.65","No","At Risk","SYNTHETIC DEMO DATA — Inventory levels, stock movement, supplier performance, purchase orders, fulfillment, delivery performance, and out-of-stock risk."
"SUPPLYCHAIN-00415","2025-05-08","2025-05","Eastern","Dammam DC","Private Label","Replenishment","Fulfilled","Transport","4","6532.79","5422.22","94","39.3","No","At Risk","SYNTHETIC DEMO DATA — Inventory levels, stock movement, supplier performance, purchase orders, fulfillment, delivery performance, and out-of-stock risk."
"SUPPLYCHAIN-00416","2025-05-21","2025-05","Southern","Tabuk Cross-dock","Fast Moving","Storage","At Risk","Procurement","1","5571.21","4690.96","94","19.5","Yes","At Risk","SYNTHETIC DEMO DATA — Inventory levels, stock movement, supplier performance, purchase orders, fulfillment, delivery performance, and out-of-stock risk."
"SUPPLYCHAIN-00417","2025-06-03","2025-06","Western","Khamis Hub","Seasonal","Inbound","Delayed","Transport","10","8191.4","6995.46","95","21.15","Yes","Controlled","SYNTHETIC DEMO DATA — Inventory levels, stock movement, supplier performance, purchase orders, fulfillment, delivery performance, and out-of-stock risk."
"SUPPLYCHAIN-00418","2025-06-16","2025-06","Northern","Riyadh DC","Imported","Outbound","Fulfilled","Procurement","7","7069.13","6121.87","87","22.8","Yes","Controlled","SYNTHETIC DEMO DATA — Inventory levels, stock movement, supplier performance, purchase orders, fulfillment, delivery performance, and out-of-stock risk."
"SUPPLYCHAIN-00419","2025-06-29","2025-06","Central","Jeddah DC","Private Label","Replenishment","Fulfilled","Transport","4","9702.91","8519.15","88","24.45","Yes","Controlled","SYNTHETIC DEMO DATA — Inventory levels, stock movement, supplier performance, purchase orders, fulfillment, delivery performance, and out-of-stock risk."
"SUPPLYCHAIN-00420","2025-07-12","2025-07","Eastern","Dammam DC","Fast Moving","Storage","At Risk","Procurement","1","10067.07","8355.67","88","26.1","Yes","At Risk","SYNTHETIC DEMO DATA — Inventory levels, stock movement, supplier performance, purchase orders, fulfillment, delivery performance, and out-of-stock risk."
"SUPPLYCHAIN-00421","2025-07-25","2025-07","Southern","Tabuk Cross-dock","Seasonal","Inbound","Delayed","Transport","10","8436.27","7103.34","89","27.75","Yes","Controlled","SYNTHETIC DEMO DATA — Inventory levels, stock movement, supplier performance, purchase orders, fulfillment, delivery performance, and out-of-stock risk."
"SUPPLYCHAIN-00422","2025-08-07","2025-08","Western","Khamis Hub","Imported","Outbound","Fulfilled","Procurement","7","12140.66","10368.12","90","29.4","Yes","Controlled","SYNTHETIC DEMO DATA — Inventory levels, stock movement, supplier performance, purchase orders, fulfillment, delivery performance, and out-of-stock risk."
"SUPPLYCHAIN-00423","2025-08-20","2025-08","Northern","Riyadh DC","Private Label","Replenishment","Fulfilled","Transport","4","6122.66","5302.22","91","31.05","No","At Risk","SYNTHETIC DEMO DATA — Inventory levels, stock movement, supplier performance, purchase orders, fulfillment, delivery performance, and out-of-stock risk."
"SUPPLYCHAIN-00424","2025-09-02","2025-09","Central","Jeddah DC","Fast Moving","Storage","At Risk","Procurement","1","8973.03","7878.32","92","32.7","No","At Risk","SYNTHETIC DEMO DATA — Inventory levels, stock movement, supplier performance, purchase orders, fulfillment, delivery performance, and out-of-stock risk."
"SUPPLYCHAIN-00425","2025-09-15","2025-09","Eastern","Dammam DC","Seasonal","Inbound","Delayed","Transport","10","8795.44","7300.22","93","34.35","Yes","Controlled","SYNTHETIC DEMO DATA — Inventory levels, stock movement, supplier performance, purchase orders, fulfillment, delivery performance, and out-of-stock risk."
"SUPPLYCHAIN-00426","2025-09-28","2025-09","Southern","Tabuk Cross-dock","Imported","Outbound","Fulfilled","Procurement","7","7597.63","6397.2","94","36","Yes","Controlled","SYNTHETIC DEMO DATA — Inventory levels, stock movement, supplier performance, purchase orders, fulfillment, delivery performance, and out-of-stock risk."
"SUPPLYCHAIN-00427","2025-10-11","2025-10","Western","Khamis Hub","Private Label","Replenishment","Fulfilled","Transport","4","8007.24","6838.18","94","37.65","Yes","Controlled","SYNTHETIC DEMO DATA — Inventory levels, stock movement, supplier performance, purchase orders, fulfillment, delivery performance, and out-of-stock risk."
"SUPPLYCHAIN-00428","2025-10-24","2025-10","Northern","Riyadh DC","Fast Moving","Storage","At Risk","Procurement","1","6886.55","5963.75","95","39.3","Yes","At Risk","SYNTHETIC DEMO DATA — Inventory levels, stock movement, supplier performance, purchase orders, fulfillment, delivery performance, and out-of-stock risk."
"SUPPLYCHAIN-00429","2025-11-06","2025-11","Central","Jeddah DC","Seasonal","Inbound","Delayed","Transport","10","10012.38","8790.87","87","19.5","Yes","Controlled","SYNTHETIC DEMO DATA — Inventory levels, stock movement, supplier performance, purchase orders, fulfillment, delivery performance, and out-of-stock risk."
"SUPPLYCHAIN-00430","2025-11-19","2025-11","Eastern","Dammam DC","Imported","Outbound","Fulfilled","Procurement","7","9643.89","8004.43","88","21.15","Yes","Controlled","SYNTHETIC DEMO DATA — Inventory levels, stock movement, supplier performance, purchase orders, fulfillment, delivery performance, and out-of-stock risk."
"SUPPLYCHAIN-00431","2025-12-02","2025-12","Southern","Tabuk Cross-dock","Private Label","Replenishment","Fulfilled","Transport","4","8535.84","7187.18","88","22.8","Yes","Controlled","SYNTHETIC DEMO DATA — Inventory levels, stock movement, supplier performance, purchase orders, fulfillment, delivery performance, and out-of-stock risk."
"SUPPLYCHAIN-00432","2025-12-15","2025-12","Western","Khamis Hub","Fast Moving","Storage","At Risk","Procurement","1","6899.86","5892.48","89","24.45","No","At Risk","SYNTHETIC DEMO DATA — Inventory levels, stock movement, supplier performance, purchase orders, fulfillment, delivery performance, and out-of-stock risk."
"SUPPLYCHAIN-00433","2025-12-28","2025-12","Northern","Riyadh DC","Seasonal","Inbound","Delayed","Transport","10","6137.44","5315.02","90","26.1","No","At Risk","SYNTHETIC DEMO DATA — Inventory levels, stock movement, supplier performance, purchase orders, fulfillment, delivery performance, and out-of-stock risk."
"SUPPLYCHAIN-00434","2026-01-10","2026-01","Central","Jeddah DC","Imported","Outbound","Fulfilled","Procurement","7","8996.74","7899.14","91","27.75","Yes","Controlled","SYNTHETIC DEMO DATA — Inventory levels, stock movement, supplier performance, purchase orders, fulfillment, delivery performance, and out-of-stock risk."
"SUPPLYCHAIN-00435","2026-01-23","2026-01","Eastern","Dammam DC","Private Label","Replenishment","Fulfilled","Transport","4","8779.95","7287.36","92","29.4","Yes","Controlled","SYNTHETIC DEMO DATA — Inventory levels, stock movement, supplier performance, purchase orders, fulfillment, delivery performance, and out-of-stock risk."
"SUPPLYCHAIN-00436","2026-02-05","2026-02","Southern","Tabuk Cross-dock","Fast Moving","Storage","At Risk","Procurement","1","7816.78","6581.73","93","31.05","Yes","At Risk","SYNTHETIC DEMO DATA — Inventory levels, stock movement, supplier performance, purchase orders, fulfillment, delivery performance, and out-of-stock risk."
"SUPPLYCHAIN-00437","2026-02-18","2026-02","Western","Khamis Hub","Seasonal","Inbound","Delayed","Transport","10","10775.62","9202.38","94","32.7","Yes","Controlled","SYNTHETIC DEMO DATA — Inventory levels, stock movement, supplier performance, purchase orders, fulfillment, delivery performance, and out-of-stock risk."
"SUPPLYCHAIN-00438","2026-03-03","2026-03","Northern","Riyadh DC","Imported","Outbound","Fulfilled","Procurement","7","9701.11","8401.16","94","34.35","Yes","Controlled","SYNTHETIC DEMO DATA — Inventory levels, stock movement, supplier performance, purchase orders, fulfillment, delivery performance, and out-of-stock risk."
"SUPPLYCHAIN-00439","2026-03-16","2026-03","Central","Jeddah DC","Private Label","Replenishment","Fulfilled","Transport","4","13238.38","11623.3","95","36","Yes","Controlled","SYNTHETIC DEMO DATA — Inventory levels, stock movement, supplier performance, purchase orders, fulfillment, delivery performance, and out-of-stock risk."
"SUPPLYCHAIN-00440","2026-03-29","2026-03","Eastern","Dammam DC","Fast Moving","Storage","At Risk","Procurement","1","12933.14","10734.51","87","37.65","Yes","At Risk","SYNTHETIC DEMO DATA — Inventory levels, stock movement, supplier performance, purchase orders, fulfillment, delivery performance, and out-of-stock risk."
"SUPPLYCHAIN-00441","2026-04-11","2026-04","Southern","Tabuk Cross-dock","Seasonal","Inbound","Delayed","Transport","10","4870.28","4100.78","88","39.3","No","At Risk","SYNTHETIC DEMO DATA — Inventory levels, stock movement, supplier performance, purchase orders, fulfillment, delivery performance, and out-of-stock risk."
"SUPPLYCHAIN-00442","2026-04-24","2026-04","Western","Khamis Hub","Imported","Outbound","Fulfilled","Procurement","7","6827.2","5830.43","88","19.5","No","At Risk","SYNTHETIC DEMO DATA — Inventory levels, stock movement, supplier performance, purchase orders, fulfillment, delivery performance, and out-of-stock risk."
"SUPPLYCHAIN-00443","2026-05-07","2026-05","Northern","Riyadh DC","Private Label","Replenishment","Fulfilled","Transport","4","6312.06","5466.24","89","21.15","Yes","Controlled","SYNTHETIC DEMO DATA — Inventory levels, stock movement, supplier performance, purchase orders, fulfillment, delivery performance, and out-of-stock risk."
"SUPPLYCHAIN-00444","2026-05-20","2026-05","Central","Jeddah DC","Fast Moving","Storage","At Risk","Procurement","1","8727.25","7662.53","90","22.8","Yes","At Risk","SYNTHETIC DEMO DATA — Inventory levels, stock movement, supplier performance, purchase orders, fulfillment, delivery performance, and out-of-stock risk."
"SUPPLYCHAIN-00445","2026-06-02","2026-06","Eastern","Dammam DC","Seasonal","Inbound","Delayed","Transport","10","8983.12","7455.99","91","24.45","Yes","Controlled","SYNTHETIC DEMO DATA — Inventory levels, stock movement, supplier performance, purchase orders, fulfillment, delivery performance, and out-of-stock risk."
"SUPPLYCHAIN-00446","2026-06-15","2026-06","Southern","Tabuk Cross-dock","Imported","Outbound","Fulfilled","Procurement","7","7571.76","6375.42","92","26.1","Yes","Controlled","SYNTHETIC DEMO DATA — Inventory levels, stock movement, supplier performance, purchase orders, fulfillment, delivery performance, and out-of-stock risk."
"SUPPLYCHAIN-00447","2025-01-04","2025-01","Western","Khamis Hub","Private Label","Replenishment","Fulfilled","Transport","4","10077.14","8605.88","93","27.75","Yes","Controlled","SYNTHETIC DEMO DATA — Inventory levels, stock movement, supplier performance, purchase orders, fulfillment, delivery performance, and out-of-stock risk."
"SUPPLYCHAIN-00448","2025-01-17","2025-01","Northern","Riyadh DC","Fast Moving","Storage","At Risk","Procurement","1","8616.56","7461.94","94","29.4","Yes","At Risk","SYNTHETIC DEMO DATA — Inventory levels, stock movement, supplier performance, purchase orders, fulfillment, delivery performance, and out-of-stock risk."
"SUPPLYCHAIN-00449","2025-01-30","2025-01","Central","Jeddah DC","Seasonal","Inbound","Delayed","Transport","10","11729.25","10298.28","94","31.05","Yes","Controlled","SYNTHETIC DEMO DATA — Inventory levels, stock movement, supplier performance, purchase orders, fulfillment, delivery performance, and out-of-stock risk."
"SUPPLYCHAIN-00450","2025-02-12","2025-02","Eastern","Dammam DC","Imported","Outbound","Fulfilled","Procurement","7","7013.95","5821.58","95","32.7","No","At Risk","SYNTHETIC DEMO DATA — Inventory levels, stock movement, supplier performance, purchase orders, fulfillment, delivery performance, and out-of-stock risk."
"SUPPLYCHAIN-00451","2025-02-25","2025-02","Southern","Tabuk Cross-dock","Private Label","Replenishment","Fulfilled","Transport","4","6011.83","5061.96","87","34.35","No","At Risk","SYNTHETIC DEMO DATA — Inventory levels, stock movement, supplier performance, purchase orders, fulfillment, delivery performance, and out-of-stock risk."
"SUPPLYCHAIN-00452","2025-03-10","2025-03","Western","Khamis Hub","Fast Moving","Storage","At Risk","Procurement","1","8804.24","7518.82","88","36","Yes","At Risk","SYNTHETIC DEMO DATA — Inventory levels, stock movement, supplier performance, purchase orders, fulfillment, delivery performance, and out-of-stock risk."
"SUPPLYCHAIN-00453","2025-03-23","2025-03","Northern","Riyadh DC","Seasonal","Inbound","Delayed","Transport","10","7627.47","6605.39","88","37.65","Yes","Controlled","SYNTHETIC DEMO DATA — Inventory levels, stock movement, supplier performance, purchase orders, fulfillment, delivery performance, and out-of-stock risk."
"SUPPLYCHAIN-00454","2025-04-05","2025-04","Central","Jeddah DC","Imported","Outbound","Fulfilled","Procurement","7","8148.06","7154","89","39.3","Yes","Controlled","SYNTHETIC DEMO DATA — Inventory levels, stock movement, supplier performance, purchase orders, fulfillment, delivery performance, and out-of-stock risk."
"SUPPLYCHAIN-00455","2025-04-18","2025-04","Eastern","Dammam DC","Private Label","Replenishment","Fulfilled","Transport","4","7893.89","6551.93","90","19.5","Yes","Controlled","SYNTHETIC DEMO DATA — Inventory levels, stock movement, supplier performance, purchase orders, fulfillment, delivery performance, and out-of-stock risk."
"SUPPLYCHAIN-00456","2025-05-01","2025-05","Southern","Tabuk Cross-dock","Fast Moving","Storage","At Risk","Procurement","1","7047.92","5934.35","91","21.15","Yes","At Risk","SYNTHETIC DEMO DATA — Inventory levels, stock movement, supplier performance, purchase orders, fulfillment, delivery performance, and out-of-stock risk."
"SUPPLYCHAIN-00457","2025-05-14","2025-05","Western","Khamis Hub","Seasonal","Inbound","Delayed","Transport","10","9659.48","8249.2","92","22.8","Yes","Controlled","SYNTHETIC DEMO DATA — Inventory levels, stock movement, supplier performance, purchase orders, fulfillment, delivery performance, and out-of-stock risk."
"SUPPLYCHAIN-00458","2025-05-27","2025-05","Northern","Riyadh DC","Imported","Outbound","Fulfilled","Procurement","7","8238.96","7134.94","93","24.45","Yes","Controlled","SYNTHETIC DEMO DATA — Inventory levels, stock movement, supplier performance, purchase orders, fulfillment, delivery performance, and out-of-stock risk."
"SUPPLYCHAIN-00459","2025-06-09","2025-06","Central","Jeddah DC","Private Label","Replenishment","Fulfilled","Transport","4","7021.2","6164.61","94","26.1","No","At Risk","SYNTHETIC DEMO DATA — Inventory levels, stock movement, supplier performance, purchase orders, fulfillment, delivery performance, and out-of-stock risk."
"SUPPLYCHAIN-00460","2025-06-22","2025-06","Eastern","Dammam DC","Fast Moving","Storage","At Risk","Procurement","1","6917.07","5741.17","94","27.75","No","At Risk","SYNTHETIC DEMO DATA — Inventory levels, stock movement, supplier performance, purchase orders, fulfillment, delivery performance, and out-of-stock risk."
"SUPPLYCHAIN-00461","2025-07-05","2025-07","Southern","Tabuk Cross-dock","Seasonal","Inbound","Delayed","Transport","10","6336.75","5335.54","95","29.4","Yes","Controlled","SYNTHETIC DEMO DATA — Inventory levels, stock movement, supplier performance, purchase orders, fulfillment, delivery performance, and out-of-stock risk."
"SUPPLYCHAIN-00462","2025-07-18","2025-07","Western","Khamis Hub","Imported","Outbound","Fulfilled","Procurement","7","8799.36","7514.65","87","31.05","Yes","Controlled","SYNTHETIC DEMO DATA — Inventory levels, stock movement, supplier performance, purchase orders, fulfillment, delivery performance, and out-of-stock risk."
"SUPPLYCHAIN-00463","2025-07-31","2025-07","Northern","Riyadh DC","Private Label","Replenishment","Fulfilled","Transport","4","7593.8","6576.23","88","32.7","Yes","Controlled","SYNTHETIC DEMO DATA — Inventory levels, stock movement, supplier performance, purchase orders, fulfillment, delivery performance, and out-of-stock risk."
"SUPPLYCHAIN-00464","2025-08-13","2025-08","Central","Jeddah DC","Fast Moving","Storage","At Risk","Procurement","1","10971.64","9633.1","88","34.35","Yes","At Risk","SYNTHETIC DEMO DATA — Inventory levels, stock movement, supplier performance, purchase orders, fulfillment, delivery performance, and out-of-stock risk."
"SUPPLYCHAIN-00465","2025-08-26","2025-08","Eastern","Dammam DC","Seasonal","Inbound","Delayed","Transport","10","10596.91","8795.44","89","36","Yes","Controlled","SYNTHETIC DEMO DATA — Inventory levels, stock movement, supplier performance, purchase orders, fulfillment, delivery performance, and out-of-stock risk."
"SUPPLYCHAIN-00466","2025-09-08","2025-09","Southern","Tabuk Cross-dock","Imported","Outbound","Fulfilled","Procurement","7","9324.3","7851.06","90","37.65","Yes","Controlled","SYNTHETIC DEMO DATA — Inventory levels, stock movement, supplier performance, purchase orders, fulfillment, delivery performance, and out-of-stock risk."
"SUPPLYCHAIN-00467","2025-09-21","2025-09","Western","Khamis Hub","Private Label","Replenishment","Fulfilled","Transport","4","12747.69","10886.53","91","39.3","Yes","Controlled","SYNTHETIC DEMO DATA — Inventory levels, stock movement, supplier performance, purchase orders, fulfillment, delivery performance, and out-of-stock risk."
"SUPPLYCHAIN-00468","2025-10-04","2025-10","Northern","Riyadh DC","Fast Moving","Storage","At Risk","Procurement","1","4983.23","4315.48","92","19.5","No","At Risk","SYNTHETIC DEMO DATA — Inventory levels, stock movement, supplier performance, purchase orders, fulfillment, delivery performance, and out-of-stock risk."
"SUPPLYCHAIN-00469","2025-10-17","2025-10","Central","Jeddah DC","Seasonal","Inbound","Delayed","Transport","10","6955.38","6106.82","93","21.15","No","At Risk","SYNTHETIC DEMO DATA — Inventory levels, stock movement, supplier performance, purchase orders, fulfillment, delivery performance, and out-of-stock risk."
"SUPPLYCHAIN-00470","2025-10-30","2025-10","Eastern","Dammam DC","Imported","Outbound","Fulfilled","Procurement","7","6817.72","5658.71","94","22.8","Yes","Controlled","SYNTHETIC DEMO DATA — Inventory levels, stock movement, supplier performance, purchase orders, fulfillment, delivery performance, and out-of-stock risk."
"SUPPLYCHAIN-00471","2025-11-12","2025-11","Southern","Tabuk Cross-dock","Private Label","Replenishment","Fulfilled","Transport","4","6150.46","5178.69","94","24.45","Yes","Controlled","SYNTHETIC DEMO DATA — Inventory levels, stock movement, supplier performance, purchase orders, fulfillment, delivery performance, and out-of-stock risk."
"SUPPLYCHAIN-00472","2025-11-25","2025-11","Western","Khamis Hub","Fast Moving","Storage","At Risk","Procurement","1","8507.7","7265.58","95","26.1","Yes","At Risk","SYNTHETIC DEMO DATA — Inventory levels, stock movement, supplier performance, purchase orders, fulfillment, delivery performance, and out-of-stock risk."
"SUPPLYCHAIN-00473","2025-12-08","2025-12","Northern","Riyadh DC","Seasonal","Inbound","Delayed","Transport","10","7747.37","6709.22","87","27.75","Yes","Controlled","SYNTHETIC DEMO DATA — Inventory levels, stock movement, supplier performance, purchase orders, fulfillment, delivery performance, and out-of-stock risk."
"SUPPLYCHAIN-00474","2025-12-21","2025-12","Central","Jeddah DC","Imported","Outbound","Fulfilled","Procurement","7","10601.34","9307.98","88","29.4","Yes","Controlled","SYNTHETIC DEMO DATA — Inventory levels, stock movement, supplier performance, purchase orders, fulfillment, delivery performance, and out-of-stock risk."
"SUPPLYCHAIN-00475","2026-01-03","2026-01","Eastern","Dammam DC","Private Label","Replenishment","Fulfilled","Transport","4","10962.53","9098.9","88","31.05","Yes","Controlled","SYNTHETIC DEMO DATA — Inventory levels, stock movement, supplier performance, purchase orders, fulfillment, delivery performance, and out-of-stock risk."
"SUPPLYCHAIN-00476","2026-01-16","2026-01","Southern","Tabuk Cross-dock","Fast Moving","Storage","At Risk","Procurement","1","9163.92","7716.02","89","32.7","Yes","At Risk","SYNTHETIC DEMO DATA — Inventory levels, stock movement, supplier performance, purchase orders, fulfillment, delivery performance, and out-of-stock risk."
"SUPPLYCHAIN-00477","2026-01-29","2026-01","Western","Khamis Hub","Seasonal","Inbound","Delayed","Transport","10","7407.56","6326.06","90","34.35","No","At Risk","SYNTHETIC DEMO DATA — Inventory levels, stock movement, supplier performance, purchase orders, fulfillment, delivery performance, and out-of-stock risk."
"SUPPLYCHAIN-00478","2026-02-11","2026-02","Northern","Riyadh DC","Imported","Outbound","Fulfilled","Procurement","7","6819.37","5905.57","91","36","No","At Risk","SYNTHETIC DEMO DATA — Inventory levels, stock movement, supplier performance, purchase orders, fulfillment, delivery performance, and out-of-stock risk."
"SUPPLYCHAIN-00479","2026-02-24","2026-02","Central","Jeddah DC","Private Label","Replenishment","Fulfilled","Transport","4","9470.25","8314.88","92","37.65","Yes","Controlled","SYNTHETIC DEMO DATA — Inventory levels, stock movement, supplier performance, purchase orders, fulfillment, delivery performance, and out-of-stock risk."
"SUPPLYCHAIN-00480","2026-03-09","2026-03","Eastern","Dammam DC","Fast Moving","Storage","At Risk","Procurement","1","9704.15","8054.44","93","39.3","Yes","At Risk","SYNTHETIC DEMO DATA — Inventory levels, stock movement, supplier performance, purchase orders, fulfillment, delivery performance, and out-of-stock risk."
"SUPPLYCHAIN-00481","2026-03-22","2026-03","Southern","Tabuk Cross-dock","Seasonal","Inbound","Delayed","Transport","10","8207.61","6910.81","94","19.5","Yes","Controlled","SYNTHETIC DEMO DATA — Inventory levels, stock movement, supplier performance, purchase orders, fulfillment, delivery performance, and out-of-stock risk."
"SUPPLYCHAIN-00482","2026-04-04","2026-04","Western","Khamis Hub","Imported","Outbound","Fulfilled","Procurement","7","8765.25","7485.52","94","21.15","Yes","Controlled","SYNTHETIC DEMO DATA — Inventory levels, stock movement, supplier performance, purchase orders, fulfillment, delivery performance, and out-of-stock risk."
"SUPPLYCHAIN-00483","2026-04-17","2026-04","Northern","Riyadh DC","Private Label","Replenishment","Fulfilled","Transport","4","7515.43","6508.36","95","22.8","Yes","Controlled","SYNTHETIC DEMO DATA — Inventory levels, stock movement, supplier performance, purchase orders, fulfillment, delivery performance, and out-of-stock risk."
"SUPPLYCHAIN-00484","2026-04-30","2026-04","Central","Jeddah DC","Fast Moving","Storage","At Risk","Procurement","1","10255.75","9004.55","87","24.45","Yes","At Risk","SYNTHETIC DEMO DATA — Inventory levels, stock movement, supplier performance, purchase orders, fulfillment, delivery performance, and out-of-stock risk."
"SUPPLYCHAIN-00485","2026-05-13","2026-05","Eastern","Dammam DC","Seasonal","Inbound","Delayed","Transport","10","10469.69","8689.84","88","26.1","Yes","Controlled","SYNTHETIC DEMO DATA — Inventory levels, stock movement, supplier performance, purchase orders, fulfillment, delivery performance, and out-of-stock risk."
"SUPPLYCHAIN-00486","2026-05-26","2026-05","Southern","Tabuk Cross-dock","Imported","Outbound","Fulfilled","Procurement","7","5174.67","4357.07","88","27.75","No","At Risk","SYNTHETIC DEMO DATA — Inventory levels, stock movement, supplier performance, purchase orders, fulfillment, delivery performance, and out-of-stock risk."
"SUPPLYCHAIN-00487","2026-06-08","2026-06","Western","Khamis Hub","Private Label","Replenishment","Fulfilled","Transport","4","7680.6","6559.23","89","29.4","No","At Risk","SYNTHETIC DEMO DATA — Inventory levels, stock movement, supplier performance, purchase orders, fulfillment, delivery performance, and out-of-stock risk."
"SUPPLYCHAIN-00488","2026-06-21","2026-06","Northern","Riyadh DC","Fast Moving","Storage","At Risk","Procurement","1","6683.36","5787.79","90","31.05","Yes","At Risk","SYNTHETIC DEMO DATA — Inventory levels, stock movement, supplier performance, purchase orders, fulfillment, delivery performance, and out-of-stock risk."
"SUPPLYCHAIN-00489","2025-01-10","2025-01","Central","Jeddah DC","Seasonal","Inbound","Delayed","Transport","10","8948.61","7856.88","91","32.7","Yes","Controlled","SYNTHETIC DEMO DATA — Inventory levels, stock movement, supplier performance, purchase orders, fulfillment, delivery performance, and out-of-stock risk."
"SUPPLYCHAIN-00490","2025-01-23","2025-01","Eastern","Dammam DC","Imported","Outbound","Fulfilled","Procurement","7","8699.25","7220.38","92","34.35","Yes","Controlled","SYNTHETIC DEMO DATA — Inventory levels, stock movement, supplier performance, purchase orders, fulfillment, delivery performance, and out-of-stock risk."
"SUPPLYCHAIN-00491","2025-02-05","2025-02","Southern","Tabuk Cross-dock","Private Label","Replenishment","Fulfilled","Transport","4","7718.41","6498.9","93","36","Yes","Controlled","SYNTHETIC DEMO DATA — Inventory levels, stock movement, supplier performance, purchase orders, fulfillment, delivery performance, and out-of-stock risk."
"SUPPLYCHAIN-00492","2025-02-18","2025-02","Western","Khamis Hub","Fast Moving","Storage","At Risk","Procurement","1","10607.52","9058.82","94","37.65","Yes","At Risk","SYNTHETIC DEMO DATA — Inventory levels, stock movement, supplier performance, purchase orders, fulfillment, delivery performance, and out-of-stock risk."
"SUPPLYCHAIN-00493","2025-03-03","2025-03","Northern","Riyadh DC","Seasonal","Inbound","Delayed","Transport","10","9523.56","8247.4","94","39.3","Yes","Controlled","SYNTHETIC DEMO DATA — Inventory levels, stock movement, supplier performance, purchase orders, fulfillment, delivery performance, and out-of-stock risk."
"SUPPLYCHAIN-00494","2025-03-16","2025-03","Central","Jeddah DC","Imported","Outbound","Fulfilled","Procurement","7","12963.9","11382.3","95","19.5","Yes","Controlled","SYNTHETIC DEMO DATA — Inventory levels, stock movement, supplier performance, purchase orders, fulfillment, delivery performance, and out-of-stock risk."
"SUPPLYCHAIN-00495","2025-03-29","2025-03","Eastern","Dammam DC","Private Label","Replenishment","Fulfilled","Transport","4","7364.65","6112.66","87","21.15","No","At Risk","SYNTHETIC DEMO DATA — Inventory levels, stock movement, supplier performance, purchase orders, fulfillment, delivery performance, and out-of-stock risk."
"SUPPLYCHAIN-00496","2025-04-11","2025-04","Southern","Tabuk Cross-dock","Fast Moving","Storage","At Risk","Procurement","1","4896.03","4122.46","88","22.8","No","At Risk","SYNTHETIC DEMO DATA — Inventory levels, stock movement, supplier performance, purchase orders, fulfillment, delivery performance, and out-of-stock risk."
"SUPPLYCHAIN-00497","2025-04-24","2025-04","Western","Khamis Hub","Seasonal","Inbound","Delayed","Transport","10","6828.74","5831.74","88","24.45","Yes","Controlled","SYNTHETIC DEMO DATA — Inventory levels, stock movement, supplier performance, purchase orders, fulfillment, delivery performance, and out-of-stock risk."
"SUPPLYCHAIN-00498","2025-05-07","2025-05","Northern","Riyadh DC","Imported","Outbound","Fulfilled","Procurement","7","6285.76","5443.47","89","26.1","Yes","Controlled","SYNTHETIC DEMO DATA — Inventory levels, stock movement, supplier performance, purchase orders, fulfillment, delivery performance, and out-of-stock risk."
"SUPPLYCHAIN-00499","2025-05-20","2025-05","Central","Jeddah DC","Private Label","Replenishment","Fulfilled","Transport","4","8657.31","7601.12","90","27.75","Yes","Controlled","SYNTHETIC DEMO DATA — Inventory levels, stock movement, supplier performance, purchase orders, fulfillment, delivery performance, and out-of-stock risk."
"SUPPLYCHAIN-00500","2025-06-02","2025-06","Eastern","Dammam DC","Fast Moving","Storage","At Risk","Procurement","1","8880.63","7370.92","91","29.4","Yes","At Risk","SYNTHETIC DEMO DATA — Inventory levels, stock movement, supplier performance, purchase orders, fulfillment, delivery performance, and out-of-stock risk."
"SUPPLYCHAIN-00501","2025-06-15","2025-06","Southern","Tabuk Cross-dock","Seasonal","Inbound","Delayed","Transport","10","7462.5","6283.42","92","31.05","Yes","Controlled","SYNTHETIC DEMO DATA — Inventory levels, stock movement, supplier performance, purchase orders, fulfillment, delivery performance, and out-of-stock risk."
"SUPPLYCHAIN-00502","2025-06-28","2025-06","Western","Khamis Hub","Imported","Outbound","Fulfilled","Procurement","7","10227.68","8734.44","93","32.7","Yes","Controlled","SYNTHETIC DEMO DATA — Inventory levels, stock movement, supplier performance, purchase orders, fulfillment, delivery performance, and out-of-stock risk."
"SUPPLYCHAIN-00503","2025-07-11","2025-07","Northern","Riyadh DC","Private Label","Replenishment","Fulfilled","Transport","4","9371.07","8115.35","94","34.35","Yes","Controlled","SYNTHETIC DEMO DATA — Inventory levels, stock movement, supplier performance, purchase orders, fulfillment, delivery performance, and out-of-stock risk."
"SUPPLYCHAIN-00504","2025-07-24","2025-07","Central","Jeddah DC","Fast Moving","Storage","At Risk","Procurement","1","7542.31","6622.15","94","36","No","At Risk","SYNTHETIC DEMO DATA — Inventory levels, stock movement, supplier performance, purchase orders, fulfillment, delivery performance, and out-of-stock risk."
"SUPPLYCHAIN-00505","2025-08-06","2025-08","Eastern","Dammam DC","Seasonal","Inbound","Delayed","Transport","10","7821.53","6491.87","95","37.65","No","At Risk","SYNTHETIC DEMO DATA — Inventory levels, stock movement, supplier performance, purchase orders, fulfillment, delivery performance, and out-of-stock risk."
"SUPPLYCHAIN-00506","2025-08-19","2025-08","Southern","Tabuk Cross-dock","Imported","Outbound","Fulfilled","Procurement","7","6670.26","5616.36","87","39.3","Yes","Controlled","SYNTHETIC DEMO DATA — Inventory levels, stock movement, supplier performance, purchase orders, fulfillment, delivery performance, and out-of-stock risk."
"SUPPLYCHAIN-00507","2025-09-01","2025-09","Western","Khamis Hub","Private Label","Replenishment","Fulfilled","Transport","4","9725.61","8305.67","88","19.5","Yes","Controlled","SYNTHETIC DEMO DATA — Inventory levels, stock movement, supplier performance, purchase orders, fulfillment, delivery performance, and out-of-stock risk."
"SUPPLYCHAIN-00508","2025-09-14","2025-09","Northern","Riyadh DC","Fast Moving","Storage","At Risk","Procurement","1","8393.15","7268.47","88","21.15","Yes","At Risk","SYNTHETIC DEMO DATA — Inventory levels, stock movement, supplier performance, purchase orders, fulfillment, delivery performance, and out-of-stock risk."
"SUPPLYCHAIN-00509","2025-09-27","2025-09","Central","Jeddah DC","Seasonal","Inbound","Delayed","Transport","10","11520.22","10114.75","89","22.8","Yes","Controlled","SYNTHETIC DEMO DATA — Inventory levels, stock movement, supplier performance, purchase orders, fulfillment, delivery performance, and out-of-stock risk."
"SUPPLYCHAIN-00510","2025-10-10","2025-10","Eastern","Dammam DC","Imported","Outbound","Fulfilled","Procurement","7","8624.82","7158.6","90","24.45","Yes","Controlled","SYNTHETIC DEMO DATA — Inventory levels, stock movement, supplier performance, purchase orders, fulfillment, delivery performance, and out-of-stock risk."
"SUPPLYCHAIN-00511","2025-10-23","2025-10","Southern","Tabuk Cross-dock","Private Label","Replenishment","Fulfilled","Transport","4","7227.66","6085.69","91","26.1","Yes","Controlled","SYNTHETIC DEMO DATA — Inventory levels, stock movement, supplier performance, purchase orders, fulfillment, delivery performance, and out-of-stock risk."
"SUPPLYCHAIN-00512","2025-11-05","2025-11","Western","Khamis Hub","Fast Moving","Storage","At Risk","Procurement","1","10498.86","8966.03","92","27.75","Yes","At Risk","SYNTHETIC DEMO DATA — Inventory levels, stock movement, supplier performance, purchase orders, fulfillment, delivery performance, and out-of-stock risk."
"SUPPLYCHAIN-00513","2025-11-18","2025-11","Northern","Riyadh DC","Seasonal","Inbound","Delayed","Transport","10","5294.68","4585.19","93","29.4","No","At Risk","SYNTHETIC DEMO DATA — Inventory levels, stock movement, supplier performance, purchase orders, fulfillment, delivery performance, and out-of-stock risk."
"SUPPLYCHAIN-00514","2025-12-01","2025-12","Central","Jeddah DC","Imported","Outbound","Fulfilled","Procurement","7","7824.8","6870.17","94","31.05","No","At Risk","SYNTHETIC DEMO DATA — Inventory levels, stock movement, supplier performance, purchase orders, fulfillment, delivery performance, and out-of-stock risk."
"SUPPLYCHAIN-00515","2025-12-14","2025-12","Eastern","Dammam DC","Private Label","Replenishment","Fulfilled","Transport","4","7669.93","6366.04","94","32.7","Yes","Controlled","SYNTHETIC DEMO DATA — Inventory levels, stock movement, supplier performance, purchase orders, fulfillment, delivery performance, and out-of-stock risk."
"SUPPLYCHAIN-00516","2025-12-27","2025-12","Southern","Tabuk Cross-dock","Fast Moving","Storage","At Risk","Procurement","1","6623.47","5576.96","95","34.35","Yes","At Risk","SYNTHETIC DEMO DATA — Inventory levels, stock movement, supplier performance, purchase orders, fulfillment, delivery performance, and out-of-stock risk."
"SUPPLYCHAIN-00517","2026-01-09","2026-01","Western","Khamis Hub","Seasonal","Inbound","Delayed","Transport","10","9670.99","8259.03","87","36","Yes","Controlled","SYNTHETIC DEMO DATA — Inventory levels, stock movement, supplier performance, purchase orders, fulfillment, delivery performance, and out-of-stock risk."
"SUPPLYCHAIN-00518","2026-01-22","2026-01","Northern","Riyadh DC","Imported","Outbound","Fulfilled","Procurement","7","8317.43","7202.89","88","37.65","Yes","Controlled","SYNTHETIC DEMO DATA — Inventory levels, stock movement, supplier performance, purchase orders, fulfillment, delivery performance, and out-of-stock risk."
"SUPPLYCHAIN-00519","2026-02-04","2026-02","Central","Jeddah DC","Private Label","Replenishment","Fulfilled","Transport","4","11980.44","10518.83","88","39.3","Yes","Controlled","SYNTHETIC DEMO DATA — Inventory levels, stock movement, supplier performance, purchase orders, fulfillment, delivery performance, and out-of-stock risk."
"SUPPLYCHAIN-00520","2026-02-17","2026-02","Eastern","Dammam DC","Fast Moving","Storage","At Risk","Procurement","1","11539.51","9577.79","89","19.5","Yes","At Risk","SYNTHETIC DEMO DATA — Inventory levels, stock movement, supplier performance, purchase orders, fulfillment, delivery performance, and out-of-stock risk."
"SUPPLYCHAIN-00521","2026-03-02","2026-03","Southern","Tabuk Cross-dock","Seasonal","Inbound","Delayed","Transport","10","10128.55","8528.24","90","21.15","Yes","Controlled","SYNTHETIC DEMO DATA — Inventory levels, stock movement, supplier performance, purchase orders, fulfillment, delivery performance, and out-of-stock risk."
"SUPPLYCHAIN-00522","2026-03-15","2026-03","Western","Khamis Hub","Imported","Outbound","Fulfilled","Procurement","7","8187.31","6991.96","91","22.8","No","At Risk","SYNTHETIC DEMO DATA — Inventory levels, stock movement, supplier performance, purchase orders, fulfillment, delivery performance, and out-of-stock risk."
"SUPPLYCHAIN-00523","2026-03-28","2026-03","Northern","Riyadh DC","Private Label","Replenishment","Fulfilled","Transport","4","7280.57","6304.97","92","24.45","No","At Risk","SYNTHETIC DEMO DATA — Inventory levels, stock movement, supplier performance, purchase orders, fulfillment, delivery performance, and out-of-stock risk."
"SUPPLYCHAIN-00524","2026-04-10","2026-04","Central","Jeddah DC","Fast Moving","Storage","At Risk","Procurement","1","7703.41","6763.59","93","26.1","Yes","At Risk","SYNTHETIC DEMO DATA — Inventory levels, stock movement, supplier performance, purchase orders, fulfillment, delivery performance, and out-of-stock risk."
"SUPPLYCHAIN-00525","2026-04-23","2026-04","Eastern","Dammam DC","Seasonal","Inbound","Delayed","Transport","10","7517.79","6239.77","94","27.75","Yes","Controlled","SYNTHETIC DEMO DATA — Inventory levels, stock movement, supplier performance, purchase orders, fulfillment, delivery performance, and out-of-stock risk."
"SUPPLYCHAIN-00526","2026-05-06","2026-05","Southern","Tabuk Cross-dock","Imported","Outbound","Fulfilled","Procurement","7","6755.82","5688.4","94","29.4","Yes","Controlled","SYNTHETIC DEMO DATA — Inventory levels, stock movement, supplier performance, purchase orders, fulfillment, delivery performance, and out-of-stock risk."
"SUPPLYCHAIN-00527","2026-05-19","2026-05","Western","Khamis Hub","Private Label","Replenishment","Fulfilled","Transport","4","9313.07","7953.36","95","31.05","Yes","Controlled","SYNTHETIC DEMO DATA — Inventory levels, stock movement, supplier performance, purchase orders, fulfillment, delivery performance, and out-of-stock risk."
"SUPPLYCHAIN-00528","2026-06-01","2026-06","Northern","Riyadh DC","Fast Moving","Storage","At Risk","Procurement","1","8454.86","7321.91","87","32.7","Yes","At Risk","SYNTHETIC DEMO DATA — Inventory levels, stock movement, supplier performance, purchase orders, fulfillment, delivery performance, and out-of-stock risk."
"SUPPLYCHAIN-00529","2026-06-14","2026-06","Central","Jeddah DC","Seasonal","Inbound","Delayed","Transport","10","11537.72","10130.12","88","34.35","Yes","Controlled","SYNTHETIC DEMO DATA — Inventory levels, stock movement, supplier performance, purchase orders, fulfillment, delivery performance, and out-of-stock risk."
"SUPPLYCHAIN-00530","2025-01-03","2025-01","Eastern","Dammam DC","Imported","Outbound","Fulfilled","Procurement","7","10735.24","8910.25","88","36","Yes","Controlled","SYNTHETIC DEMO DATA — Inventory levels, stock movement, supplier performance, purchase orders, fulfillment, delivery performance, and out-of-stock risk."
"SUPPLYCHAIN-00531","2025-01-16","2025-01","Southern","Tabuk Cross-dock","Private Label","Replenishment","Fulfilled","Transport","4","5305.92","4467.58","89","37.65","No","At Risk","SYNTHETIC DEMO DATA — Inventory levels, stock movement, supplier performance, purchase orders, fulfillment, delivery performance, and out-of-stock risk."
"SUPPLYCHAIN-00532","2025-01-29","2025-01","Western","Khamis Hub","Fast Moving","Storage","At Risk","Procurement","1","7437.89","6351.96","90","39.3","No","At Risk","SYNTHETIC DEMO DATA — Inventory levels, stock movement, supplier performance, purchase orders, fulfillment, delivery performance, and out-of-stock risk."
"SUPPLYCHAIN-00533","2025-02-11","2025-02","Northern","Riyadh DC","Seasonal","Inbound","Delayed","Transport","10","6812.81","5899.89","91","19.5","Yes","Controlled","SYNTHETIC DEMO DATA — Inventory levels, stock movement, supplier performance, purchase orders, fulfillment, delivery performance, and out-of-stock risk."
"SUPPLYCHAIN-00534","2025-02-24","2025-02","Central","Jeddah DC","Imported","Outbound","Fulfilled","Procurement","7","9419.59","8270.4","92","21.15","Yes","Controlled","SYNTHETIC DEMO DATA — Inventory levels, stock movement, supplier performance, purchase orders, fulfillment, delivery performance, and out-of-stock risk."
"SUPPLYCHAIN-00535","2025-03-09","2025-03","Eastern","Dammam DC","Private Label","Replenishment","Fulfilled","Transport","4","9614.96","7980.42","93","22.8","Yes","Controlled","SYNTHETIC DEMO DATA — Inventory levels, stock movement, supplier performance, purchase orders, fulfillment, delivery performance, and out-of-stock risk."
"SUPPLYCHAIN-00536","2025-03-22","2025-03","Southern","Tabuk Cross-dock","Fast Moving","Storage","At Risk","Procurement","1","8104.33","6823.85","94","24.45","Yes","At Risk","SYNTHETIC DEMO DATA — Inventory levels, stock movement, supplier performance, purchase orders, fulfillment, delivery performance, and out-of-stock risk."
"SUPPLYCHAIN-00537","2025-04-04","2025-04","Western","Khamis Hub","Seasonal","Inbound","Delayed","Transport","10","8638.76","7377.5","94","26.1","Yes","Controlled","SYNTHETIC DEMO DATA — Inventory levels, stock movement, supplier performance, purchase orders, fulfillment, delivery performance, and out-of-stock risk."
"SUPPLYCHAIN-00538","2025-04-17","2025-04","Northern","Riyadh DC","Imported","Outbound","Fulfilled","Procurement","7","7386.66","6396.85","95","27.75","Yes","Controlled","SYNTHETIC DEMO DATA — Inventory levels, stock movement, supplier performance, purchase orders, fulfillment, delivery performance, and out-of-stock risk."
"SUPPLYCHAIN-00539","2025-04-30","2025-04","Central","Jeddah DC","Private Label","Replenishment","Fulfilled","Transport","4","10055.05","8828.33","87","29.4","Yes","Controlled","SYNTHETIC DEMO DATA — Inventory levels, stock movement, supplier performance, purchase orders, fulfillment, delivery performance, and out-of-stock risk."
"SUPPLYCHAIN-00540","2025-05-13","2025-05","Eastern","Dammam DC","Fast Moving","Storage","At Risk","Procurement","1","6069.17","5037.41","88","31.05","No","At Risk","SYNTHETIC DEMO DATA — Inventory levels, stock movement, supplier performance, purchase orders, fulfillment, delivery performance, and out-of-stock risk."
"SUPPLYCHAIN-00541","2025-05-26","2025-05","Southern","Tabuk Cross-dock","Seasonal","Inbound","Delayed","Transport","10","5202.04","4380.12","88","32.7","No","At Risk","SYNTHETIC DEMO DATA — Inventory levels, stock movement, supplier performance, purchase orders, fulfillment, delivery performance, and out-of-stock risk."
"SUPPLYCHAIN-00542","2025-06-08","2025-06","Western","Khamis Hub","Imported","Outbound","Fulfilled","Procurement","7","7682.33","6560.71","89","34.35","Yes","Controlled","SYNTHETIC DEMO DATA — Inventory levels, stock movement, supplier performance, purchase orders, fulfillment, delivery performance, and out-of-stock risk."
"SUPPLYCHAIN-00543","2025-06-21","2025-06","Northern","Riyadh DC","Private Label","Replenishment","Fulfilled","Transport","4","6655.51","5763.67","90","36","Yes","Controlled","SYNTHETIC DEMO DATA — Inventory levels, stock movement, supplier performance, purchase orders, fulfillment, delivery performance, and out-of-stock risk."
"SUPPLYCHAIN-00544","2025-07-04","2025-07","Central","Jeddah DC","Fast Moving","Storage","At Risk","Procurement","1","9846.91","8645.59","91","37.65","Yes","At Risk","SYNTHETIC DEMO DATA — Inventory levels, stock movement, supplier performance, purchase orders, fulfillment, delivery performance, and out-of-stock risk."
"SUPPLYCHAIN-00545","2025-07-17","2025-07","Eastern","Dammam DC","Seasonal","Inbound","Delayed","Transport","10","9539.74","7917.98","92","39.3","Yes","Controlled","SYNTHETIC DEMO DATA — Inventory levels, stock movement, supplier performance, purchase orders, fulfillment, delivery performance, and out-of-stock risk."
"SUPPLYCHAIN-00546","2025-07-30","2025-07","Southern","Tabuk Cross-dock","Imported","Outbound","Fulfilled","Procurement","7","8016.37","6749.78","93","19.5","Yes","Controlled","SYNTHETIC DEMO DATA — Inventory levels, stock movement, supplier performance, purchase orders, fulfillment, delivery performance, and out-of-stock risk."
"SUPPLYCHAIN-00547","2025-08-12","2025-08","Western","Khamis Hub","Private Label","Replenishment","Fulfilled","Transport","4","11565.03","9876.54","94","21.15","Yes","Controlled","SYNTHETIC DEMO DATA — Inventory levels, stock movement, supplier performance, purchase orders, fulfillment, delivery performance, and out-of-stock risk."
"SUPPLYCHAIN-00548","2025-08-25","2025-08","Northern","Riyadh DC","Fast Moving","Storage","At Risk","Procurement","1","9864.29","8542.48","94","22.8","Yes","At Risk","SYNTHETIC DEMO DATA — Inventory levels, stock movement, supplier performance, purchase orders, fulfillment, delivery performance, and out-of-stock risk."
"SUPPLYCHAIN-00549","2025-09-07","2025-09","Central","Jeddah DC","Seasonal","Inbound","Delayed","Transport","10","8336.24","7319.22","95","24.45","No","At Risk","SYNTHETIC DEMO DATA — Inventory levels, stock movement, supplier performance, purchase orders, fulfillment, delivery performance, and out-of-stock risk."
"SUPPLYCHAIN-00550","2025-09-20","2025-09","Eastern","Dammam DC","Imported","Outbound","Fulfilled","Procurement","7","8212.61","6816.47","87","26.1","No","At Risk","SYNTHETIC DEMO DATA — Inventory levels, stock movement, supplier performance, purchase orders, fulfillment, delivery performance, and out-of-stock risk."
"SUPPLYCHAIN-00551","2025-10-03","2025-10","Southern","Tabuk Cross-dock","Private Label","Replenishment","Fulfilled","Transport","4","5428.92","4571.15","88","27.75","Yes","Controlled","SYNTHETIC DEMO DATA — Inventory levels, stock movement, supplier performance, purchase orders, fulfillment, delivery performance, and out-of-stock risk."
"SUPPLYCHAIN-00552","2025-10-16","2025-10","Western","Khamis Hub","Fast Moving","Storage","At Risk","Procurement","1","7538.73","6438.08","88","29.4","Yes","At Risk","SYNTHETIC DEMO DATA — Inventory levels, stock movement, supplier performance, purchase orders, fulfillment, delivery performance, and out-of-stock risk."
"SUPPLYCHAIN-00553","2025-10-29","2025-10","Northern","Riyadh DC","Seasonal","Inbound","Delayed","Transport","10","6505.88","5634.09","89","31.05","Yes","Controlled","SYNTHETIC DEMO DATA — Inventory levels, stock movement, supplier performance, purchase orders, fulfillment, delivery performance, and out-of-stock risk."
"SUPPLYCHAIN-00554","2025-11-11","2025-11","Central","Jeddah DC","Imported","Outbound","Fulfilled","Procurement","7","9487.92","8330.39","90","32.7","Yes","Controlled","SYNTHETIC DEMO DATA — Inventory levels, stock movement, supplier performance, purchase orders, fulfillment, delivery performance, and out-of-stock risk."
"SUPPLYCHAIN-00555","2025-11-24","2025-11","Eastern","Dammam DC","Private Label","Replenishment","Fulfilled","Transport","4","9163.87","7606.01","91","34.35","Yes","Controlled","SYNTHETIC DEMO DATA — Inventory levels, stock movement, supplier performance, purchase orders, fulfillment, delivery performance, and out-of-stock risk."
"SUPPLYCHAIN-00556","2025-12-07","2025-12","Southern","Tabuk Cross-dock","Fast Moving","Storage","At Risk","Procurement","1","8131.12","6846.4","92","36","Yes","At Risk","SYNTHETIC DEMO DATA — Inventory levels, stock movement, supplier performance, purchase orders, fulfillment, delivery performance, and out-of-stock risk."
"SUPPLYCHAIN-00557","2025-12-20","2025-12","Western","Khamis Hub","Seasonal","Inbound","Delayed","Transport","10","11116.44","9493.44","93","37.65","Yes","Controlled","SYNTHETIC DEMO DATA — Inventory levels, stock movement, supplier performance, purchase orders, fulfillment, delivery performance, and out-of-stock risk."
"SUPPLYCHAIN-00558","2026-01-02","2026-01","Northern","Riyadh DC","Imported","Outbound","Fulfilled","Procurement","7","6018.65","5212.15","94","39.3","No","At Risk","SYNTHETIC DEMO DATA — Inventory levels, stock movement, supplier performance, purchase orders, fulfillment, delivery performance, and out-of-stock risk."
"SUPPLYCHAIN-00559","2026-01-15","2026-01","Central","Jeddah DC","Private Label","Replenishment","Fulfilled","Transport","4","8400.57","7375.7","94","19.5","No","At Risk","SYNTHETIC DEMO DATA — Inventory levels, stock movement, supplier performance, purchase orders, fulfillment, delivery performance, and out-of-stock risk."
"SUPPLYCHAIN-00560","2026-01-28","2026-01","Eastern","Dammam DC","Fast Moving","Storage","At Risk","Procurement","1","8234.3","6834.47","95","21.15","Yes","At Risk","SYNTHETIC DEMO DATA — Inventory levels, stock movement, supplier performance, purchase orders, fulfillment, delivery performance, and out-of-stock risk."
"SUPPLYCHAIN-00561","2026-02-10","2026-02","Southern","Tabuk Cross-dock","Seasonal","Inbound","Delayed","Transport","10","7359.41","6196.62","87","22.8","Yes","Controlled","SYNTHETIC DEMO DATA — Inventory levels, stock movement, supplier performance, purchase orders, fulfillment, delivery performance, and out-of-stock risk."
"SUPPLYCHAIN-00562","2026-02-23","2026-02","Western","Khamis Hub","Imported","Outbound","Fulfilled","Procurement","7","10179.99","8693.71","88","24.45","Yes","Controlled","SYNTHETIC DEMO DATA — Inventory levels, stock movement, supplier performance, purchase orders, fulfillment, delivery performance, and out-of-stock risk."
"SUPPLYCHAIN-00563","2026-03-08","2026-03","Northern","Riyadh DC","Private Label","Replenishment","Fulfilled","Transport","4","9192.95","7961.09","88","26.1","Yes","Controlled","SYNTHETIC DEMO DATA — Inventory levels, stock movement, supplier performance, purchase orders, fulfillment, delivery performance, and out-of-stock risk."
"SUPPLYCHAIN-00564","2026-03-21","2026-03","Central","Jeddah DC","Fast Moving","Storage","At Risk","Procurement","1","12579.46","11044.77","89","27.75","Yes","At Risk","SYNTHETIC DEMO DATA — Inventory levels, stock movement, supplier performance, purchase orders, fulfillment, delivery performance, and out-of-stock risk."
"SUPPLYCHAIN-00565","2026-04-03","2026-04","Eastern","Dammam DC","Seasonal","Inbound","Delayed","Transport","10","9386.62","7790.89","90","29.4","Yes","Controlled","SYNTHETIC DEMO DATA — Inventory levels, stock movement, supplier performance, purchase orders, fulfillment, delivery performance, and out-of-stock risk."
"SUPPLYCHAIN-00566","2026-04-16","2026-04","Southern","Tabuk Cross-dock","Imported","Outbound","Fulfilled","Procurement","7","7846.56","6606.8","91","31.05","Yes","Controlled","SYNTHETIC DEMO DATA — Inventory levels, stock movement, supplier performance, purchase orders, fulfillment, delivery performance, and out-of-stock risk."
"SUPPLYCHAIN-00567","2026-04-29","2026-04","Western","Khamis Hub","Private Label","Replenishment","Fulfilled","Transport","4","6342.69","5416.66","92","32.7","No","At Risk","SYNTHETIC DEMO DATA — Inventory levels, stock movement, supplier performance, purchase orders, fulfillment, delivery performance, and out-of-stock risk."
"SUPPLYCHAIN-00568","2026-05-12","2026-05","Northern","Riyadh DC","Fast Moving","Storage","At Risk","Procurement","1","5893.8","5104.03","93","34.35","No","At Risk","SYNTHETIC DEMO DATA — Inventory levels, stock movement, supplier performance, purchase orders, fulfillment, delivery performance, and out-of-stock risk."
"SUPPLYCHAIN-00569","2026-05-25","2026-05","Central","Jeddah DC","Seasonal","Inbound","Delayed","Transport","10","8184.88","7186.32","94","36","Yes","Controlled","SYNTHETIC DEMO DATA — Inventory levels, stock movement, supplier performance, purchase orders, fulfillment, delivery performance, and out-of-stock risk."
"SUPPLYCHAIN-00570","2026-06-07","2026-06","Eastern","Dammam DC","Imported","Outbound","Fulfilled","Procurement","7","8457.51","7019.73","94","37.65","Yes","Controlled","SYNTHETIC DEMO DATA — Inventory levels, stock movement, supplier performance, purchase orders, fulfillment, delivery performance, and out-of-stock risk."
"SUPPLYCHAIN-00571","2026-06-20","2026-06","Southern","Tabuk Cross-dock","Private Label","Replenishment","Fulfilled","Transport","4","7153.22","6023.01","95","39.3","Yes","Controlled","SYNTHETIC DEMO DATA — Inventory levels, stock movement, supplier performance, purchase orders, fulfillment, delivery performance, and out-of-stock risk."
"SUPPLYCHAIN-00572","2025-01-09","2025-01","Western","Khamis Hub","Fast Moving","Storage","At Risk","Procurement","1","9549.29","8155.09","87","19.5","Yes","At Risk","SYNTHETIC DEMO DATA — Inventory levels, stock movement, supplier performance, purchase orders, fulfillment, delivery performance, and out-of-stock risk."
"SUPPLYCHAIN-00573","2025-01-22","2025-01","Northern","Riyadh DC","Seasonal","Inbound","Delayed","Transport","10","8187.68","7090.53","88","21.15","Yes","Controlled","SYNTHETIC DEMO DATA — Inventory levels, stock movement, supplier performance, purchase orders, fulfillment, delivery performance, and out-of-stock risk."
"SUPPLYCHAIN-00574","2025-02-04","2025-02","Central","Jeddah DC","Imported","Outbound","Fulfilled","Procurement","7","11761.18","10326.32","88","22.8","Yes","Controlled","SYNTHETIC DEMO DATA — Inventory levels, stock movement, supplier performance, purchase orders, fulfillment, delivery performance, and out-of-stock risk."
"SUPPLYCHAIN-00575","2025-02-17","2025-02","Eastern","Dammam DC","Private Label","Replenishment","Fulfilled","Transport","4","11300.26","9379.22","89","24.45","Yes","Controlled","SYNTHETIC DEMO DATA — Inventory levels, stock movement, supplier performance, purchase orders, fulfillment, delivery performance, and out-of-stock risk."
"SUPPLYCHAIN-00576","2025-03-02","2025-03","Southern","Tabuk Cross-dock","Fast Moving","Storage","At Risk","Procurement","1","5864.44","4937.86","90","26.1","No","At Risk","SYNTHETIC DEMO DATA — Inventory levels, stock movement, supplier performance, purchase orders, fulfillment, delivery performance, and out-of-stock risk."
"SUPPLYCHAIN-00577","2025-03-15","2025-03","Western","Khamis Hub","Seasonal","Inbound","Delayed","Transport","10","8220.83","7020.59","91","27.75","No","At Risk","SYNTHETIC DEMO DATA — Inventory levels, stock movement, supplier performance, purchase orders, fulfillment, delivery performance, and out-of-stock risk."
"SUPPLYCHAIN-00578","2025-03-28","2025-03","Northern","Riyadh DC","Imported","Outbound","Fulfilled","Procurement","7","7153.45","6194.89","92","29.4","Yes","Controlled","SYNTHETIC DEMO DATA — Inventory levels, stock movement, supplier performance, purchase orders, fulfillment, delivery performance, and out-of-stock risk."
"SUPPLYCHAIN-00579","2025-04-10","2025-04","Central","Jeddah DC","Private Label","Replenishment","Fulfilled","Transport","4","7671.31","6735.41","93","31.05","Yes","Controlled","SYNTHETIC DEMO DATA — Inventory levels, stock movement, supplier performance, purchase orders, fulfillment, delivery performance, and out-of-stock risk."
"SUPPLYCHAIN-00580","2025-04-23","2025-04","Eastern","Dammam DC","Fast Moving","Storage","At Risk","Procurement","1","7457.55","6189.77","94","32.7","Yes","At Risk","SYNTHETIC DEMO DATA — Inventory levels, stock movement, supplier performance, purchase orders, fulfillment, delivery performance, and out-of-stock risk."
"SUPPLYCHAIN-00581","2025-05-06","2025-05","Southern","Tabuk Cross-dock","Seasonal","Inbound","Delayed","Transport","10","6678.74","5623.5","94","34.35","Yes","Controlled","SYNTHETIC DEMO DATA — Inventory levels, stock movement, supplier performance, purchase orders, fulfillment, delivery performance, and out-of-stock risk."
"SUPPLYCHAIN-00582","2025-05-19","2025-05","Western","Khamis Hub","Imported","Outbound","Fulfilled","Procurement","7","9178.69","7838.6","95","36","Yes","Controlled","SYNTHETIC DEMO DATA — Inventory levels, stock movement, supplier performance, purchase orders, fulfillment, delivery performance, and out-of-stock risk."
"SUPPLYCHAIN-00583","2025-06-01","2025-06","Northern","Riyadh DC","Private Label","Replenishment","Fulfilled","Transport","4","8309.99","7196.45","87","37.65","Yes","Controlled","SYNTHETIC DEMO DATA — Inventory levels, stock movement, supplier performance, purchase orders, fulfillment, delivery performance, and out-of-stock risk."
"SUPPLYCHAIN-00584","2025-06-14","2025-06","Central","Jeddah DC","Fast Moving","Storage","At Risk","Procurement","1","11311.93","9931.87","88","39.3","Yes","At Risk","SYNTHETIC DEMO DATA — Inventory levels, stock movement, supplier performance, purchase orders, fulfillment, delivery performance, and out-of-stock risk."
"SUPPLYCHAIN-00585","2025-06-27","2025-06","Eastern","Dammam DC","Seasonal","Inbound","Delayed","Transport","10","6426.18","5333.73","88","19.5","No","At Risk","SYNTHETIC DEMO DATA — Inventory levels, stock movement, supplier performance, purchase orders, fulfillment, delivery performance, and out-of-stock risk."
"SUPPLYCHAIN-00586","2025-07-10","2025-07","Southern","Tabuk Cross-dock","Imported","Outbound","Fulfilled","Procurement","7","5916.84","4981.98","89","21.15","No","At Risk","SYNTHETIC DEMO DATA — Inventory levels, stock movement, supplier performance, purchase orders, fulfillment, delivery performance, and out-of-stock risk."
"SUPPLYCHAIN-00587","2025-07-23","2025-07","Western","Khamis Hub","Private Label","Replenishment","Fulfilled","Transport","4","8252.51","7047.64","90","22.8","Yes","Controlled","SYNTHETIC DEMO DATA — Inventory levels, stock movement, supplier performance, purchase orders, fulfillment, delivery performance, and out-of-stock risk."
"SUPPLYCHAIN-00588","2025-08-05","2025-08","Northern","Riyadh DC","Fast Moving","Storage","At Risk","Procurement","1","7525.77","6517.32","91","24.45","Yes","At Risk","SYNTHETIC DEMO DATA — Inventory levels, stock movement, supplier performance, purchase orders, fulfillment, delivery performance, and out-of-stock risk."
"SUPPLYCHAIN-00589","2025-08-18","2025-08","Central","Jeddah DC","Seasonal","Inbound","Delayed","Transport","10","10365.16","9100.61","92","26.1","Yes","Controlled","SYNTHETIC DEMO DATA — Inventory levels, stock movement, supplier performance, purchase orders, fulfillment, delivery performance, and out-of-stock risk."
"SUPPLYCHAIN-00590","2025-08-31","2025-08","Eastern","Dammam DC","Imported","Outbound","Fulfilled","Procurement","7","10041.84","8334.73","93","27.75","Yes","Controlled","SYNTHETIC DEMO DATA — Inventory levels, stock movement, supplier performance, purchase orders, fulfillment, delivery performance, and out-of-stock risk."
"SUPPLYCHAIN-00591","2025-09-13","2025-09","Southern","Tabuk Cross-dock","Private Label","Replenishment","Fulfilled","Transport","4","8860.2","7460.29","94","29.4","Yes","Controlled","SYNTHETIC DEMO DATA — Inventory levels, stock movement, supplier performance, purchase orders, fulfillment, delivery performance, and out-of-stock risk."
"SUPPLYCHAIN-00592","2025-09-26","2025-09","Western","Khamis Hub","Fast Moving","Storage","At Risk","Procurement","1","12143.28","10370.36","94","31.05","Yes","At Risk","SYNTHETIC DEMO DATA — Inventory levels, stock movement, supplier performance, purchase orders, fulfillment, delivery performance, and out-of-stock risk."
"SUPPLYCHAIN-00593","2025-10-09","2025-10","Northern","Riyadh DC","Seasonal","Inbound","Delayed","Transport","10","8028.54","6952.72","95","32.7","Yes","Controlled","SYNTHETIC DEMO DATA — Inventory levels, stock movement, supplier performance, purchase orders, fulfillment, delivery performance, and out-of-stock risk."
"SUPPLYCHAIN-00594","2025-10-22","2025-10","Central","Jeddah DC","Imported","Outbound","Fulfilled","Procurement","7","6461.77","5673.43","87","34.35","No","At Risk","SYNTHETIC DEMO DATA — Inventory levels, stock movement, supplier performance, purchase orders, fulfillment, delivery performance, and out-of-stock risk."
"SUPPLYCHAIN-00595","2025-11-04","2025-11","Eastern","Dammam DC","Private Label","Replenishment","Fulfilled","Transport","4","6763.81","5613.96","88","36","No","At Risk","SYNTHETIC DEMO DATA — Inventory levels, stock movement, supplier performance, purchase orders, fulfillment, delivery performance, and out-of-stock risk."
"SUPPLYCHAIN-00596","2025-11-17","2025-11","Southern","Tabuk Cross-dock","Fast Moving","Storage","At Risk","Procurement","1","5768.23","4856.85","88","37.65","Yes","At Risk","SYNTHETIC DEMO DATA — Inventory levels, stock movement, supplier performance, purchase orders, fulfillment, delivery performance, and out-of-stock risk."
"SUPPLYCHAIN-00597","2025-11-30","2025-11","Western","Khamis Hub","Seasonal","Inbound","Delayed","Transport","10","8009.91","6840.46","89","39.3","Yes","Controlled","SYNTHETIC DEMO DATA — Inventory levels, stock movement, supplier performance, purchase orders, fulfillment, delivery performance, and out-of-stock risk."
"SUPPLYCHAIN-00598","2025-12-13","2025-12","Northern","Riyadh DC","Imported","Outbound","Fulfilled","Procurement","7","7319.12","6338.36","90","19.5","Yes","Controlled","SYNTHETIC DEMO DATA — Inventory levels, stock movement, supplier performance, purchase orders, fulfillment, delivery performance, and out-of-stock risk."
"SUPPLYCHAIN-00599","2025-12-26","2025-12","Central","Jeddah DC","Private Label","Replenishment","Fulfilled","Transport","4","10046.04","8820.42","91","21.15","Yes","Controlled","SYNTHETIC DEMO DATA — Inventory levels, stock movement, supplier performance, purchase orders, fulfillment, delivery performance, and out-of-stock risk."
"SUPPLYCHAIN-00600","2026-01-08","2026-01","Eastern","Dammam DC","Fast Moving","Storage","At Risk","Procurement","1","10416.89","8646.02","92","22.8","Yes","At Risk","SYNTHETIC DEMO DATA — Inventory levels, stock movement, supplier performance, purchase orders, fulfillment, delivery performance, and out-of-stock risk."
